id,level,role,failedChecks,meter,barBeats,meterSuspect,timeline,songBeats,key,detectedKey,keyConfidence,keyDetermined,keyAgrees,notes,range,medianMidi,maximumStop,upperNotes,missedOpens,maxLeap,wideLeapPct,minimumAttackMs,shortestAttackBeats,longestNoteBeats,attacksPer4Beats,repeatedPitchPct,maximumHandShiftMm,measuredDifficulty,entryBeats,entrySeconds,tailBeats,maxGapBeats,liveGapBeats,fillPct,attacks,distinctPitches,pitchClasses,accidentals,accidentalsEitherMode,inKeyDetectedPct,rootPct,rootFifthPct,chordTonePct,bassDoublingPct,rootNullBestPct,rootDiscriminating,openStringPct,belowOpenGPct,stoppedBelowOpenG,extensions,declaredDifficulty,storedLineTier,difficultyMislabelled
"bach-minuet-in-g-bwv-anh114","Beginner","roots","1","3/4","3","yes","backing","24","G major","G major","0.25","yes","yes","24","C2–D3","43","0","0","0","7","0","498","1","1","4","78","0","Beginner","0","0","0","0.3","0.3","79","24","3","3","0","0","100","100","100","100","100","100","no","100","25","0","0","Intermediate","Intermediate",""
"bach-minuet-in-g-bwv-anh114","Intermediate","bass","0","3/4","3","yes","backing","24","G major","G major","0.25","yes","yes","8","G2–D3","48","5","0","0","7","0","1500","3","3","1.33","29","0","Beginner","0","0","0","0","0","100","8","3","3","0","0","100","100","100","100","100","100","no","75","0","0","0","Intermediate","Intermediate",""
"bach-minuet-in-g-bwv-anh114","Advanced","melody","0","3/4","3","yes","backing","24","G major","G major","0.25","yes","yes","32","F#2–G3","47","6","0","0","12","6","250","0.5","2.7","5.34","6","0","Intermediate","0","0","0.3","0.1","0.1","90","32","9","7","0","0","100","31","44","63","31","44","no","38","3","1","1","Intermediate","Intermediate",""
"bach-minuet-in-g-bwv-anh114","Expert","melody","0","3/4","3","yes","backing","24","G major","G major","0.25","yes","yes","32","F#2–G3","47","6","0","0","12","6","250","0.5","2.7","5.34","6","0","Intermediate","0","0","0.3","0.1","0.1","90","32","9","7","0","0","100","31","44","63","31","44","no","38","3","1","1","Intermediate","Intermediate",""
"bach-prelude-bwv1007-bars1-4","Beginner","roots","1","4/4","4","","backing","16","G major","G major","0.23","yes","yes","12","G2–D3","45","2","0","0","7","0","740","0.89","1","3","73","0","Beginner","0.5","0.4","0","1.2","1.2","58","12","3","3","0","0","100","100","100","100","67","100","no","83","0","0","0","Advanced","Advanced",""
"bach-prelude-bwv1007-bars1-4","Intermediate","bass","1","4/4","4","","backing","16","G major","G major","0.23","yes","yes","20","G3–C4","55","5","0","0","5","0","395","0.47","1.8","5.01","58","0","Beginner","0","0","0","0.8","0.8","62","20","3","3","0","0","100","60","70","70","100","70","no","20","0","0","0","Advanced","Advanced",""
"bach-prelude-bwv1007-bars1-4","Advanced","melody","0","4/4","4","","backing","16","G major","G major","0.23","yes","yes","32","G2–C4","59","5","0","0","12","3","416","0.5","0.2","8.01","45","0","Beginner","0","0","0","0.5","0.5","45","32","5","3","0","0","100","19","25","75","50","25","no","3","0","0","0","Advanced","Advanced",""
"bach-prelude-bwv1007-bars1-4","Expert","melody","0","4/4","4","","backing","16","G major","G major","0.23","yes","yes","64","G2–C4","57","5","0","0","12","43","208","0.25","0.2","16.02","0","0","Advanced","0","0","0","0","0","90","64","8","7","0","0","100","28","38","84","63","31","yes","28","0","0","0","Advanced","Advanced",""
"debussy-clair-de-lune","Beginner","roots","4","4/4","4","","backing","563.8","D♭ major","D♭ major","0.1","no","yes","301","D#3–C#4","54","10","47","0","9","8","422","0.84","1.7","2.14","60","37","Beginner","0","0","0","26.3","26.3","47","301","6","6","0","0","100","70","79","91","95","74","yes","0","0","0","0","Intermediate","Advanced","Intermediate→Advanced"
"debussy-clair-de-lune","Intermediate","bass","0","4/4","4","","backing","563.8","D♭ major","D♭ major","0.1","no","yes","278","C2–C#4","44","5","0","0","9","10","335","0.67","7.4","1.97","25","37","Beginner","0","0","0","21.9","15.2","67","278","19","11","22","1","92","72","78","89","98","75","yes","2","34","91","0","Intermediate","Advanced","Intermediate→Advanced"
"debussy-clair-de-lune","Advanced","melody","1","4/4","4","","backing","563.8","D♭ major","D♭ major","0.1","no","yes","333","C2–C#4","49","11","103","0","12","19","250","0.5","7.5","2.36","15","37","Intermediate","0","0","1","15.4","11.9","64","333","23","11","21","1","94","44","59","88","33","47","yes","1","20","66","126","Intermediate","Advanced","Intermediate→Advanced"
"debussy-clair-de-lune","Expert","melody","1","4/4","4","","backing","563.8","D♭ major","D♭ major","0.1","no","yes","582","C2–C#4","47","8","32","0","12","22","10","0.02","11.7","4.13","7","37","Advanced","0","0","1","4.4","3","74","582","24","11","52","2","91","48","62","91","36","51","yes","3","26","143","263","Intermediate","Advanced","Intermediate→Advanced"
"dies-irae","Beginner","roots","1","4/4","4","","backing","32","D minor","D minor","0.11","no","yes","32","D3–D3","50","0","0","0","0","0","749","1","1","4","100","0","Beginner","0","0","0","0.3","0.3","73","32","1","1","0","0","100","88","88","88","100","100","no","100","0","0","0","Beginner","Beginner",""
"dies-irae","Intermediate","bass","0","4/4","4","","backing","32","D minor","D minor","0.11","no","yes","8","D2–D2","38","2","0","0","0","0","3000","4","4","1","100","0","Beginner","0","0","0","0","0","100","8","1","1","0","0","100","100","100","100","100","100","no","0","100","8","0","Beginner","Beginner",""
"dies-irae","Advanced","melody","0","4/4","4","","backing","32","D minor","D minor","0.11","no","yes","21","C2–F3","41","5","0","0","11","10","750","1","3.6","2.63","0","0","Beginner","0","0","0.4","0.2","0.2","90","21","8","4","0","0","100","29","29","71","29","29","no","19","71","13","0","Beginner","Beginner",""
"dies-irae","Expert","melody","0","4/4","4","","backing","32","D minor","D minor","0.11","no","yes","21","C2–F3","41","5","0","0","11","10","750","1","3.6","2.63","0","0","Beginner","0","0","0.4","0.2","0.2","90","21","8","4","0","0","100","29","29","71","29","29","no","19","71","13","0","Beginner","Beginner",""
"fur-elise-opening","Beginner","roots","1","3/8","1.5","yes","backing","12.5","E major","E major","0.03","no","yes","15","E3–A3","57","2","0","0","5","0","476","0.57","1","4.81","71","0","Beginner","0.5","0.4","0","0.5","0.5","67","15","2","2","0","0","100","73","73","73","100","100","no","87","0","0","0","Intermediate","Advanced","Intermediate→Advanced"
"fur-elise-opening","Intermediate","bass","0","3/8","1.5","yes","backing","12.5","E major","E major","0.03","no","yes","9","E2–E3","45","4","0","0","7","0","417","0.5","1.5","2.88","38","0","Beginner","0","0","0","0.3","0.3","97","9","3","2","0","0","100","100","100","100","100","100","no","0","22","2","0","Intermediate","Advanced","Intermediate→Advanced"
"fur-elise-opening","Advanced","melody","0","3/8","1.5","yes","backing","12.5","E major","E major","0.03","no","yes","18","E2–E3","48","5","0","0","7","0","416","0.5","0.4","5.77","24","37","Beginner","0","0","1","0.5","0.5","43","18","7","6","4","0","78","61","72","89","22","72","no","11","11","2","1","Intermediate","Advanced","Intermediate→Advanced"
"fur-elise-opening","Expert","melody","0","3/8","1.5","yes","backing","12.5","E major","E major","0.03","no","yes","35","C2–E3","47","5","0","0","12","15","208","0.25","0.4","11.22","0","37","Advanced","0","0","1","0.3","0.3","74","35","9","7","8","0","77","49","66","80","14","60","yes","11","20","5","5","Intermediate","Advanced","Intermediate→Advanced"
"gymnopedie-no-1","Beginner","roots","1","3/4","3","yes","backing","455.9","D major","D major","0.31","yes","yes","266","D3–C#4","52","5","0","0","9","5","420","0.84","1.7","2.33","67","0","Beginner","0.8","0.4","0","7.8","6.3","50","266","6","6","0","0","100","86","89","97","99","87","yes","65","0","0","0","Beginner","Beginner",""
"gymnopedie-no-1","Intermediate","bass","0","3/4","3","yes","backing","455.9","D major","D major","0.31","yes","yes","288","C2–D4","50","5","0","0","9","8","334","0.67","7.6","2.53","36","0","Beginner","0","0","0","1.2","1.2","90","288","17","9","20","0","93","85","90","97","100","85","yes","26","16","42","0","Beginner","Beginner",""
"gymnopedie-no-1","Advanced","melody","1","3/4","3","yes","backing","455.9","D major","D major","0.31","yes","yes","134","D2–A3","48","6","17","0","12","12","770","1.54","8.8","1.18","13","0","Beginner","0","0","0.2","4.4","3","69","134","15","9","13","0","90","64","78","94","31","65","yes","28","25","34","15","Beginner","Beginner",""
"gymnopedie-no-1","Expert","melody","1","3/4","3","yes","backing","455.9","D major","D major","0.31","yes","yes","149","D2–A3","47","6","18","0","12","16","12","0.02","8.8","1.31","12","0","Beginner","0","0","0.2","4.4","3","69","149","15","9","13","0","91","66","79","95","36","66","yes","26","30","44","17","Beginner","Beginner",""
"moonlight-sonata-mvt1-opening","Beginner","roots","3","4/4","4","","backing","20","C♯ minor","C♯ minor","0.21","yes","yes","20","C#2–C#4","45","4","0","0","9","11","1105","0.99","1","4","84","37","Beginner","0","0","0","0.3","0.3","77","20","4","3","0","0","100","100","100","100","100","100","no","0","40","8","0","Advanced","Advanced",""
"moonlight-sonata-mvt1-opening","Intermediate","bass","0","4/4","4","","backing","20","C♯ minor","C♯ minor","0.21","yes","yes","5","C#2–C#4","45","4","0","0","9","50","4444","4","4","1","25","37","Beginner","0","0","0","0","0","100","5","4","3","0","0","100","100","100","100","100","100","no","0","40","2","0","Advanced","Advanced",""
"moonlight-sonata-mvt1-opening","Advanced","melody","0","4/4","4","","backing","20","C♯ minor","C♯ minor","0.21","yes","yes","60","G#2–F#3","49","6","0","0","10","27","370","0.33","0.3","12.01","0","37","Advanced","0","0","0","0","0","90","60","7","7","4","2","93","33","60","83","30","37","yes","3","0","0","32","Advanced","Advanced",""
"moonlight-sonata-mvt1-opening","Expert","melody","0","4/4","4","","backing","20","C♯ minor","C♯ minor","0.21","yes","yes","60","G#2–F#3","49","6","0","0","10","27","370","0.33","0.3","12.01","0","37","Advanced","0","0","0","0","0","90","60","7","7","4","2","93","33","60","83","30","37","yes","3","0","0","32","Advanced","Advanced",""
"ode-to-joy","Beginner","roots","2","4/4","4","","backing","32","D major","D major","0.09","no","yes","32","D3–A3","55","5","0","0","7","0","574","0.99","1","4","77","0","Beginner","0","0","0","0.3","0.3","79","32","3","3","0","0","100","53","53","66","100","88","no","88","0","0","0","Intermediate","Intermediate",""
"ode-to-joy","Intermediate","bass","0","4/4","4","","backing","32","D major","D major","0.09","no","yes","8","D2–A2","43","2","0","0","7","0","2307","4","4","1","0","0","Beginner","0","0","0","0","0","100","8","3","3","0","0","100","75","75","88","100","88","no","13","50","4","0","Intermediate","Intermediate",""
"ode-to-joy","Advanced","melody","0","4/4","4","","backing","32","D major","D major","0.09","no","yes","30","D2–A2","42","6","0","0","2","0","289","0.5","1.8","3.75","31","0","Intermediate","0","0","0.2","0.2","0.2","90","30","5","5","0","0","100","60","60","87","20","67","no","13","73","22","9","Intermediate","Intermediate",""
"ode-to-joy","Expert","melody","0","4/4","4","","backing","32","D major","D major","0.09","no","yes","30","D2–A2","42","6","0","0","2","0","289","0.5","1.8","3.75","31","0","Intermediate","0","0","0.2","0.2","0.2","90","30","5","5","0","0","100","60","60","87","20","67","no","13","73","22","9","Intermediate","Intermediate",""
"pachelbel-canon-ground-bass","Beginner","roots","1","4/4","4","","backing","48","D major","D major","0.29","yes","yes","40","D3–B3","55","5","0","0","7","0","900","0.99","1","3.33","41","0","Beginner","0","0","0","1","1","74","40","5","5","0","0","100","100","100","100","100","100","no","50","0","0","0","Beginner","Beginner",""
"pachelbel-canon-ground-bass","Intermediate","bass","0","4/4","4","","backing","48","D major","D major","0.29","yes","yes","32","G2–D4","50","5","0","0","7","0","909","1","2","2.67","10","0","Beginner","0","0","0","0.2","0.2","93","32","11","7","0","0","100","75","91","100","100","75","yes","34","0","0","0","Beginner","Beginner",""
"pachelbel-canon-ground-bass","Advanced","melody","0","4/4","4","","backing","48","D major","D major","0.29","yes","yes","32","F#2–D4","50","6","0","0","12","10","909","1","1.8","2.67","3","0","Beginner","0","0","0.2","0.2","0.2","90","32","12","7","0","0","100","75","91","100","100","75","yes","41","6","2","3","Beginner","Beginner",""
"pachelbel-canon-ground-bass","Expert","melody","0","4/4","4","","backing","48","D major","D major","0.29","yes","yes","32","F#2–D4","50","6","0","0","12","10","909","1","1.8","2.67","3","0","Beginner","0","0","0.2","0.2","0.2","90","32","12","7","0","0","100","75","91","100","100","75","yes","41","6","2","3","Beginner","Beginner",""
"scheherazade-1st-movement","Beginner","roots","5","4/4","4","","backing","894.5","E major","E minor","0","no","no","542","D#3–C#4","57","4","0","0","9","2","423","0.85","1.7","2.42","84","37","Beginner","0","0","0","23.5","17.2","49","542","6","6","89","0","87","43","47","60","51","50","no","13","0","0","0","Advanced","Expert","Advanced→Expert"
"scheherazade-1st-movement","Intermediate","bass","0","4/4","4","","backing","894.5","E major","E minor","0","no","no","388","C2–D4","48","5","0","0","9","5","334","0.67","11.6","1.74","43","37","Beginner","0","0","0","11.2","11.2","80","388","24","12","132","23","80","43","50","63","47","50","no","13","24","84","0","Advanced","Expert","Advanced→Expert"
"scheherazade-1st-movement","Advanced","melody","0","4/4","4","","backing","894.5","E major","E minor","0","no","no","723","C2–D4","47","6","0","0","12","18","250","0.5","11.4","3.23","19","37","Intermediate","0","0","0","6.2","3.4","60","723","27","12","241","47","77","43","56","68","24","48","yes","16","29","182","155","Advanced","Expert","Advanced→Expert"
"scheherazade-1st-movement","Expert","melody","1","4/4","4","","backing","894.5","E major","E minor","0","no","no","2084","C2–D4","48","9","88","0","12","18","10","0.02","11.4","9.32","6","37","Expert","0","0","0","6.2","3.4","79","2084","27","12","702","171","77","39","49","61","25","44","yes","15","26","472","389","Advanced","Expert","Advanced→Expert"
"scheherazade-2nd-movement-part-1","Beginner","roots","4","4/4","4","","backing","2093.1","B minor","B minor","0.14","no","yes","1281","G2–E3","47","5","0","0","9","3","421","0.84","1.7","2.45","72","0","Beginner","0","0","-0.2","28.3","26.8","50","1281","6","6","136","136","89","44","45","49","41","59","no","29","0","0","0","Intermediate","Advanced","Intermediate→Advanced"
"scheherazade-2nd-movement-part-1","Intermediate","bass","0","4/4","4","","backing","2093.1","B minor","B minor","0.14","no","yes","1281","C2–D4","47","5","0","0","9","9","334","0.67","26.8","2.45","38","37","Beginner","0","0","-0.2","13.6","13.6","72","1281","24","12","271","174","79","46","49","54","44","54","no","17","23","272","0","Intermediate","Advanced","Intermediate→Advanced"
"scheherazade-2nd-movement-part-1","Advanced","melody","1","4/4","4","","backing","2093.1","B minor","B minor","0.14","no","yes","1681","C2–D4","50","10","65","0","12","14","250","0.5","19.8","3.21","26","37","Beginner","0","0","0","10","4.4","58","1681","27","12","272","189","84","45","51","62","36","50","yes","15","23","359","190","Intermediate","Advanced","Intermediate→Advanced"
"scheherazade-2nd-movement-part-1","Expert","melody","1","4/4","4","","backing","2093.1","B minor","B minor","0.14","no","yes","3203","C2–D4","47","8","31","0","12","15","10","0.02","19.8","6.12","16","37","Advanced","0","0","0","10","4.1","71","3203","27","12","702","493","78","40","45","60","34","45","yes","14","26","765","449","Intermediate","Advanced","Intermediate→Advanced"
"scheherazade-3rd-movement","Beginner","roots","4","4/4","4","","backing","963.1","G major","G major","0.2","yes","yes","702","G2–F3","48","9","60","0","8","1","422","0.84","1.6","2.92","87","37","Beginner","1.3","0.6","0.2","11.1","10.2","56","702","6","6","139","0","80","37","43","56","50","47","no","50","0","0","0","Intermediate","Intermediate",""
"scheherazade-3rd-movement","Intermediate","bass","0","4/4","4","","backing","963.1","G major","G major","0.2","yes","yes","329","C2–C#4","45","5","0","0","9","9","335","0.67","15.6","1.37","37","37","Beginner","0","0","0","4","4","89","329","23","12","96","13","71","46","53","62","58","55","no","28","31","84","0","Intermediate","Intermediate",""
"scheherazade-3rd-movement","Advanced","melody","1","4/4","4","","backing","963.1","G major","G major","0.2","yes","yes","702","C2–D4","47","9","27","0","12","16","250","0.5","13.6","2.92","18","37","Beginner","0","0","-0.2","2.7","2.7","71","702","27","12","170","41","76","43","52","71","23","48","yes","21","23","150","98","Intermediate","Intermediate",""
"scheherazade-3rd-movement","Expert","melody","1","4/4","4","","backing","963.1","G major","G major","0.2","yes","yes","1096","C2–D4","47","8","14","0","12","13","13","0.03","13.6","4.55","12","37","Intermediate","0","0","-0.2","2.7","2.7","80","1096","27","12","322","78","71","41","51","69","23","47","yes","21","22","218","174","Intermediate","Intermediate",""
"atmosphere-study-drone","Beginner","roots","2","4/4","4","","backing","32","D major","D major","0.25","yes","yes","32","G2–D3","47","4","0","0","5","0","829","0.99","1","4","87","0","Beginner","0","0","0","0.3","0.3","76","32","4","4","0","0","100","50","50","56","100","94","no","63","0","0","0","Beginner","Beginner",""
"atmosphere-study-drone","Intermediate","bass","0","4/4","4","","backing","32","D major","D major","0.25","yes","yes","8","D2–B2","43","4","0","0","9","14","3333","4","4","1","43","0","Beginner","0","0","0","0","0","100","8","4","4","0","0","100","50","50","63","100","88","no","25","38","3","0","Beginner","Beginner",""
"atmosphere-study-drone","Advanced","melody","0","4/4","4","","backing","32","D major","D major","0.25","yes","yes","13","B2–A3","54","6","0","0","7","0","1666","2","3.6","1.63","0","0","Beginner","0","0","0.4","0.4","0.4","90","13","7","7","0","0","100","62","77","92","23","62","yes","31","0","0","1","Beginner","Beginner",""
"atmosphere-study-drone","Expert","melody","0","4/4","4","","backing","32","D major","D major","0.25","yes","yes","13","B2–A3","54","6","0","0","7","0","1666","2","3.6","1.63","0","0","Beginner","0","0","0.4","0.4","0.4","90","13","7","7","0","0","100","62","77","92","23","62","yes","31","0","0","1","Beginner","Beginner",""
"balada-study-a-minor","Beginner","roots","1","4/4","4","","backing","32","C major","C major","0","no","yes","32","C3–A3","55","5","0","0","9","3","678","0.99","1","4","77","0","Beginner","0","0","0","0.3","0.3","79","32","4","4","0","0","100","78","78","78","100","100","no","38","0","0","0","Beginner","Beginner",""
"balada-study-a-minor","Intermediate","bass","0","4/4","4","","backing","32","C major","C major","0","no","yes","8","F2–C3","45","5","0","0","7","0","2727","4","4","1","0","0","Beginner","0","0","0","0","0","100","8","4","4","0","0","100","88","88","88","100","100","no","13","25","2","0","Beginner","Beginner",""
"balada-study-a-minor","Advanced","melody","0","4/4","4","","backing","32","C major","C major","0","no","yes","36","C2–F3","47","5","0","0","12","3","340","0.5","3.6","4.5","3","0","Beginner","0","0","0.4","0.2","0.2","90","36","10","7","0","0","100","64","67","97","31","64","yes","31","19","5","0","Beginner","Beginner",""
"balada-study-a-minor","Expert","melody","0","4/4","4","","backing","32","C major","C major","0","no","yes","36","C2–F3","47","5","0","0","12","3","340","0.5","3.6","4.5","3","0","Beginner","0","0","0.4","0.2","0.2","90","36","10","7","0","0","100","64","67","97","31","64","yes","31","19","5","0","Beginner","Beginner",""
"chiptune-study-c-lydian","Beginner","roots","1","4/4","4","","backing","32","G major","G major","0.1","no","yes","26","G2–D3","48","5","0","0","7","0","463","1.14","1.3","3.25","80","0","Beginner","0","0","0","0.4","0.4","78","26","3","3","0","0","100","96","96","96","100","100","no","62","0","0","0","Advanced","Advanced",""
"chiptune-study-c-lydian","Intermediate","bass","0","4/4","4","","backing","32","G major","G major","0.1","no","yes","8","G2–D3","48","5","0","0","7","0","1621","4","4","1","29","0","Beginner","0","0","0","0","0","100","8","3","3","0","0","100","100","100","100","100","100","no","63","0","0","0","Advanced","Advanced",""
"chiptune-study-c-lydian","Advanced","melody","0","4/4","4","","backing","32","G major","G major","0.1","no","yes","28","C2–C3","42","6","0","0","9","7","405","1","3.6","3.5","11","0","Beginner","0","0","0.4","1.1","1.1","49","28","8","7","0","0","100","61","61","86","25","68","no","36","54","11","3","Advanced","Advanced",""
"chiptune-study-c-lydian","Expert","melody","0","4/4","4","","backing","32","G major","G major","0.1","no","yes","57","C2–C3","42","6","0","0","11","7","202","0.5","3.6","7.13","0","0","Advanced","0","0","0.4","0.1","0.1","90","57","8","7","0","0","100","54","56","82","18","60","no","30","58","26","7","Advanced","Advanced",""
"riff-study-1-d-minor","Beginner","roots","1","4/4","4","","backing","60","D minor","D minor","0.24","yes","yes","40","A#2–F3","50","5","0","0","7","0","445","0.98","1.6","2.67","74","0","Beginner","0","0","0","1.1","1.1","67","40","4","4","0","0","100","93","93","98","80","95","no","73","0","0","0","Intermediate","Intermediate",""
"riff-study-1-d-minor","Intermediate","bass","0","4/4","4","","backing","60","D minor","D minor","0.24","yes","yes","51","D2–F3","38","5","0","0","9","2","432","0.95","4","3.4","32","0","Beginner","0","0","0","0.5","0.5","60","51","10","7","0","0","100","55","55","73","100","61","no","14","73","37","0","Intermediate","Intermediate",""
"riff-study-1-d-minor","Advanced","melody","0","4/4","4","","backing","60","D minor","D minor","0.24","yes","yes","53","D2–A3","40","5","0","0","10","2","454","1","3.6","3.53","27","0","Beginner","0","0","0.4","0.5","0.5","56","53","10","7","0","0","100","53","53","74","94","58","no","15","70","37","0","Intermediate","Intermediate",""
"riff-study-1-d-minor","Expert","melody","0","4/4","4","","backing","60","D minor","D minor","0.24","yes","yes","98","C2–A3","40","5","0","0","12","3","227","0.5","3.6","6.54","29","0","Intermediate","0","0","0.4","0.4","0.4","90","98","13","7","0","0","100","53","53","76","95","61","no","12","74","71","0","Intermediate","Intermediate",""
"riff-study-2-odd-meter","Beginner","roots","4","7/8","3.5","yes","backing","36","E minor","E minor","0.14","no","yes","20","G2–F3","52","3","0","0","9","11","466","1.17","1.5","2.22","68","0","Beginner","0","0","0","2.5","2.5","62","20","3","3","4","4","80","90","90","90","65","95","no","10","0","0","0","Advanced","Advanced",""
"riff-study-2-odd-meter","Intermediate","bass","0","7/8","3.5","yes","backing","36","E minor","E minor","0.14","no","yes","32","D2–G3","41","5","0","0","8","3","380","0.95","3.5","3.56","10","0","Beginner","0","0","0","1.1","1.1","55","32","9","7","10","10","69","47","47","69","100","53","no","6","56","18","0","Advanced","Advanced",""
"riff-study-2-odd-meter","Advanced","melody","0","7/8","3.5","yes","backing","36","E minor","E minor","0.14","no","yes","34","D2–B3","43","5","0","0","7","0","400","1","2.3","3.78","3","0","Beginner","0","0","0.2","1.1","1.1","48","34","9","6","10","10","71","44","47","71","91","50","no","6","50","17","0","Advanced","Advanced",""
"riff-study-2-odd-meter","Expert","melody","0","7/8","3.5","yes","backing","36","E minor","E minor","0.14","no","yes","68","D2–B3","43","5","0","0","7","0","200","0.5","2.3","7.56","3","0","Advanced","0","0","0.2","0.1","0.1","90","68","13","7","14","14","79","47","51","78","91","56","no","18","46","31","0","Advanced","Advanced",""
"riff-study-3-phrygian-dominant","Beginner","roots","3","4/4","4","","backing","48","E major","E major","0.09","no","yes","24","E3–A3","52","3","0","0","5","0","536","1.5","2","2","70","0","Beginner","0","0","0","1.5","1.5","77","24","3","3","6","6","75","100","100","100","63","100","no","8","0","0","0","Advanced","Expert","Advanced→Expert"
"riff-study-3-phrygian-dominant","Intermediate","bass","0","4/4","4","","backing","48","E major","E major","0.09","no","yes","37","D2–E3","44","5","0","0","8","3","357","1","4","3.08","14","37","Intermediate","0","0","0","0.8","0.8","67","37","8","7","10","5","73","59","59","84","100","70","no","0","49","18","0","Advanced","Expert","Advanced→Expert"
"riff-study-3-phrygian-dominant","Advanced","melody","0","4/4","4","","backing","48","E major","E major","0.09","no","yes","39","D2–C4","44","6","0","0","7","0","268","0.75","3.6","3.25","13","37","Intermediate","0","0","0.4","2.4","2.4","46","39","12","7","12","6","69","59","62","85","87","67","no","3","49","19","4","Advanced","Expert","Advanced→Expert"
"riff-study-3-phrygian-dominant","Expert","melody","0","4/4","4","","backing","48","E major","E major","0.09","no","yes","93","D2–C4","41","6","0","0","12","1","89","0.25","3.6","7.75","11","37","Expert","0","0","0.4","2.2","2.2","83","93","14","7","26","19","72","44","46","71","86","54","no","5","51","47","13","Advanced","Expert","Advanced→Expert"
"3-doors-down-kryptonite","Beginner","roots","2","4/4","4","","backing","383.2","B minor","B minor","0.17","no","yes","383","G2–F#3","47","4","0","0","7","0","606","1","1","4","64","0","Beginner","0","0","0","0.3","0.3","82","383","5","5","0","0","100","90","90","91","98","91","no","22","0","0","0","Beginner","Beginner",""
"3-doors-down-kryptonite","Intermediate","bass","0","4/4","4","","backing","383.2","B minor","B minor","0.17","no","yes","271","G2–F#3","47","4","0","0","7","0","455","0.75","15.2","2.83","49","0","Beginner","0","0","0","0.7","0.7","73","271","5","5","0","0","100","90","90","90","99","91","no","23","0","0","0","Beginner","Beginner",""
"3-doors-down-kryptonite","Advanced","melody","0","4/4","4","","backing","383.2","B minor","B minor","0.17","no","yes","354","D2–A3","47","6","0","0","12","7","303","0.5","2.4","3.7","10","0","Beginner","0","0","7.3","66.1","66.1","45","354","12","7","0","0","100","54","69","83","42","58","yes","27","19","68","50","Beginner","Beginner",""
"3-doors-down-kryptonite","Expert","melody","0","4/4","4","","backing","383.2","B minor","B minor","0.17","no","yes","354","D2–A3","47","6","0","0","12","7","303","0.5","2.4","3.7","10","0","Beginner","0","0","7.3","66.1","66.1","46","354","12","7","0","0","100","54","69","83","42","58","yes","27","19","68","50","Beginner","Beginner",""
"30-seconds-to-mars-kings-and-queens","Beginner","roots","4","4/4","4","","backing","820","E♭ major","E♭ major","0.17","no","yes","304","C#2–F3","51","10","282","0","9","5","546","1.5","2.8","1.48","74","37","Beginner","0","0","0","16","16","60","304","6","6","12","0","96","79","92","92","89","84","yes","3","4","12","0","Intermediate","Advanced","Intermediate→Advanced"
"30-seconds-to-mars-kings-and-queens","Intermediate","bass","1","4/4","4","","backing","820","E♭ major","E♭ major","0.17","no","yes","180","C#2–F3","44","10","38","0","9","1","363","1","16","0.88","40","37","Beginner","0","0","0","8","0.5","97","180","8","6","10","0","94","87","92","92","87","91","yes","3","39","70","0","Intermediate","Advanced","Intermediate→Advanced"
"30-seconds-to-mars-kings-and-queens","Advanced","melody","1","4/4","4","","backing","820","E♭ major","E♭ major","0.17","no","yes","250","D2–A#3","55","8","168","0","12","17","363","1","4","1.22","18","37","Intermediate","0","0","82","158","150.5","20","250","10","6","0","0","100","23","45","66","12","34","yes","4","5","12","48","Intermediate","Advanced","Intermediate→Advanced"
"30-seconds-to-mars-kings-and-queens","Expert","melody","1","4/4","4","","backing","820","E♭ major","E♭ major","0.17","no","yes","490","D2–A#3","55","8","249","0","12","18","181","0.5","4","2.39","32","37","Advanced","0","0","82","158","150","35","490","9","6","0","0","100","29","46","65","19","42","yes","0","3","16","163","Intermediate","Advanced","Intermediate→Advanced"
"30-seconds-to-mars-the-kill","Beginner","roots","1","3/4","3","yes","backing","706","E minor","E minor","0.07","no","yes","327","G2–E3","48","5","0","0","9","3","484","1.5","3","1.85","74","0","Beginner","0","0","0","3","3","77","327","6","6","0","0","100","68","79","85","92","73","yes","25","0","0","0","Intermediate","Intermediate",""
"30-seconds-to-mars-the-kill","Intermediate","bass","0","3/4","3","yes","backing","706","E minor","E minor","0.07","no","yes","319","G2–B3","48","5","0","0","9","2","483","1.5","3.5","1.81","70","0","Beginner","0","0","0","3.5","3.5","85","319","10","7","0","0","100","65","74","82","92","71","yes","21","0","0","0","Intermediate","Intermediate",""
"30-seconds-to-mars-the-kill","Advanced","melody","0","3/4","3","yes","backing","706","E minor","E minor","0.07","no","yes","391","A2–D4","50","5","0","0","11","9","322","1","1.5","2.22","67","0","Beginner","144","46.5","121","9.8","9.8","30","391","10","7","0","0","100","88","92","96","48","89","yes","23","0","0","0","Intermediate","Intermediate",""
"30-seconds-to-mars-the-kill","Expert","melody","0","3/4","3","yes","backing","706","E minor","E minor","0.07","no","yes","796","A2–D4","50","5","0","0","11","6","80","0.25","1.5","4.51","73","0","Intermediate","144","46.5","121","9","9","58","796","10","7","0","0","100","88","90","96","46","89","yes","20","0","0","0","Intermediate","Intermediate",""
"acdc-back-in-black","Beginner","roots","3","4/4","4","","backing","197","E minor","E minor","0.03","no","yes","139","D3–B3","57","5","0","0","9","1","479","0.75","1.5","2.82","62","37","Beginner","1.3","0.8","0","4.5","4.5","60","139","6","6","3","3","98","61","66","69","76","78","no","44","0","0","0","Intermediate","Intermediate",""
"acdc-back-in-black","Intermediate","bass","0","4/4","4","","backing","197","E minor","E minor","0.03","no","yes","154","C#2–C#4","45","5","0","0","9","8","478","0.75","4","3.13","27","37","Beginner","0","0","0","2","2","57","154","16","9","23","6","85","63","67","76","85","72","no","19","18","28","0","Intermediate","Intermediate",""
"acdc-back-in-black","Advanced","melody","0","4/4","4","","backing","197","E minor","E minor","0.03","no","yes","236","E2–D4","47","6","0","0","12","11","319","0.5","4","4.79","19","37","Beginner","8","5.1","0","2.2","2.2","52","236","18","11","35","22","85","84","93","100","53","84","yes","16","9","21","19","Intermediate","Intermediate",""
"acdc-back-in-black","Expert","melody","0","4/4","4","","backing","197","E minor","E minor","0.03","no","yes","373","E2–D4","47","6","0","0","12","10","159","0.25","4","7.57","32","37","Intermediate","8","5.1","0","2","2","69","373","18","11","55","34","85","86","92","99","50","86","yes","17","7","25","27","Intermediate","Intermediate",""
"acdc-for-those-about-to-rock","Beginner","roots","2","4/4","4","","backing","754.2","B minor","B minor","0.28","yes","yes","569","D3–B3","57","5","0","0","9","1","444","1","1.5","3.02","75","0","Beginner","0","0","1","4.5","4.5","63","569","6","6","0","0","100","77","84","86","83","86","no","25","0","0","0","Beginner","Beginner",""
"acdc-for-those-about-to-rock","Intermediate","bass","0","4/4","4","","backing","754.2","B minor","B minor","0.28","yes","yes","307","E2–B3","47","5","0","0","9","3","444","1","13","1.63","32","0","Beginner","0","0","0","1","1","97","307","10","6","0","0","100","75","82","88","91","80","yes","23","8","24","0","Beginner","Beginner",""
"acdc-for-those-about-to-rock","Advanced","melody","0","4/4","4","","backing","754.2","B minor","B minor","0.28","yes","yes","233","E2–G#3","50","6","0","0","10","1","444","1","8","1.24","38","0","Beginner","100","44.4","43.2","40.5","40.5","41","233","12","9","4","3","98","37","63","77","19","43","yes","27","1","3","8","Beginner","Beginner",""
"acdc-for-those-about-to-rock","Expert","melody","0","4/4","4","","backing","754.2","B minor","B minor","0.28","yes","yes","349","E2–G#3","50","6","0","0","10","2","222","0.5","8","1.85","23","37","Beginner","100","44.4","43.2","40.5","40.5","49","349","13","10","6","3","98","33","57","71","21","42","yes","24","1","3","11","Beginner","Beginner",""
"acdc-highway-to-hell","Beginner","roots","1","4/4","4","","backing","353","D major","D major","0","no","yes","321","C3–A3","57","5","0","0","9","1","452","0.87","1.5","3.64","77","0","Beginner","0","0","0","2","2","71","321","5","5","4","0","99","74","87","92","70","77","yes","84","0","0","0","Beginner","Beginner",""
"acdc-highway-to-hell","Intermediate","bass","0","4/4","4","","backing","353","D major","D major","0","no","yes","164","G2–D4","55","5","0","0","9","6","517","1","18.5","1.86","35","0","Beginner","0","0","0","0.5","0.5","98","164","10","7","2","0","99","69","83","93","65","71","yes","55","0","0","0","Beginner","Beginner",""
"acdc-highway-to-hell","Advanced","melody","0","4/4","4","","backing","353","D major","D major","0","no","yes","202","E2–F#3","45","6","0","0","12","2","258","0.5","2","2.29","31","37","Beginner","33.5","17.3","8.5","33","33","38","202","12","10","39","3","81","43","66","72","41","47","yes","2","16","33","46","Beginner","Beginner",""
"acdc-highway-to-hell","Expert","melody","0","4/4","4","","backing","353","D major","D major","0","no","yes","219","E2–F#3","45","6","0","0","12","3","13","0.03","2","2.48","28","37","Beginner","33.5","17.3","8.5","33","33","40","219","12","10","42","4","81","42","66","72","42","46","yes","2","19","41","53","Beginner","Beginner",""
"acdc-thunderstruck","Beginner","roots","3","4/4","4","","backing","649.4","B major","B major","0","no","yes","291","E2–F#3","47","4","0","0","7","0","447","1","1.5","1.79","83","0","Beginner","0","0","0","5.8","5.8","40","291","4","4","53","0","82","72","76","79","86","82","no","0","4","13","0","Expert","Expert",""
"acdc-thunderstruck","Intermediate","bass","0","4/4","4","","backing","649.4","B major","B major","0","no","yes","623","E2–F#3","47","4","0","0","7","0","336","0.75","11.7","3.84","77","0","Beginner","0","0","0","1.5","1.5","57","623","4","4","67","0","89","71","75","77","76","87","no","0","14","89","0","Expert","Expert",""
"acdc-thunderstruck","Advanced","melody","0","4/4","4","","backing","649.4","B major","B major","0","no","yes","632","E2–G#3","47","6","0","0","9","1","320","0.71","2.5","3.89","93","37","Beginner","0","0","0.8","6","1.8","27","632","10","7","7","0","99","57","61","62","56","80","no","0","2","15","14","Expert","Expert",""
"acdc-thunderstruck","Expert","melody","0","4/4","4","","backing","649.4","B major","B major","0","no","yes","2444","D2–B3","47","6","0","0","12","36","13","0.03","2.5","15.05","1","37","Expert","0","0","0.8","5.3","1.8","93","2444","14","8","174","0","93","42","48","55","36","56","no","6","1","18","523","Expert","Expert",""
"acdc-you-shook-me-all-night-long","Beginner","roots","1","4/4","4","","backing","444","G major","G major","0.08","no","yes","335","G2–D3","47","5","0","0","7","0","476","1","1.5","3.02","60","0","Beginner","0","0","0","2","2","70","335","5","5","0","0","100","75","76","86","81","79","no","75","0","0","0","Beginner","Beginner",""
"acdc-you-shook-me-all-night-long","Intermediate","bass","0","4/4","4","","backing","444","G major","G major","0.08","no","yes","271","G2–D3","47","5","0","0","7","0","476","1","5","2.44","31","0","Beginner","0","0","0","1.5","1.5","94","271","5","5","0","0","100","80","80","91","88","84","no","69","0","0","0","Beginner","Beginner",""
"acdc-you-shook-me-all-night-long","Advanced","melody","0","4/4","4","","backing","444","G major","G major","0.08","no","yes","262","D2–G3","50","5","0","0","12","3","476","1","8","2.36","44","0","Beginner","0","0","0","3.5","3.5","65","262","6","4","0","0","100","58","88","100","56","59","yes","51","1","3","0","Beginner","Beginner",""
"acdc-you-shook-me-all-night-long","Expert","melody","0","4/4","4","","backing","444","G major","G major","0.08","no","yes","427","C2–G3","50","5","0","0","12","21","238","0.5","8","3.85","38","0","Beginner","0","0","0","3.5","3.5","84","427","8","6","0","0","100","64","92","100","61","64","yes","55","11","19","0","Beginner","Beginner",""
"acdc-you-shook-me","Beginner","roots","1","4/4","4","","backing","415","D major","D major","0.01","no","yes","327","G2–A3","48","5","0","0","7","0","420","0.89","1.8","3.15","63","0","Beginner","0","0","0","2.4","2.4","68","327","5","5","67","0","80","84","90","93","79","88","yes","72","0","0","0","Beginner","Beginner",""
"acdc-you-shook-me","Intermediate","bass","0","4/4","4","","backing","415","D major","D major","0.01","no","yes","209","F2–G3","48","5","0","0","7","0","338","0.72","11.2","2.01","22","0","Beginner","0","0","0","2.9","2.9","90","209","8","7","44","0","79","81","85","93","86","84","yes","35","0","1","0","Beginner","Beginner",""
"acdc-you-shook-me","Advanced","melody","0","4/4","4","","backing","415","D major","D major","0.01","no","yes","240","A2–D4","50","5","0","0","12","10","461","0.98","8","2.31","18","0","Beginner","0","0","0","3.5","3.5","64","240","9","7","18","0","93","38","86","97","32","51","yes","55","0","0","0","Beginner","Beginner",""
"acdc-you-shook-me","Expert","melody","0","4/4","4","","backing","415","D major","D major","0.01","no","yes","333","A2–D4","50","5","0","0","12","14","11","0.02","8","3.21","17","0","Beginner","0","0","0","3.4","3.4","76","333","9","7","18","0","95","42","87","96","33","48","yes","49","0","0","0","Beginner","Beginner",""
"adele-rolling-in-the-deep-bass-2","Beginner","roots","2","4/4","4","","backing","340","A♭ major","A♭ major","0.06","no","yes","309","G2–C3","46","5","0","0","5","0","421","0.75","1.5","3.64","77","37","Beginner","0","0","0","28","1","71","309","4","4","0","0","100","100","100","100","100","100","no","12","0","0","0","Advanced","Intermediate","Advanced→Intermediate"
"adele-rolling-in-the-deep-bass-2","Intermediate","bass","0","4/4","4","","backing","340","A♭ major","A♭ major","0.06","no","yes","216","G2–C3","46","5","0","0","5","0","560","1","6","2.54","67","37","Beginner","0","0","0","28","1","83","216","4","4","0","0","100","100","100","100","100","100","no","13","0","0","0","Advanced","Intermediate","Advanced→Intermediate"
"adele-rolling-in-the-deep-bass-2","Advanced","melody","0","4/4","4","","backing","340","A♭ major","A♭ major","0.06","no","yes","557","G2–C4","46","5","0","0","12","5","280","0.5","4","6.55","82","37","Intermediate","0","0","0","32","1","88","557","6","4","0","0","100","100","100","100","100","100","no","13","0","0","174","Advanced","Intermediate","Advanced→Intermediate"
"adele-rolling-in-the-deep-bass-2","Expert","melody","0","4/4","4","","backing","340","A♭ major","A♭ major","0.06","no","yes","559","G2–C4","46","5","0","0","12","5","140","0.25","4","6.58","82","37","Intermediate","0","0","0","32","1","90","559","7","4","0","0","100","100","100","100","100","100","no","13","0","0","174","Advanced","Intermediate","Advanced→Intermediate"
"adele-rolling-in-the-deep-bass","Beginner","roots","2","4/4","4","","backing","322","A♭ major","A♭ major","0.11","no","yes","272","G2–C3","46","5","0","0","5","0","500","0.88","1.2","3.38","79","37","Beginner","0","0","0","28","1.5","66","272","4","4","0","0","100","100","100","100","100","100","no","9","0","0","0","Intermediate","Intermediate",""
"adele-rolling-in-the-deep-bass","Intermediate","bass","0","4/4","4","","backing","322","A♭ major","A♭ major","0.11","no","yes","79","G2–G3","46","5","0","0","9","3","571","1","8","0.98","18","37","Beginner","0","0","0","28","0.5","85","79","6","5","2","2","97","100","100","100","100","100","no","5","0","0","0","Intermediate","Intermediate",""
"adele-rolling-in-the-deep-bass","Advanced","melody","1","4/4","4","","backing","322","A♭ major","A♭ major","0.11","no","yes","364","C2–C4","46","8","82","0","12","4","285","0.5","4","4.52","80","37","Intermediate","0","0","0","32.5","2","63","364","9","5","2","2","99","100","100","100","95","100","no","5","5","2","91","Intermediate","Intermediate",""
"adele-rolling-in-the-deep-bass","Expert","melody","1","4/4","4","","backing","322","A♭ major","A♭ major","0.11","no","yes","367","C2–C4","46","8","82","0","12","4","143","0.25","4","4.56","80","37","Intermediate","0","0","0","32.5","2","64","367","9","5","2","2","99","100","100","100","95","100","no","5","5","2","91","Intermediate","Intermediate",""
"adele-rolling-in-the-deep","Beginner","roots","2","4/4","4","","backing","393.4","E♭ major","E♭ major","0.04","no","yes","393","G2–F3","46","5","0","0","5","0","576","1","1.4","4","74","37","Beginner","0","0","0","0.3","0.3","79","393","6","6","0","0","100","91","92","96","94","92","no","14","0","0","0","Beginner","Beginner",""
"adele-rolling-in-the-deep","Intermediate","bass","1","4/4","4","","backing","393.4","E♭ major","E♭ major","0.04","no","yes","274","F2–D#3","46","8","11","0","7","0","577","1","2","2.79","63","37","Beginner","0","0","0","2","2","93","274","6","6","0","0","100","93","93","96","93","93","no","13","0","1","0","Beginner","Beginner",""
"adele-rolling-in-the-deep","Advanced","melody","0","4/4","4","","backing","393.4","E♭ major","E♭ major","0.04","no","yes","192","D#2–D#3","46","5","0","0","9","2","288","0.5","2","1.95","47","37","Beginner","168","96.9","11.4","8.7","8.7","22","192","6","5","0","0","100","28","34","46","27","34","no","13","2","3","2","Beginner","Beginner",""
"adele-rolling-in-the-deep","Expert","melody","0","4/4","4","","backing","393.4","E♭ major","E♭ major","0.04","no","yes","243","D2–D#3","46","5","0","0","8","1","144","0.25","2","2.47","56","37","Beginner","168","96.9","11.4","8.5","8.5","26","243","8","7","0","0","100","28","35","45","28","35","no","14","2","6","2","Beginner","Beginner",""
"adele-set-fire-to-the-rain","Beginner","roots","0","4/4","4","","backing","392","F major","F major","0.08","no","yes","358","A#2–A3","48","5","0","0","9","3","454","0.83","1.5","3.65","76","0","Beginner","0","0","1","2.5","2.5","73","358","6","6","0","0","100","94","96","97","94","94","yes","35","0","0","0","Beginner","Beginner",""
"adele-set-fire-to-the-rain","Intermediate","bass","0","4/4","4","","backing","392","F major","F major","0.08","no","yes","188","C2–A#3","48","5","0","0","9","10","545","1","6.5","1.92","37","37","Beginner","0","0","0.5","1","1","91","188","11","7","0","0","100","93","95","97","94","93","yes","29","13","21","0","Beginner","Beginner",""
"adele-set-fire-to-the-rain","Advanced","melody","0","4/4","4","","backing","392","F major","F major","0.08","no","yes","376","C2–A#2","41","5","0","0","9","10","272","0.5","0.7","3.84","6","0","Beginner","0","0","0","92","64","49","376","7","7","0","0","100","48","65","87","34","49","yes","27","67","197","0","Beginner","Beginner",""
"adele-set-fire-to-the-rain","Expert","melody","0","4/4","4","","backing","392","F major","F major","0.08","no","yes","376","C2–A#2","41","5","0","0","9","10","272","0.5","0.7","3.84","6","0","Beginner","0","0","0","92","64","50","376","7","7","0","0","100","48","66","87","34","49","yes","27","67","197","0","Beginner","Beginner",""
"adele-skyfall","Beginner","roots","3","4/4","4","","backing","328","C minor","C minor","0.33","yes","yes","264","G2–F3","48","5","0","0","9","9","592","0.75","1.5","3.22","63","37","Beginner","0","0","0","2","2","68","264","6","6","0","0","100","83","84","84","92","93","no","17","0","0","0","Beginner","Beginner",""
"adele-skyfall","Intermediate","bass","0","4/4","4","","backing","328","C minor","C minor","0.33","yes","yes","459","F2–D4","48","5","0","0","9","7","394","0.5","12","5.6","34","37","Beginner","0","0","0","2","0.3","97","459","16","10","38","20","92","87","89","91","100","91","no","12","8","38","0","Beginner","Beginner",""
"adele-skyfall","Advanced","melody","1","4/4","4","","backing","328","C minor","C minor","0.33","yes","yes","422","F2–G3","48","9","328","0","12","21","394","0.5","4","5.15","29","37","Beginner","0","0","0","4","1","87","422","11","10","19","12","95","38","64","96","34","38","yes","22","11","48","13","Beginner","Beginner",""
"adele-skyfall","Expert","melody","1","4/4","4","","backing","328","C minor","C minor","0.33","yes","yes","422","F2–G3","48","9","328","0","12","21","394","0.5","4","5.15","29","37","Beginner","0","0","0","4","1","88","422","11","10","19","12","95","38","64","96","34","38","yes","22","11","48","13","Beginner","Beginner",""
"adele-someone-like-you","Beginner","roots","0","4/4","4","","backing","125","F♯ minor","F♯ minor","0.03","no","yes","104","D3–C#4","54","4","0","0","9","1","643","0.75","1.5","3.33","63","0","Beginner","0","0","0","4","4","69","104","5","5","0","0","100","80","82","94","100","80","yes","57","0","0","0","Intermediate","Intermediate",""
"adele-someone-like-you","Intermediate","bass","0","4/4","4","","backing","125","F♯ minor","F♯ minor","0.03","no","yes","50","C#2–A3","50","4","0","0","9","6","428","0.5","4","1.6","14","37","Beginner","0","0","0","4","4","85","50","9","6","0","0","100","86","88","96","100","86","yes","26","8","4","0","Intermediate","Intermediate",""
"adele-someone-like-you","Advanced","melody","1","4/4","4","","backing","125","F♯ minor","F♯ minor","0.03","no","yes","138","C#2–F#3","47","9","61","0","12","15","428","0.5","2","4.42","25","37","Intermediate","0.2","0.2","0","2.3","2.3","58","138","9","6","0","0","100","61","79","93","25","61","yes","0","21","29","38","Intermediate","Intermediate",""
"adele-someone-like-you","Expert","melody","1","4/4","4","","backing","125","F♯ minor","F♯ minor","0.03","no","yes","215","C#2–F#3","47","9","89","0","10","3","214","0.25","2","6.88","19","37","Intermediate","0.2","0.2","0","2.3","2.3","74","215","11","7","0","0","100","57","80","95","25","57","yes","4","18","39","51","Intermediate","Intermediate",""
"andrew-lloyd-webber-the-phantom-of-the-opera","Beginner","roots","1","4/4","4","","backing","316","A minor","A minor","0.07","no","yes","228","A#2–A3","52","5","0","0","7","0","583","0.87","1.5","2.89","81","0","Beginner","0","0","4","8.9","8.9","58","228","6","6","19","19","92","89","90","94","92","89","yes","57","0","0","0","Beginner","Beginner",""
"andrew-lloyd-webber-the-phantom-of-the-opera","Intermediate","bass","0","4/4","4","","backing","316","A minor","A minor","0.07","no","yes","264","C2–D4","48","5","0","0","9","3","334","0.5","4","3.34","54","37","Beginner","0","0","0","1.5","1.5","80","264","21","12","47","22","82","88","93","98","97","88","yes","30","12","30","0","Beginner","Beginner",""
"andrew-lloyd-webber-the-phantom-of-the-opera","Advanced","melody","0","4/4","4","","backing","316","A minor","A minor","0.07","no","yes","295","C2–D4","47","6","0","0","12","12","333","0.5","4","3.73","21","37","Beginner","0","0","0","0.5","0.5","97","295","24","12","58","29","80","65","78","96","55","65","yes","26","18","38","21","Beginner","Beginner",""
"andrew-lloyd-webber-the-phantom-of-the-opera","Expert","melody","0","4/4","4","","backing","316","A minor","A minor","0.07","no","yes","295","C2–D4","47","6","0","0","12","12","333","0.5","4","3.73","21","37","Beginner","0","0","0","0.5","0.5","99","295","24","12","58","29","80","65","78","96","55","65","yes","26","18","38","21","Beginner","Beginner",""
"avenged-sevenfold-a-little-piece-of-heaven","Beginner","roots","2","4/4","4","","backing","1108","D minor","D minor","0.09","no","yes","550","F2–E3","43","5","0","0","9","8","428","1.03","2","1.99","75","0","Beginner","3","1.2","1","13","13","50","550","5","5","0","0","100","54","63","69","91","58","yes","80","10","57","0","Beginner","Beginner",""
"avenged-sevenfold-a-little-piece-of-heaven","Intermediate","bass","1","4/4","4","","backing","1108","D minor","D minor","0.09","no","yes","627","C2–C#4","43","8","24","0","9","3","413","1","30","2.26","38","37","Beginner","0","0","0","1.5","1.5","86","627","20","11","70","24","89","50","56","73","100","63","no","48","26","152","0","Beginner","Beginner",""
"avenged-sevenfold-a-little-piece-of-heaven","Advanced","melody","1","4/4","4","","backing","1108","D minor","D minor","0.09","no","yes","425","C#2–C4","48","8","14","0","12","4","413","1","12","1.53","8","37","Beginner","30","12.4","3.5","8","8","78","425","21","11","109","48","74","60","67","89","35","63","yes","21","17","74","82","Beginner","Beginner",""
"avenged-sevenfold-a-little-piece-of-heaven","Expert","melody","1","4/4","4","","backing","1108","D minor","D minor","0.09","no","yes","481","C#2–C4","48","8","14","0","12","4","206","0.5","12","1.74","4","37","Beginner","30","12.4","3.5","8","8","81","481","21","11","109","48","77","62","68","89","34","65","yes","19","15","73","87","Beginner","Beginner",""
"back-to-the-future-theme-from-the-movie","Beginner","roots","3","4/4","4","","backing","240.9","G major","G major","0.1","no","yes","164","G2–E3","45","5","0","0","9","6","550","0.69","1.3","2.72","64","37","Beginner","1","0.8","0","8","8","53","164","6","6","35","35","79","79","80","85","86","82","no","35","0","0","0","Beginner","Intermediate","Beginner→Intermediate"
"back-to-the-future-theme-from-the-movie","Intermediate","bass","0","4/4","4","","backing","240.9","G major","G major","0.1","no","yes","177","C2–C#4","50","5","0","0","9","4","400","0.5","8","2.94","28","37","Beginner","0","0","0","6.5","6.5","91","177","22","12","60","35","66","77","78","86","86","80","no","22","9","15","0","Beginner","Intermediate","Beginner→Intermediate"
"back-to-the-future-theme-from-the-movie","Advanced","melody","0","4/4","4","","backing","240.9","G major","G major","0.1","no","yes","264","C2–D4","49","6","0","0","12","13","250","0.31","2","4.38","14","37","Beginner","0","0","0","10","10","51","264","26","12","73","29","72","48","64","90","28","50","yes","23","19","43","42","Beginner","Intermediate","Beginner→Intermediate"
"back-to-the-future-theme-from-the-movie","Expert","melody","0","4/4","4","","backing","240.9","G major","G major","0.1","no","yes","381","C2–D4","49","6","0","0","12","7","100","0.13","2","6.33","9","37","Intermediate","0","0","0","10","10","59","381","26","12","99","36","74","53","68","91","33","55","yes","25","15","52","50","Beginner","Intermediate","Beginner→Intermediate"
"beautiful-orchestra-overture","Beginner","roots","1","4/4","4","","backing","516.9","E minor","E minor","0.16","no","yes","434","E3–C#4","57","5","0","0","9","0","464","0.93","1.7","3.36","92","0","Beginner","0","0","0","10.5","10.5","64","434","6","6","16","0","96","87","89","93","89","87","yes","31","0","0","0","Beginner","Beginner",""
"beautiful-orchestra-overture","Intermediate","bass","0","4/4","4","","backing","516.9","E minor","E minor","0.16","no","yes","385","E2–C#4","50","5","0","0","9","1","344","0.69","12.6","2.98","77","37","Beginner","0","0","0","6","6","84","385","16","11","35","18","91","76","78","86","89","78","yes","15","5","21","0","Beginner","Beginner",""
"beautiful-orchestra-overture","Advanced","melody","1","4/4","4","","backing","516.9","E minor","E minor","0.16","no","yes","326","E2–D4","52","6","3","0","12","13","250","0.5","12.2","2.52","40","37","Beginner","0","0","38","25.4","25.4","54","326","20","12","23","10","93","66","72","84","55","71","yes","18","5","17","9","Beginner","Beginner",""
"beautiful-orchestra-overture","Expert","melody","1","4/4","4","","backing","516.9","E minor","E minor","0.16","no","yes","429","E2–D4","52","6","3","0","12","14","96","0.19","12.2","3.32","23","37","Beginner","0","0","38","25.4","25.4","59","429","20","12","40","27","91","57","64","77","45","61","yes","21","7","29","9","Beginner","Beginner",""
"black-sabbath-iron-man","Beginner","roots","3","4/4","4","","backing","586","D♯ minor","D♯ minor","0.02","no","yes","423","C#2–F#3","39","5","0","0","9","5","445","0.88","1.5","2.89","74","37","Beginner","0","0","0","4","4","59","423","6","6","35","0","92","94","96","97","81","94","yes","0","60","254","0","Intermediate","Intermediate",""
"black-sabbath-iron-man","Intermediate","bass","2","4/4","4","","backing","586","D♯ minor","D♯ minor","0.02","no","yes","208","C#2–C#4","53","8","53","0","9","7","381","0.75","3.5","1.42","35","37","Beginner","0","0","0","106","106","43","208","15","9","29","0","86","89","94","98","78","89","yes","2","9","18","0","Intermediate","Intermediate",""
"black-sabbath-iron-man","Advanced","melody","1","4/4","4","","backing","586","D♯ minor","D♯ minor","0.02","no","yes","400","D#2–C4","51","9","244","0","12","3","254","0.5","21","2.73","25","37","Intermediate","24","12.2","1.3","48.5","48.5","79","400","17","11","54","26","87","96","96","97","79","96","no","6","2","9","130","Intermediate","Intermediate",""
"black-sabbath-iron-man","Expert","melody","1","4/4","4","","backing","586","D♯ minor","D♯ minor","0.02","no","yes","402","D#2–C4","51","9","246","0","12","3","127","0.25","21","2.74","25","37","Intermediate","24","12.2","1.3","48.5","48.5","80","402","17","11","54","26","87","96","96","97","79","96","no","5","2","9","130","Intermediate","Intermediate",""
"black-sabbath-paranoid","Beginner","roots","2","4/4","4","","backing","430.4","E minor","E minor","0.13","no","yes","193","C3–A3","52","5","0","0","5","0","683","1.75","2.7","1.79","77","0","Beginner","0","0","0","4.5","4.5","69","193","6","6","0","0","100","79","80","83","80","87","no","24","0","0","0","Intermediate","Intermediate",""
"black-sabbath-paranoid","Intermediate","bass","0","4/4","4","","backing","430.4","E minor","E minor","0.13","no","yes","111","C2–B3","40","5","0","0","9","5","389","1","42.3","1.03","25","0","Beginner","0","0","0","1.8","1.8","95","111","13","7","0","0","100","71","76","86","57","74","yes","16","54","58","0","Intermediate","Intermediate",""
"black-sabbath-paranoid","Advanced","melody","0","4/4","4","","backing","430.4","E minor","E minor","0.13","no","yes","330","D2–B3","45","5","0","0","12","14","390","1","8","3.07","56","0","Beginner","3","1.2","0","1.5","1.5","63","330","9","5","0","0","100","70","88","93","75","72","yes","32","41","136","0","Intermediate","Intermediate",""
"black-sabbath-paranoid","Expert","melody","0","4/4","4","","backing","430.4","E minor","E minor","0.13","no","yes","635","D2–B3","45","5","0","0","12","10","195","0.5","8","5.9","63","0","Intermediate","3","1.2","0","0","0","99","635","9","5","0","0","100","71","86","91","77","73","yes","31","43","272","0","Intermediate","Intermediate",""
"black-sabbath-planet-caravan","Beginner","roots","0","4/4","4","","backing","388","E minor","E minor","0.16","no","yes","289","D3–B3","52","5","0","0","7","0","666","1","1","2.98","51","0","Beginner","0","0","0","1.5","1.5","64","289","6","6","0","0","100","73","81","95","98","74","yes","47","0","0","0","Intermediate","Intermediate",""
"black-sabbath-planet-caravan","Intermediate","bass","0","4/4","4","","backing","388","E minor","E minor","0.16","no","yes","304","D2–A3","40","5","0","0","9","14","334","0.5","2","3.13","30","0","Beginner","0","0","0","1","1","72","304","9","6","0","0","100","60","70","84","82","63","yes","7","62","187","0","Intermediate","Intermediate",""
"black-sabbath-planet-caravan","Advanced","melody","0","4/4","4","","backing","388","E minor","E minor","0.16","no","yes","594","D2–D4","43","6","0","0","12","16","250","0.38","1","6.12","19","37","Intermediate","0","0","0","4","4","71","594","20","11","30","7","95","76","82","88","50","78","yes","18","45","267","113","Intermediate","Intermediate",""
"black-sabbath-planet-caravan","Expert","melody","1","4/4","4","","backing","388","E minor","E minor","0.16","no","yes","767","D2–D4","45","6","4","0","12","13","55","0.08","1","7.91","15","37","Intermediate","0","0","0","4","4","81","767","21","11","63","20","92","74","81","87","47","76","yes","20","36","276","136","Intermediate","Intermediate",""
"bon-jovi-living-on-a-prayer","Beginner","roots","2","4/4","4","","backing","431","E minor","E minor","0.11","no","yes","301","G2–F3","52","10","23","0","9","0","500","1","1.5","2.79","74","37","Beginner","0","0","0","2.5","2.5","62","301","6","6","19","11","94","76","84","92","87","80","yes","33","0","0","0","Beginner","Beginner",""
"bon-jovi-living-on-a-prayer","Intermediate","bass","0","4/4","4","","backing","431","E minor","E minor","0.11","no","yes","398","C2–G3","47","5","0","0","9","3","422","0.84","2.7","3.69","34","0","Beginner","0","0","0","1.2","1.2","64","398","14","10","24","16","94","75","83","92","93","77","yes","18","45","160","0","Beginner","Beginner",""
"bon-jovi-living-on-a-prayer","Advanced","melody","0","4/4","4","","backing","431","E minor","E minor","0.11","no","yes","333","B2–D4","52","6","0","0","12","2","250","0.5","47.7","3.09","50","37","Beginner","0","0","0","8.1","8.1","56","333","13","10","12","5","96","58","65","89","32","61","yes","24","0","0","12","Beginner","Beginner",""
"bon-jovi-living-on-a-prayer","Expert","melody","0","4/4","4","","backing","431","E minor","E minor","0.11","no","yes","497","F#2–D4","52","6","0","0","12","2","10","0.02","47.7","4.61","49","37","Beginner","0","0","0","8.1","8.1","64","497","16","10","12","5","98","59","66","90","36","61","yes","27","0","2","14","Beginner","Beginner",""
"caetano-veloso-you-don-t-know-me","Beginner","roots","3","4/4","4","","backing","392.8","C major","C major","0.25","yes","yes","236","G2–F#3","48","5","0","0","7","0","625","0.83","1.5","2.4","47","0","Beginner","0","0","0","2.7","2.7","61","236","6","6","10","10","96","79","83","89","97","83","no","22","0","0","0","Beginner","Beginner",""
"caetano-veloso-you-don-t-know-me","Intermediate","bass","0","4/4","4","","backing","392.8","C major","C major","0.25","yes","yes","177","G2–C4","52","5","0","0","9","2","500","0.67","8","1.8","11","0","Beginner","0","0","0","1.7","1.7","89","177","12","9","15","12","92","80","85","94","99","83","yes","18","0","0","0","Beginner","Beginner",""
"caetano-veloso-you-don-t-know-me","Advanced","melody","0","4/4","4","","backing","392.8","C major","C major","0.25","yes","yes","267","E2–G3","48","6","0","0","8","3","250","0.33","2.5","2.72","47","37","Beginner","0","0","13.5","134.7","134.7","38","267","15","11","54","28","80","32","44","79","28","36","yes","10","8","22","52","Beginner","Beginner",""
"caetano-veloso-you-don-t-know-me","Expert","melody","0","4/4","4","","backing","392.8","C major","C major","0.25","yes","yes","303","E2–G3","48","6","0","0","8","2","19","0.03","2.5","3.09","41","37","Beginner","0","0","13.5","134.7","134.7","40","303","15","11","60","28","80","32","46","80","25","36","yes","12","8","24","58","Beginner","Beginner",""
"chico-buarque-o-que-sera","Beginner","roots","2","4/4","4","","backing","106.7","D minor","D minor","0.11","no","yes","56","D3–C#4","57","5","0","0","7","0","572","0.67","1.2","2.1","55","37","Beginner","1.4","1.2","0","2.3","2.3","39","56","6","6","6","0","89","8","15","92","96","8","yes","50","0","0","0","Intermediate","Intermediate",""
"chico-buarque-o-que-sera","Intermediate","bass","1","4/4","4","","backing","106.7","D minor","D minor","0.11","no","yes","160","G2–C#4","57","5","0","0","9","2","343","0.4","1.1","6","34","37","Beginner","0","0","0","0.8","0.8","86","160","15","11","19","2","88","34","45","91","99","34","yes","36","0","0","0","Intermediate","Intermediate",""
"chico-buarque-o-que-sera","Advanced","melody","0","4/4","4","","backing","106.7","D minor","D minor","0.11","no","yes","153","D2–A#3","53","6","0","0","12","16","285","0.33","0.7","5.74","29","37","Beginner","0","0","0","1.5","1.5","68","153","15","8","4","0","97","76","77","99","30","76","yes","19","6","9","7","Intermediate","Intermediate",""
"chico-buarque-o-que-sera","Expert","melody","0","4/4","4","","backing","106.7","D minor","D minor","0.11","no","yes","216","D2–A#3","53","6","0","0","12","18","214","0.25","0.8","8.1","16","37","Intermediate","0","0","0","1.5","1.5","84","216","17","9","13","7","94","81","81","100","40","81","yes","24","4","9","16","Intermediate","Intermediate",""
"chico-buarque-roda-viva","Beginner","roots","1","2/4","2","yes","backing","245.9","B minor","B minor","0.03","no","yes","126","D3–C#4","54","5","0","0","9","1","760","0.87","1","2.05","34","0","Beginner","0","0","0","4","4","45","126","6","6","0","0","100","71","75","93","89","73","yes","16","0","0","0","Advanced","Advanced",""
"chico-buarque-roda-viva","Intermediate","bass","0","2/4","2","yes","backing","245.9","B minor","B minor","0.03","no","yes","214","C#2–D4","54","5","0","0","9","5","652","0.75","2","3.48","6","37","Beginner","0","0","0","4.2","4.2","88","214","13","9","5","0","98","70","76","97","96","72","yes","24","2","4","0","Advanced","Advanced",""
"chico-buarque-roda-viva","Advanced","melody","0","2/4","2","yes","backing","245.9","B minor","B minor","0.03","no","yes","329","E2–F#3","52","6","0","0","12","25","326","0.37","1.5","5.35","32","37","Beginner","1.3","1.1","0.3","16.6","13.7","67","329","12","10","16","10","95","44","59","85","55","45","yes","22","7","24","33","Advanced","Advanced",""
"chico-buarque-roda-viva","Expert","melody","0","2/4","2","yes","backing","245.9","B minor","B minor","0.03","no","yes","507","D2–F#3","50","6","0","0","12","31","108","0.12","1.5","8.25","12","37","Advanced","1.3","1.1","0.3","16.6","13.7","84","507","15","11","31","19","94","46","58","87","56","47","yes","17","14","73","94","Advanced","Advanced",""
"clair-obscur-expedition-33-gustave","Beginner","roots","3","2/4","2","yes","backing","298","C♯ minor","C♯ minor","0.09","no","yes","191","D3–C#4","54","4","0","0","9","12","562","0.75","1.5","2.56","54","37","Beginner","0","0","3","7","7","52","191","6","6","2","2","99","59","70","85","75","62","yes","1","0","0","0","Intermediate","Intermediate",""
"clair-obscur-expedition-33-gustave","Intermediate","bass","1","2/4","2","yes","backing","298","C♯ minor","C♯ minor","0.09","no","yes","164","C2–C#4","52","5","0","0","9","13","373","0.5","2","2.2","20","37","Beginner","0","0","0","82","82","41","164","17","10","8","4","95","71","77","90","94","73","yes","2","14","22","0","Intermediate","Intermediate",""
"clair-obscur-expedition-33-gustave","Advanced","melody","1","2/4","2","yes","backing","298","C♯ minor","C♯ minor","0.09","no","yes","232","C2–G#3","44","8","17","0","11","7","375","0.5","2","3.11","6","37","Intermediate","8","6","0","4","4","75","232","18","11","32","23","86","55","63","76","52","56","yes","6","43","97","100","Intermediate","Intermediate",""
"clair-obscur-expedition-33-gustave","Expert","melody","1","2/4","2","yes","backing","298","C♯ minor","C♯ minor","0.09","no","yes","321","C2–A3","43","8","25","0","11","7","187","0.25","2","4.31","2","37","Intermediate","8","6","0","4","4","87","321","19","11","43","34","87","51","58","74","54","53","yes","7","49","154","130","Intermediate","Intermediate",""
"clair-obscur-expedition-33-lumiere","Beginner","roots","2","4/4","4","","backing","298","B minor","B minor","0.11","no","yes","207","D3–C#4","54","5","0","0","9","6","556","0.75","1.5","2.78","49","0","Beginner","1","0.7","1","5","5","60","207","6","6","0","0","100","75","78","88","55","77","yes","9","0","0","0","Intermediate","Intermediate",""
"clair-obscur-expedition-33-lumiere","Intermediate","bass","0","4/4","4","","backing","298","B minor","B minor","0.11","no","yes","407","C#2–D4","54","5","0","0","9","11","369","0.5","3","5.46","22","37","Beginner","0","0","0","2.2","2.2","80","407","15","8","8","0","98","73","80","90","92","75","yes","9","5","19","0","Intermediate","Intermediate",""
"clair-obscur-expedition-33-lumiere","Advanced","melody","1","4/4","4","","backing","298","B minor","B minor","0.11","no","yes","296","C#2–G3","47","9","8","0","12","10","277","0.37","6","3.97","14","37","Intermediate","1","0.7","0.5","14.5","14.5","57","296","13","8","6","0","98","78","81","95","76","78","yes","8","43","128","77","Intermediate","Intermediate",""
"clair-obscur-expedition-33-lumiere","Expert","melody","0","4/4","4","","backing","298","B minor","B minor","0.11","no","yes","408","C#2–G3","47","6","0","0","12","8","92","0.12","6","5.48","15","37","Intermediate","1","0.7","0.5","14.5","14.5","68","408","13","8","7","0","98","79","82","95","77","80","yes","13","40","163","103","Intermediate","Intermediate",""
"clair-obscur-expedition-33-robe-de-jour","Beginner","roots","1","4/4","4","","backing","164","D minor","D minor","0.01","no","yes","137","G2–F3","48","5","0","0","8","1","500","0.6","1.5","3.34","54","0","Beginner","1","0.8","0","2","2","74","137","6","6","0","0","100","68","74","88","99","75","no","36","0","0","0","Beginner","Beginner",""
"clair-obscur-expedition-33-robe-de-jour","Intermediate","bass","0","4/4","4","","backing","164","D minor","D minor","0.01","no","yes","103","C2–C3","38","5","0","0","9","7","415","0.5","4","2.51","10","0","Beginner","0","0","0","1.5","1.5","98","103","8","7","0","0","100","71","78","87","100","73","yes","41","72","44","0","Beginner","Beginner",""
"clair-obscur-expedition-33-robe-de-jour","Advanced","melody","0","4/4","4","","backing","164","D minor","D minor","0.01","no","yes","138","D2–G3","50","6","0","0","12","30","264","0.32","16","3.37","9","0","Beginner","16","13.3","3.5","1.7","1.7","56","138","12","8","1","0","99","26","43","88","25","28","yes","25","8","11","1","Beginner","Beginner",""
"clair-obscur-expedition-33-robe-de-jour","Expert","melody","0","4/4","4","","backing","164","D minor","D minor","0.01","no","yes","189","C2–A3","48","6","0","0","12","47","57","0.07","16","4.61","10","0","Beginner","16","13.3","3.5","1.6","1.6","60","189","14","8","1","0","99","28","56","89","26","32","yes","31","14","22","1","Beginner","Beginner",""
"clair-obscur-expedition-33-une-vie-a-t-aimer","Beginner","roots","1","4/4","4","","backing","1303.1","E minor","E minor","0.09","no","yes","743","D3–B3","55","5","0","0","9","4","421","0.84","1.7","2.28","53","0","Beginner","0","0","5.1","10.8","10.8","50","743","6","6","0","0","100","68","74","95","95","70","yes","26","0","0","0","Beginner","Beginner",""
"clair-obscur-expedition-33-une-vie-a-t-aimer","Intermediate","bass","1","4/4","4","","backing","1303.1","E minor","E minor","0.09","no","yes","929","C2–D4","50","5","0","0","9","9","335","0.67","12","2.85","17","37","Beginner","0","0","0","41.5","41.5","86","929","21","11","79","4","91","59","64","88","97","62","yes","18","14","105","0","Beginner","Beginner",""
"clair-obscur-expedition-33-une-vie-a-t-aimer","Advanced","melody","1","4/4","4","","backing","1303.1","E minor","E minor","0.09","no","yes","405","D#2–A3","45","11","29","0","12","1","337","0.67","6.1","1.24","8","37","Beginner","36.5","18.2","0","107.9","107.9","47","405","18","11","39","5","90","55","61","89","38","56","yes","20","17","67","60","Beginner","Beginner",""
"clair-obscur-expedition-33-une-vie-a-t-aimer","Expert","melody","1","4/4","4","","backing","1303.1","E minor","E minor","0.09","no","yes","405","D#2–A3","45","11","29","0","12","1","337","0.67","6.1","1.24","8","37","Beginner","36.5","18.2","0","107.9","107.9","48","405","18","11","39","5","90","56","63","90","38","58","yes","20","17","67","60","Beginner","Beginner",""
"clair-obscur-expedition-33-alicia","Beginner","roots","2","3/4","3","yes","backing","209.1","C minor","C minor","0.26","yes","yes","156","A#2–G3","51","5","0","0","7","0","496","0.63","1.5","2.98","50","37","Beginner","0","0","0","5.8","5.8","67","156","6","6","0","0","100","74","79","90","94","79","no","20","0","0","0","Beginner","Beginner",""
"clair-obscur-expedition-33-alicia","Intermediate","bass","1","3/4","3","yes","backing","209.1","C minor","C minor","0.26","yes","yes","166","C2–D4","46","5","0","0","9","3","357","0.45","6.8","3.17","15","37","Beginner","0","0","0","0.6","0.6","97","166","19","9","8","0","95","62","72","83","98","67","yes","31","25","35","0","Beginner","Beginner",""
"clair-obscur-expedition-33-alicia","Advanced","melody","0","3/4","3","yes","backing","209.1","C minor","C minor","0.26","yes","yes","177","C2–C4","41","5","0","0","12","2","345","0.44","3.3","3.39","28","37","Beginner","1.7","1.3","16.1","7.2","7.2","59","177","17","10","6","1","97","32","46","75","27","36","yes","31","50","78","21","Beginner","Beginner",""
"clair-obscur-expedition-33-alicia","Expert","melody","0","3/4","3","yes","backing","209.1","C minor","C minor","0.26","yes","yes","272","C2–C4","41","5","0","0","12","1","181","0.23","3.3","5.2","12","37","Beginner","1.7","1.3","16.1","7.2","7.2","66","272","17","10","6","1","98","27","42","74","23","32","yes","26","60","150","26","Beginner","Beginner",""
"coheed-and-cambria-in-keeping-secrets-of-silent-earth-3","Beginner","roots","2","3/4","3","yes","backing","1251","E major","E major","0.02","no","yes","536","E3–C#4","57","4","0","0","9","3","562","1.5","3","1.71","60","0","Beginner","0","0","0","9","9","62","536","6","6","31","31","94","81","82","85","85","86","no","29","0","0","0","Intermediate","Intermediate",""
"coheed-and-cambria-in-keeping-secrets-of-silent-earth-3","Intermediate","bass","0","3/4","3","yes","backing","1251","E major","E major","0.02","no","yes","558","C#2–D4","47","5","0","0","9","12","374","1","12","1.78","35","37","Beginner","0","0","0","9","9","89","558","21","11","90","17","84","78","86","89","91","82","yes","6","26","145","0","Intermediate","Intermediate",""
"coheed-and-cambria-in-keeping-secrets-of-silent-earth-3","Advanced","melody","1","3/4","3","yes","backing","1251","E major","E major","0.02","no","yes","866","C2–A3","45","9","286","0","10","2","281","0.75","3","2.77","61","37","Intermediate","0","0","0","23","12","49","866","17","10","107","19","88","72","76","79","71","85","no","5","25","212","77","Intermediate","Intermediate",""
"coheed-and-cambria-in-keeping-secrets-of-silent-earth-3","Expert","melody","1","3/4","3","yes","backing","1251","E major","E major","0.02","no","yes","1031","C2–A3","45","9","249","0","10","2","94","0.25","3","3.3","63","37","Intermediate","0","0","0","23","12","56","1031","17","10","114","19","89","73","76","79","70","85","no","4","27","272","119","Intermediate","Intermediate",""
"coheed-and-cambria-welcome-home","Beginner","roots","4","4/4","4","","backing","383.5","D♯ minor","D♯ minor","0.22","yes","yes","237","G#2–E3","51","8","153","0","8","1","428","1.07","2","2.47","89","37","Beginner","0","0","0","8","8","56","237","4","4","56","56","76","82","82","89","71","84","no","0","0","0","0","Intermediate","Advanced","Intermediate→Advanced"
"coheed-and-cambria-welcome-home","Intermediate","bass","1","4/4","4","","backing","383.5","D♯ minor","D♯ minor","0.22","yes","yes","57","C#2–F#3","44","5","0","0","7","0","400","1","4","0.59","36","37","Beginner","0","0","0","178","178","41","57","7","7","18","18","68","87","87","87","83","87","no","0","44","25","0","Intermediate","Advanced","Intermediate→Advanced"
"coheed-and-cambria-welcome-home","Advanced","melody","0","4/4","4","","backing","383.5","D♯ minor","D♯ minor","0.22","yes","yes","253","A#2–C#4","52","6","0","0","10","4","300","0.75","4","2.64","33","37","Intermediate","32","12.8","19.5","4","4","46","253","11","9","43","27","83","42","82","92","42","43","yes","0","0","0","103","Intermediate","Advanced","Intermediate→Advanced"
"coheed-and-cambria-welcome-home","Expert","melody","1","4/4","4","","backing","383.5","D♯ minor","D♯ minor","0.22","yes","yes","415","A#2–C#4","52","11","131","0","10","2","100","0.25","4","4.33","42","37","Advanced","32","12.8","19.5","4","4","66","415","11","9","81","57","80","43","85","93","45","44","yes","0","0","0","106","Intermediate","Advanced","Intermediate→Advanced"
"cradle-of-filth-cruelty-brought-thee-orchids","Beginner","roots","3","4/4","4","","backing","1100.7","D minor","D minor","0.05","no","yes","549","F2–D#3","50","5","0","0","9","3","420","1.05","2","2","78","37","Beginner","0","0","-4","6.4","6.4","49","549","6","6","50","50","91","66","68","80","98","78","no","56","4","24","0","Beginner","Beginner",""
"cradle-of-filth-cruelty-brought-thee-orchids","Intermediate","bass","0","4/4","4","","backing","1100.7","D minor","D minor","0.05","no","yes","539","C2–G3","46","5","0","0","9","1","361","0.9","10.7","1.96","32","37","Beginner","0","0","-4","4","4","81","539","16","10","57","54","89","59","66","78","98","68","no","23","27","140","0","Beginner","Beginner",""
"cradle-of-filth-cruelty-brought-thee-orchids","Advanced","melody","1","4/4","4","","backing","1100.7","D minor","D minor","0.05","no","yes","439","C2–D4","49","8","12","0","12","5","267","0.67","7.4","1.6","8","37","Beginner","64","25.6","14.4","36.9","36.9","67","439","20","11","88","78","80","71","78","88","21","72","yes","25","9","31","109","Beginner","Beginner",""
"cradle-of-filth-cruelty-brought-thee-orchids","Expert","melody","1","4/4","4","","backing","1100.7","D minor","D minor","0.05","no","yes","475","C2–D4","48","8","12","0","12","4","133","0.33","7.4","1.73","7","37","Beginner","64","25.6","14.4","36.9","36.9","69","475","20","11","88","78","81","72","79","89","20","73","yes","24","14","56","109","Beginner","Beginner",""
"cradle-of-filth-her-ghost-in-the-fog","Beginner","roots","1","4/4","4","","backing","800.8","D minor","D minor","0.33","yes","yes","582","A#2–G3","50","5","0","0","9","3","433","0.92","1.5","2.91","69","0","Beginner","0","0","0","10","10","63","582","6","6","0","0","100","87","88","93","88","90","no","40","0","0","0","Advanced","Advanced",""
"cradle-of-filth-her-ghost-in-the-fog","Intermediate","bass","0","4/4","4","","backing","800.8","D minor","D minor","0.33","yes","yes","523","C2–G3","46","5","0","0","9","11","354","0.75","6.5","2.61","36","37","Beginner","0","0","0","1","1","85","523","17","11","68","40","87","86","89","96","96","88","yes","20","32","153","0","Advanced","Advanced",""
"cradle-of-filth-her-ghost-in-the-fog","Advanced","melody","1","4/4","4","","backing","800.8","D minor","D minor","0.33","yes","yes","576","D2–C#4","48","6","16","0","12","8","315","0.67","19.5","2.88","30","37","Beginner","32","15.1","22.6","54.3","54.3","37","576","20","11","94","42","84","58","93","98","62","58","yes","17","14","80","43","Advanced","Advanced",""
"cradle-of-filth-her-ghost-in-the-fog","Expert","melody","1","4/4","4","","backing","800.8","D minor","D minor","0.33","yes","yes","1708","D2–C#4","49","6","48","0","12","2","118","0.25","19.5","8.53","61","37","Advanced","32","15.1","22.6","54","54","80","1708","21","12","256","96","85","62","90","97","68","62","yes","14","16","280","97","Advanced","Advanced",""
"cradle-of-filth-nymphetamine","Beginner","roots","2","2/4","2","yes","backing","1291","C minor","C minor","0.14","no","yes","694","A#2–G3","50","10","162","0","9","1","420","0.99","1.9","2.15","74","37","Beginner","0","0","0","9.3","9.3","48","694","6","6","0","0","100","83","85","88","92","85","yes","22","0","0","0","Intermediate","Beginner","Intermediate→Beginner"
"cradle-of-filth-nymphetamine","Intermediate","bass","1","2/4","2","yes","backing","1291","C minor","C minor","0.14","no","yes","453","C2–C#4","41","8","7","0","9","8","355","0.84","13.7","1.4","14","37","Beginner","0","0","0","1.9","1.9","92","453","20","12","99","29","78","84","85","90","97","86","no","13","57","250","0","Intermediate","Beginner","Intermediate→Beginner"
"cradle-of-filth-nymphetamine","Advanced","melody","0","2/4","2","yes","backing","1291","C minor","C minor","0.14","no","yes","754","D2–G3","41","6","0","0","12","5","254","0.6","6.9","2.34","42","37","Beginner","0","0","0","37.3","28.5","69","754","16","12","113","42","85","84","86","89","99","86","no","10","59","445","82","Intermediate","Beginner","Intermediate→Beginner"
"cradle-of-filth-nymphetamine","Expert","melody","0","2/4","2","yes","backing","1291","C minor","C minor","0.14","no","yes","1281","D2–A#3","41","6","0","0","12","4","109","0.26","6.9","3.97","53","37","Beginner","0","0","0","37.3","28.5","89","1281","17","12","203","58","84","87","89","92","99","90","no","12","58","741","137","Intermediate","Beginner","Intermediate→Beginner"
"cradle-of-filth-temptation","Beginner","roots","3","4/4","4","","backing","472","B♭ major","B♭ major","0.22","yes","yes","265","D3–C#4","54","8","107","0","8","3","428","1","1.5","2.25","63","37","Beginner","0","0","0","8.5","8.5","50","265","5","5","66","0","75","100","100","100","98","100","no","29","0","0","0","Intermediate","Intermediate",""
"cradle-of-filth-temptation","Intermediate","bass","1","4/4","4","","backing","472","B♭ major","B♭ major","0.22","yes","yes","245","D2–C#4","41","8","7","0","9","6","428","1","8","2.08","9","37","Beginner","0","0","0","6.5","6.5","78","245","11","8","32","0","87","100","100","100","100","100","no","12","62","153","0","Intermediate","Intermediate",""
"cradle-of-filth-temptation","Advanced","melody","1","4/4","4","","backing","472","B♭ major","B♭ major","0.22","yes","yes","258","A2–C#4","48","8","70","0","10","2","321","0.75","4","2.19","25","37","Beginner","48","20.6","4.5","48","48","54","258","10","8","23","0","91","11","95","97","11","85","yes","7","0","0","21","Intermediate","Intermediate",""
"cradle-of-filth-temptation","Expert","melody","1","4/4","4","","backing","472","B♭ major","B♭ major","0.22","yes","yes","517","A2–C#4","48","8","124","0","12","2","107","0.25","4","4.38","29","37","Intermediate","48","20.6","4","48","48","76","517","10","8","68","0","87","14","92","94","13","81","yes","5","0","0","95","Intermediate","Intermediate",""
"creedence-clearwater-revival-have-you-ever-seen-the-rain","Beginner","roots","1","4/4","4","","backing","300","C major","C major","0.24","yes","yes","207","C2–B2","41","5","0","0","9","6","464","0.87","1.5","2.76","67","0","Beginner","0","0","0","2.5","2.5","62","207","6","6","0","0","100","92","93","96","98","92","yes","72","61","43","0","Beginner","Beginner",""
"creedence-clearwater-revival-have-you-ever-seen-the-rain","Intermediate","bass","0","4/4","4","","backing","300","C major","C major","0.24","yes","yes","189","C2–G3","43","5","0","0","9","1","397","0.75","3.5","2.52","27","0","Beginner","0","0","0","0.5","0.5","93","189","12","8","2","2","99","66","85","92","94","69","yes","60","43","35","0","Beginner","Beginner",""
"creedence-clearwater-revival-have-you-ever-seen-the-rain","Advanced","melody","0","4/4","4","","backing","300","C major","C major","0.24","yes","yes","289","C2–D3","43","6","0","0","12","0","265","0.5","3.5","3.85","51","0","Beginner","12.5","6.6","0","1","1","92","289","10","8","2","2","99","73","87","93","93","75","yes","64","46","56","2","Beginner","Beginner",""
"creedence-clearwater-revival-have-you-ever-seen-the-rain","Expert","melody","0","4/4","4","","backing","300","C major","C major","0.24","yes","yes","319","C2–D3","43","6","0","0","12","2","132","0.25","3.5","4.25","46","0","Beginner","12.5","6.6","0","1","1","95","319","10","8","2","2","99","66","79","84","91","75","yes","58","48","78","2","Beginner","Beginner",""
"deep-purple-smoke-on-the-water","Beginner","roots","1","4/4","4","","backing","644","G minor","G minor","0.11","no","yes","497","F2–D3","43","5","0","0","9","0","442","0.83","1.5","3.09","70","37","Beginner","0","0","0","3.1","3.1","66","497","6","6","24","24","95","82","89","93","74","83","yes","68","8","38","0","Beginner","Beginner",""
"deep-purple-smoke-on-the-water","Intermediate","bass","0","4/4","4","","backing","644","G minor","G minor","0.11","no","yes","520","C#2–C#4","43","5","0","0","9","1","398","0.75","8","3.23","48","37","Beginner","0","0","0","10.5","10.5","78","520","15","10","12","11","98","84","90","97","87","85","yes","50","9","49","0","Beginner","Beginner",""
"deep-purple-smoke-on-the-water","Advanced","melody","0","4/4","4","","backing","644","G minor","G minor","0.11","no","yes","684","C2–C4","43","6","0","0","12","1","265","0.5","8","4.25","19","37","Beginner","0","0","0","8","8","72","684","18","11","23","21","97","63","70","82","51","70","no","44","22","130","39","Beginner","Beginner",""
"deep-purple-smoke-on-the-water","Expert","melody","0","4/4","4","","backing","644","G minor","G minor","0.11","no","yes","705","C2–C4","43","6","0","0","12","1","88","0.17","8","4.38","18","37","Beginner","0","0","0","8","8","74","705","20","12","26","23","96","62","69","82","50","70","no","43","21","130","42","Beginner","Beginner",""
"deftones-7-words","Beginner","roots","3","4/4","4","","backing","487.5","E major","E major","0.08","no","yes","270","E3–A#3","52","4","0","0","6","0","465","0.99","1.6","2.22","25","37","Beginner","0","0","0","12","1.6","52","270","5","5","17","17","94","67","67","84","100","78","no","40","0","0","0","Intermediate","Intermediate",""
"deftones-7-words","Intermediate","bass","0","4/4","4","","backing","487.5","E major","E major","0.08","no","yes","414","D2–F#3","46","4","0","0","7","0","351","0.75","4.8","3.4","13","0","Beginner","0","0","0","12.4","0.9","81","414","8","6","165","27","60","60","60","80","100","67","no","26","16","67","0","Intermediate","Intermediate",""
"deftones-7-words","Advanced","melody","1","4/4","4","","backing","487.5","E major","E major","0.08","no","yes","386","E2–E3","50","6","6","0","10","9","351","0.75","2.5","3.17","7","0","Beginner","15.9","7.4","0","16","16","59","386","7","6","166","27","57","62","62","79","100","70","no","36","13","50","2","Intermediate","Intermediate",""
"deftones-7-words","Expert","melody","1","4/4","4","","backing","487.5","E major","E major","0.08","no","yes","812","E2–E3","47","6","6","0","8","0","59","0.13","2.5","6.66","25","0","Intermediate","15.9","7.4","0","15.9","15.9","87","812","8","7","242","39","70","50","57","76","92","58","no","25","11","88","2","Intermediate","Intermediate",""
"deftones-around-the-fur","Beginner","roots","1","4/4","4","","backing","498.3","D♭ major","D♭ major","0.01","no","yes","210","C2–G2","37","5","0","0","6","0","580","1.5","2.3","1.69","56","37","Beginner","0","0","0","8","8","69","210","5","5","72","56","66","94","95","95","100","94","yes","32","73","142","0","Intermediate","Intermediate",""
"deftones-around-the-fur","Intermediate","bass","1","4/4","4","","backing","498.3","D♭ major","D♭ major","0.01","no","yes","149","D#3–C#4","60","5","0","0","9","6","387","1","10.3","1.2","22","37","Beginner","0","0","0","36.5","36.5","89","149","7","7","66","32","56","97","98","98","100","97","yes","0","0","0","0","Intermediate","Intermediate",""
"deftones-around-the-fur","Advanced","melody","1","4/4","4","","backing","498.3","D♭ major","D♭ major","0.01","no","yes","280","C2–D#3","43","8","83","0","12","7","387","1","32","2.25","56","37","Intermediate","0","0","0","44","44","56","280","12","9","106","34","62","95","97","97","85","96","yes","12","44","121","58","Intermediate","Intermediate",""
"deftones-around-the-fur","Expert","melody","1","4/4","4","","backing","498.3","D♭ major","D♭ major","0.01","no","yes","366","C2–D#3","43","8","103","0","12","5","193","0.5","32","2.94","66","37","Intermediate","0","0","0","44","44","65","366","12","9","138","48","62","95","97","97","84","96","yes","13","43","154","72","Intermediate","Intermediate",""
"deftones-be-quiet-and-drive-far-away","Beginner","roots","3","4/4","4","","backing","456","B♭ minor","B♭ minor","0.13","no","yes","372","C#2–A#2","37","5","0","0","9","20","722","1","1","3.26","71","37","Beginner","0","0","0","4","1","68","372","4","4","0","0","100","88","88","88","98","98","no","0","66","246","0","Intermediate","Intermediate",""
"deftones-be-quiet-and-drive-far-away","Intermediate","bass","1","4/4","4","","backing","456","B♭ minor","B♭ minor","0.13","no","yes","250","C#2–A#2","37","5","0","0","9","17","361","0.5","3.2","2.19","73","37","Beginner","0","0","172.8","0.5","0.5","57","250","4","4","0","0","100","85","86","86","95","94","no","0","56","140","0","Intermediate","Intermediate",""
"deftones-be-quiet-and-drive-far-away","Advanced","melody","0","4/4","4","","backing","456","B♭ minor","B♭ minor","0.13","no","yes","582","C2–C4","46","6","0","0","12","6","361","0.5","4","5.11","54","37","Intermediate","0","0","0","16","5","69","582","14","7","45","0","92","37","57","85","34","41","yes","1","35","198","89","Intermediate","Intermediate",""
"deftones-be-quiet-and-drive-far-away","Expert","melody","0","4/4","4","","backing","456","B♭ minor","B♭ minor","0.13","no","yes","836","C2–C#4","46","6","0","0","12","5","180","0.25","4","7.33","48","37","Intermediate","0","0","0","16","5","83","836","15","7","45","0","95","42","59","82","38","46","yes","1","38","308","170","Intermediate","Intermediate",""
"deftones-ceremony","Beginner","roots","2","4/4","4","","backing","714","C major","C major","0.27","yes","yes","670","C2–G2","36","5","0","0","7","0","426","0.99","1.1","3.75","92","0","Beginner","0","0","0","8","8","70","670","5","5","0","0","100","65","66","68","73","76","no","72","98","186","0","Beginner","Beginner",""
"deftones-ceremony","Intermediate","bass","0","4/4","4","","backing","714","C major","C major","0.27","yes","yes","153","B2–C4","48","5","0","0","8","1","571","1.33","14","0.86","61","0","Beginner","0","0","0","0.7","0.7","99","153","7","6","0","0","100","64","67","69","63","69","no","1","0","0","0","Beginner","Beginner",""
"deftones-ceremony","Advanced","melody","0","4/4","4","","backing","714","C major","C major","0.27","yes","yes","293","C2–C4","52","5","0","0","12","22","250","0.58","9.3","1.64","16","0","Beginner","18.7","8","33.2","151.2","151.2","55","293","11","6","0","0","100","52","81","85","16","58","yes","17","13","11","0","Beginner","Beginner",""
"deftones-ceremony","Expert","melody","0","4/4","4","","backing","714","C major","C major","0.27","yes","yes","503","C2–C4","48","5","0","0","12","25","31","0.07","9.3","2.82","0","0","Beginner","18.7","8","33.2","151.1","151.1","58","503","11","6","0","0","100","56","80","90","16","61","yes","15","7","10","0","Beginner","Beginner",""
"deftones-change-in-the-house-of-flies","Beginner","roots","1","4/4","4","","backing","636","C minor","C minor","0.3","yes","yes","573","C2–G#2","36","5","0","0","8","5","432","0.94","1.1","3.6","87","37","Beginner","0","0","0","1","1","71","573","4","4","0","0","100","98","99","99","96","99","yes","52","80","160","0","Beginner","Beginner",""
"deftones-change-in-the-house-of-flies","Intermediate","bass","1","4/4","4","","backing","636","C minor","C minor","0.3","yes","yes","169","C2–C3","41","8","16","0","8","17","461","1","10.5","1.06","40","37","Beginner","0","0","0","1","1","94","169","5","4","0","0","100","91","97","98","96","92","yes","24","57","56","0","Beginner","Beginner",""
"deftones-change-in-the-house-of-flies","Advanced","melody","1","4/4","4","","backing","636","C minor","C minor","0.3","yes","yes","475","C2–C3","39","8","92","0","12","9","461","1","9","2.99","77","37","Beginner","0","0","0","1.5","1.5","57","475","5","4","0","0","100","88","90","91","91","97","no","42","66","112","2","Beginner","Beginner",""
"deftones-change-in-the-house-of-flies","Expert","melody","1","4/4","4","","backing","636","C minor","C minor","0.3","yes","yes","798","C2–C3","39","8","102","0","12","12","230","0.5","9","5.02","76","37","Beginner","0","0","0","1.5","1.5","83","798","6","5","0","0","100","88","90","91","95","97","no","44","65","171","4","Beginner","Beginner",""
"deftones-change","Beginner","roots","0","4/4","4","","backing","637.5","C minor","C minor","0.22","yes","yes","579","C2–G#2","36","5","0","0","8","3","425","0.92","1.5","3.63","85","37","Beginner","0","0","0","1.9","1.9","71","579","6","6","0","0","100","87","91","97","98","87","yes","55","85","177","0","Intermediate","Intermediate",""
"deftones-change","Intermediate","bass","0","4/4","4","","backing","637.5","C minor","C minor","0.22","yes","yes","459","C2–G#2","38","5","0","0","8","4","392","0.85","15.2","2.88","75","37","Beginner","0","0","0","2.5","2.5","67","459","6","6","0","0","100","85","89","98","98","85","yes","51","84","160","0","Intermediate","Intermediate",""
"deftones-change","Advanced","melody","0","4/4","4","","backing","637.5","C minor","C minor","0.22","yes","yes","491","C2–E3","41","5","0","0","12","13","274","0.59","15.2","3.08","62","37","Beginner","32","14.8","0","1.4","1.4","54","491","11","8","21","0","96","81","88","93","86","83","yes","35","67","157","47","Intermediate","Intermediate",""
"deftones-change","Expert","melody","0","4/4","4","","backing","637.5","C minor","C minor","0.22","yes","yes","1029","C2–E3","41","5","0","0","12","14","54","0.12","15.2","6.46","65","37","Intermediate","32","14.8","0","0.5","0.5","93","1029","11","9","39","0","96","77","87","93","85","78","yes","37","64","289","106","Intermediate","Intermediate",""
"deftones-diamond-eyes","Beginner","roots","4","6/8","3","yes","backing","224","B♭ minor","B♭ minor","0.08","no","yes","164","F2–B2","46","10","41","0","4","0","585","0.75","1.5","2.93","59","37","Beginner","0.5","0.4","0","2.6","2.6","65","164","5","5","37","16","77","95","95","95","94","95","no","13","2","4","0","Intermediate","Intermediate",""
"deftones-diamond-eyes","Intermediate","bass","1","6/8","3","yes","backing","224","B♭ minor","B♭ minor","0.08","no","yes","181","F2–F3","46","5","0","0","9","1","389","0.5","3","3.23","27","37","Beginner","0","0","0","24.5","24.5","85","181","6","5","73","40","60","97","97","97","97","97","no","18","1","2","0","Intermediate","Intermediate",""
"deftones-diamond-eyes","Advanced","melody","1","6/8","3","yes","backing","224","B♭ minor","B♭ minor","0.08","no","yes","299","F#2–G#3","46","10","145","0","12","16","389","0.5","0.7","5.34","36","37","Intermediate","0","0","0","3.5","2.5","61","299","10","7","91","63","70","100","100","100","83","100","no","5","6","17","71","Intermediate","Intermediate",""
"deftones-diamond-eyes","Expert","melody","1","6/8","3","yes","backing","224","B♭ minor","B♭ minor","0.08","no","yes","409","F#2–G#3","46","8","58","0","12","13","194","0.25","0.7","7.3","43","37","Intermediate","0","0","0","3.5","2.5","74","409","10","7","126","63","69","100","100","100","88","100","no","9","5","20","111","Intermediate","Intermediate",""
"deftones-digital-bath","Beginner","roots","2","4/4","4","","backing","356","E minor","E minor","0.23","yes","yes","278","G2–E3","52","5","0","0","7","0","489","0.75","1.5","3.12","69","0","Beginner","0","0","0","1.5","1.5","66","278","4","4","0","0","100","88","88","92","100","92","no","13","0","0","0","Beginner","Beginner",""
"deftones-digital-bath","Intermediate","bass","0","4/4","4","","backing","356","E minor","E minor","0.23","yes","yes","164","C2–B2","38","4","0","0","9","1","652","1","8","1.84","16","0","Beginner","0","0","0","0.8","0.8","96","164","6","6","0","0","100","95","95","97","100","96","no","40","98","95","0","Beginner","Beginner",""
"deftones-digital-bath","Advanced","melody","0","4/4","4","","backing","356","E minor","E minor","0.23","yes","yes","253","C2–A#3","43","6","0","0","12","6","326","0.5","8","2.84","51","37","Beginner","0","0","0","8","8","93","253","13","8","6","6","98","58","71","98","47","60","yes","42","40","86","8","Beginner","Beginner",""
"deftones-digital-bath","Expert","melody","0","4/4","4","","backing","356","E minor","E minor","0.23","yes","yes","283","C2–A#3","43","6","0","0","12","6","163","0.25","8","3.18","44","37","Beginner","0","0","0","8","8","95","283","14","9","6","6","98","56","73","99","51","58","yes","41","37","86","8","Beginner","Beginner",""
"deftones-feiticeira","Beginner","roots","4","4/4","4","","backing","234","B major","B major","0.23","yes","yes","208","G2–E3","47","8","87","0","5","0","705","0.92","1","3.56","86","37","Beginner","0","0","0","1.5","1.5","68","208","5","5","46","42","78","99","99","100","98","100","no","2","0","0","0","Intermediate","Advanced","Intermediate→Advanced"
"deftones-feiticeira","Intermediate","bass","1","4/4","4","","backing","234","B major","B major","0.23","yes","yes","272","E2–C4","47","9","209","0","8","1","384","0.5","4","4.65","68","37","Beginner","0","0","0","0.5","0.5","89","272","9","7","53","48","81","99","99","99","98","99","no","0","5","13","0","Intermediate","Advanced","Intermediate→Advanced"
"deftones-feiticeira","Advanced","melody","1","4/4","4","","backing","234","B major","B major","0.23","yes","yes","364","C2–C4","47","8","94","0","12","26","384","0.5","4","6.22","62","37","Beginner","0","0","0","1.5","1.5","53","364","10","5","65","49","82","67","85","98","65","68","yes","8","16","41","2","Intermediate","Advanced","Intermediate→Advanced"
"deftones-feiticeira","Expert","melody","1","4/4","4","","backing","234","B major","B major","0.23","yes","yes","802","C2–C4","47","8","201","0","12","8","96","0.12","4","13.71","69","37","Advanced","0","0","0","0.8","0.8","98","802","11","6","202","126","75","71","86","98","69","72","yes","10","8","41","12","Intermediate","Advanced","Intermediate→Advanced"
"deftones-mascara","Beginner","roots","3","4/4","4","","backing","293.6","F major","F major","0","no","yes","235","G#2–C#4","53","4","0","0","9","7","536","0.75","1.5","3.2","73","37","Beginner","0","0","0","6.4","6.4","66","235","6","6","86","9","63","84","87","91","88","84","yes","22","0","0","0","Beginner","Intermediate","Beginner→Intermediate"
"deftones-mascara","Intermediate","bass","0","4/4","4","","backing","293.6","F major","F major","0","no","yes","210","C#2–F#3","41","5","0","0","9","4","357","0.5","4.4","2.86","28","37","Beginner","0","0","0","0","0","99","210","8","8","91","13","57","77","80","85","94","77","yes","4","62","131","0","Beginner","Intermediate","Beginner→Intermediate"
"deftones-mascara","Advanced","melody","1","4/4","4","","backing","293.6","F major","F major","0","no","yes","317","C#2–A3","49","9","67","0","12","6","357","0.5","5","4.32","39","37","Intermediate","0","0","0","4","4","97","317","15","9","117","23","63","99","99","99","90","99","no","25","27","86","62","Beginner","Intermediate","Beginner→Intermediate"
"deftones-mascara","Expert","melody","1","4/4","4","","backing","293.6","F major","F major","0","no","yes","328","C#2–A3","45","9","75","0","12","6","44","0.06","5","4.47","38","37","Intermediate","0","0","0","3.9","3.9","98","328","15","9","125","23","62","97","97","99","88","97","no","24","26","86","64","Beginner","Intermediate","Beginner→Intermediate"
"deftones-minerva","Beginner","roots","6","4/4","4","","backing","535.5","D♭ major","D♭ major","0.29","yes","yes","339","G#2–C#4","61","8","18","0","9","1","487","1","1.5","2.53","79","37","Beginner","0","0","-0.5","16","16","55","339","6","5","16","0","95","68","70","74","79","81","no","0","0","0","0","Intermediate","Advanced","Intermediate→Advanced"
"deftones-minerva","Intermediate","bass","1","4/4","4","","backing","535.5","D♭ major","D♭ major","0.29","yes","yes","145","C#2–F#3","37","5","0","0","7","0","487","1","8","1.08","67","37","Beginner","0","0","63.5","16.5","16.5","50","145","7","6","2","0","99","63","74","79","92","79","no","0","68","99","0","Intermediate","Advanced","Intermediate→Advanced"
"deftones-minerva","Advanced","melody","1","4/4","4","","backing","535.5","D♭ major","D♭ major","0.29","yes","yes","336","C#2–F#3","42","8","67","0","12","10","487","1","8","2.51","61","37","Intermediate","32","15.6","63.5","24","24","43","336","10","7","33","3","90","59","62","71","85","75","no","0","51","171","148","Intermediate","Advanced","Intermediate→Advanced"
"deftones-minerva","Expert","melody","1","4/4","4","","backing","535.5","D♭ major","D♭ major","0.29","yes","yes","623","C#2–F#3","42","8","98","0","12","8","243","0.5","8","4.65","67","37","Advanced","32","15.6","63.5","24","24","70","623","10","7","91","32","85","54","59","67","82","70","no","5","51","315","178","Intermediate","Advanced","Intermediate→Advanced"
"deftones-my-own-summer-shove-it-2","Beginner","roots","3","4/4","4","","backing","252","C♯ minor","C♯ minor","0.15","no","yes","180","F3–C#4","57","4","0","0","8","19","729","0.87","1","2.86","42","0","Beginner","0.2","0.2","0","2","2","58","180","4","4","19","0","89","96","96","96","86","99","no","36","0","0","0","Advanced","Advanced",""
"deftones-my-own-summer-shove-it-2","Intermediate","bass","1","4/4","4","","backing","252","C♯ minor","C♯ minor","0.15","no","yes","197","C2–C#4","54","5","0","0","9","21","416","0.5","2","3.13","29","37","Beginner","0","0","0.8","39.5","39.5","56","197","9","6","24","0","88","94","95","100","92","94","yes","14","19","33","0","Advanced","Advanced",""
"deftones-my-own-summer-shove-it-2","Advanced","melody","1","4/4","4","","backing","252","C♯ minor","C♯ minor","0.15","no","yes","342","C#2–E3","48","9","192","0","12","23","416","0.5","1","5.43","32","37","Advanced","0","0","0.8","44","40","40","342","7","6","35","0","90","23","79","79","20","56","yes","0","14","48","142","Advanced","Advanced",""
"deftones-my-own-summer-shove-it-2","Expert","melody","1","4/4","4","","backing","252","C♯ minor","C♯ minor","0.15","no","yes","739","C#2–E3","48","9","447","0","12","28","208","0.25","1","11.73","26","37","Advanced","0","0","0","44","40","80","739","8","7","65","0","91","27","79","81","22","52","yes","0","14","106","246","Advanced","Advanced",""
"deftones-my-own-summer-shove-it","Beginner","roots","2","4/4","4","","backing","226","G minor","G minor","0.03","no","yes","92","A#2–C#4","55","5","0","0","9","3","447","1","1.5","1.63","48","0","Beginner","0","0","6","5","5","43","92","6","6","32","20","65","70","86","86","66","70","yes","17","0","0","0","Advanced","Advanced",""
"deftones-my-own-summer-shove-it","Intermediate","bass","0","4/4","4","","backing","226","G minor","G minor","0.03","no","yes","153","C#2–C#4","45","4","0","0","9","11","447","1","7.5","2.71","25","37","Beginner","0","0","0","1","1","66","153","10","8","90","10","41","51","53","53","97","51","yes","8","35","53","0","Advanced","Advanced",""
"deftones-my-own-summer-shove-it","Advanced","melody","0","4/4","4","","backing","226","G minor","G minor","0.03","no","yes","185","D2–A#3","50","6","0","0","12","22","447","1","1.5","3.27","26","37","Beginner","0","0","5.5","1.5","1.5","48","185","11","7","22","10","88","88","88","88","40","95","no","41","13","24","35","Advanced","Advanced",""
"deftones-my-own-summer-shove-it","Expert","melody","0","4/4","4","","backing","226","G minor","G minor","0.03","no","yes","376","D2–A#3","50","6","0","0","12","29","223","0.5","1.5","6.65","14","37","Advanced","0","0","5.5","1","1","90","376","11","7","41","24","89","88","88","88","49","95","no","30","14","51","60","Advanced","Advanced",""
"deftones-passenger","Beginner","roots","3","4/4","4","","backing","682.3","E minor","E minor","0.27","yes","yes","568","G2–F3","52","4","0","0","9","5","421","0.87","1.3","3.33","78","37","Beginner","0","0","0","6","2.6","66","568","6","6","103","87","82","77","82","90","97","80","yes","26","0","0","0","Beginner","Beginner",""
"deftones-passenger","Intermediate","bass","0","4/4","4","","backing","682.3","E minor","E minor","0.27","yes","yes","321","D2–G3","43","5","0","0","9","4","483","1","16.8","1.88","50","0","Beginner","0","0","0","6","2","91","321","10","7","68","45","79","81","82","92","95","82","yes","12","49","157","0","Beginner","Beginner",""
"deftones-passenger","Advanced","melody","0","4/4","4","","backing","682.3","E minor","E minor","0.27","yes","yes","406","D2–E3","40","5","0","0","12","12","254","0.52","16.8","2.38","48","0","Beginner","64","31","42","4.2","4.2","70","406","6","5","71","40","83","82","85","91","98","84","yes","13","75","306","0","Beginner","Beginner",""
"deftones-passenger","Expert","melody","0","4/4","4","","backing","682.3","E minor","E minor","0.27","yes","yes","550","D2–F3","40","5","0","0","12","18","121","0.25","16.8","3.22","44","0","Beginner","64","31","42","4.2","4.2","80","550","7","5","81","50","85","87","89","94","98","88","yes","12","75","412","0","Beginner","Beginner",""
"deftones-rx-queen","Beginner","roots","3","4/4","4","","backing","561","C minor","C minor","0.04","no","yes","471","D3–A#3","51","8","242","0","7","0","428","1","1.1","3.36","87","37","Beginner","1","0.4","0","28","1.5","64","471","5","5","29","0","94","100","100","100","100","100","no","28","0","0","0","Beginner","Beginner",""
"deftones-rx-queen","Intermediate","bass","0","4/4","4","","backing","561","C minor","C minor","0.04","no","yes","175","C2–A#3","39","5","0","0","7","0","428","1","9","1.25","36","37","Beginner","0","0","0","28","0","94","175","8","6","20","0","89","100","100","100","100","100","no","22","85","113","0","Beginner","Beginner",""
"deftones-rx-queen","Advanced","melody","1","4/4","4","","backing","561","C minor","C minor","0.04","no","yes","236","C2–C4","51","8","65","0","12","14","428","1","9","1.68","60","37","Beginner","0","0","0","41","10","59","236","10","5","63","0","73","61","100","100","55","61","yes","26","23","39","4","Beginner","Beginner",""
"deftones-rx-queen","Expert","melody","1","4/4","4","","backing","561","C minor","C minor","0.04","no","yes","322","C2–C4","51","8","127","0","12","11","214","0.5","9","2.3","71","37","Beginner","0","0","0","41","10","67","322","10","5","72","0","78","64","100","100","60","64","yes","22","17","39","4","Beginner","Beginner",""
"escape-the-fate-the-flood","Beginner","roots","1","4/4","4","","backing","648","G minor","G minor","0.23","yes","yes","291","G2–D#3","46","5","0","0","8","2","552","1.75","2","1.8","72","37","Beginner","0","0","3","6","4","70","291","6","6","0","0","100","89","89","89","95","89","no","47","0","0","0","Advanced","Advanced",""
"escape-the-fate-the-flood","Intermediate","bass","0","4/4","4","","backing","648","G minor","G minor","0.23","yes","yes","148","C2–A#3","43","5","0","0","9","10","631","2","8","0.91","31","37","Beginner","0","0","0","4","3","86","148","15","9","6","2","96","91","94","94","96","91","yes","40","33","39","0","Advanced","Advanced",""
"escape-the-fate-the-flood","Advanced","melody","0","4/4","4","","backing","648","G minor","G minor","0.23","yes","yes","509","C2–D4","48","6","0","0","12","10","276","0.87","4","3.14","57","37","Intermediate","0","0","0.5","24.5","24.5","44","509","17","10","45","5","91","38","89","97","33","52","yes","31","1","0","37","Advanced","Advanced",""
"escape-the-fate-the-flood","Expert","melody","0","4/4","4","","backing","648","G minor","G minor","0.23","yes","yes","961","C2–D4","46","6","0","0","12","5","39","0.12","4","5.93","73","37","Advanced","0","0","0.5","24.5","24.5","75","961","20","12","79","10","92","37","90","97","31","54","yes","38","1","0","57","Advanced","Advanced",""
"evanescence-bring-me-to-life","Beginner","roots","1","4/4","4","","backing","212.5","E minor","E minor","0.32","yes","yes","149","G2–E3","52","5","0","0","9","14","491","0.9","1.5","2.8","55","0","Beginner","0","0","0","2","2","65","149","6","6","0","0","100","75","83","94","79","79","yes","29","0","0","0","Intermediate","Intermediate",""
"evanescence-bring-me-to-life","Intermediate","bass","0","4/4","4","","backing","212.5","E minor","E minor","0.32","yes","yes","193","E2–D4","52","5","0","0","9","4","408","0.75","2.8","3.63","26","0","Beginner","0","0","0.2","1.5","1.5","66","193","13","7","0","0","100","83","95","99","92","83","yes","20","16","30","0","Intermediate","Intermediate",""
"evanescence-bring-me-to-life","Advanced","melody","0","4/4","4","","backing","212.5","E minor","E minor","0.32","yes","yes","337","E2–D4","55","5","0","0","12","14","272","0.5","2","6.34","7","0","Intermediate","0","0","0","2","1","82","337","12","7","0","0","100","86","90","97","62","86","yes","18","5","16","0","Intermediate","Intermediate",""
"evanescence-bring-me-to-life","Expert","melody","0","4/4","4","","backing","212.5","E minor","E minor","0.32","yes","yes","355","E2–D4","55","5","0","0","12","14","136","0.25","2","6.68","6","0","Intermediate","0","0","0","2","1","85","355","13","7","0","0","100","84","90","97","61","84","yes","20","5","16","0","Intermediate","Intermediate",""
"evanescence-my-immortal","Beginner","roots","3","4/4","4","","backing","348.8","C♯ minor","C♯ minor","0.1","no","yes","214","C#2–A2","40","4","0","0","8","8","523","0.68","1.5","2.45","55","37","Beginner","0","0","0","5.4","5.4","50","214","5","5","24","24","89","82","86","96","86","86","yes","0","71","151","0","Intermediate","Intermediate",""
"evanescence-my-immortal","Intermediate","bass","1","4/4","4","","backing","348.8","C♯ minor","C♯ minor","0.1","no","yes","416","C#2–D4","44","5","0","0","9","6","343","0.45","5.5","4.77","23","37","Beginner","0","0","0","8.7","8.7","77","416","14","8","37","37","91","82","88","100","99","82","yes","8","38","159","0","Intermediate","Intermediate",""
"evanescence-my-immortal","Advanced","melody","1","4/4","4","","backing","348.8","C♯ minor","C♯ minor","0.1","no","yes","374","C#2–D4","49","8","39","0","12","11","357","0.46","5.5","4.29","24","37","Intermediate","0","0","0","1.7","1.7","68","374","17","8","32","32","91","78","85","99","92","78","yes","12","16","61","119","Intermediate","Intermediate",""
"evanescence-my-immortal","Expert","melody","1","4/4","4","","backing","348.8","C♯ minor","C♯ minor","0.1","no","yes","488","C#2–D4","49","8","49","0","12","15","96","0.12","5.5","5.6","20","37","Intermediate","0","0","0","1.7","1.7","76","488","17","8","36","36","93","72","80","98","93","73","yes","13","20","100","153","Intermediate","Intermediate",""
"faith-no-more-epic","Beginner","roots","1","4/4","4","","backing","649.7","E minor","E minor","0.31","yes","yes","554","G2–F#3","52","5","0","0","9","1","425","0.85","1.4","3.41","90","0","Beginner","0","0","0","1.4","1.4","68","554","6","6","0","0","100","72","74","92","61","73","yes","5","0","0","0","Beginner","Beginner",""
"faith-no-more-epic","Intermediate","bass","0","4/4","4","","backing","649.7","E minor","E minor","0.31","yes","yes","366","C2–F#3","40","5","0","0","9","2","334","0.67","2.6","2.25","55","0","Beginner","0","0","0","1.1","1.1","89","366","9","6","0","0","100","61","63","82","52","62","yes","11","52","178","0","Beginner","Beginner",""
"faith-no-more-epic","Advanced","melody","1","4/4","4","","backing","649.7","E minor","E minor","0.31","yes","yes","160","C2–C4","45","6","4","0","11","11","271","0.54","10.9","0.99","18","0","Beginner","0.2","0.1","68.4","43.7","43.7","58","160","15","8","5","5","97","68","71","81","51","78","no","26","31","49","5","Beginner","Beginner",""
"faith-no-more-epic","Expert","melody","1","4/4","4","","backing","649.7","E minor","E minor","0.31","yes","yes","174","C2–C4","45","6","4","0","12","9","21","0.04","10.9","1.07","21","0","Beginner","0.2","0.1","68.4","43.7","43.7","59","174","15","8","6","6","97","67","71","80","51","77","no","25","32","55","5","Beginner","Beginner",""
"florence-the-machine-stand-by-me","Beginner","roots","1","4/4","4","","backing","457.4","G major","G major","0.18","no","yes","424","G2–A3","48","5","0","0","9","4","620","0.88","1.4","3.71","75","0","Beginner","0","0","0","2","2","73","424","6","6","0","0","100","91","91","92","91","92","no","58","0","0","0","Beginner","Beginner",""
"florence-the-machine-stand-by-me","Intermediate","bass","0","4/4","4","","backing","457.4","G major","G major","0.18","no","yes","157","G2–G3","50","5","0","0","7","0","353","0.5","8.4","1.37","22","0","Beginner","0","0","0","0.1","0.1","100","157","9","8","7","0","96","85","86","92","90","85","yes","33","0","0","0","Beginner","Beginner",""
"florence-the-machine-stand-by-me","Advanced","melody","0","4/4","4","","backing","457.4","G major","G major","0.18","no","yes","95","D2–A3","50","5","0","0","12","15","351","0.5","8.1","0.83","1","0","Beginner","32","22.6","0.3","36","36","72","95","12","8","7","0","93","74","79","91","44","74","yes","35","6","6","0","Beginner","Beginner",""
"florence-the-machine-stand-by-me","Expert","melody","0","4/4","4","","backing","457.4","G major","G major","0.18","no","yes","95","D2–A3","50","5","0","0","12","15","351","0.5","8.1","0.83","1","0","Beginner","32","22.6","0.3","36","36","72","95","12","8","7","0","93","74","79","91","44","74","yes","35","6","6","0","Beginner","Beginner",""
"foo-fighters-all-my-life","Beginner","roots","1","4/4","4","","backing","665","G minor","G minor","0.07","no","yes","277","C2–D#3","43","5","0","0","8","3","779","2","2","1.67","82","37","Beginner","0","0","0","4.5","4.5","62","277","5","5","0","0","100","98","98","98","96","100","no","83","12","12","0","Intermediate","Intermediate",""
"foo-fighters-all-my-life","Intermediate","bass","0","4/4","4","","backing","665","G minor","G minor","0.07","no","yes","272","C#2–D#3","43","5","0","0","8","3","389","1","8","1.64","67","37","Beginner","0","0","0","0.5","0.5","93","272","6","6","14","14","95","99","99","99","99","100","no","81","7","20","0","Intermediate","Intermediate",""
"foo-fighters-all-my-life","Advanced","melody","0","4/4","4","","backing","665","G minor","G minor","0.07","no","yes","381","D2–A#3","46","6","0","0","12","1","389","1","4","2.29","53","37","Beginner","80","31.2","0","17","17","37","381","13","9","46","15","88","74","81","91","61","75","yes","43","9","33","64","Intermediate","Intermediate",""
"foo-fighters-all-my-life","Expert","melody","0","4/4","4","","backing","665","G minor","G minor","0.07","no","yes","673","D2–A#3","43","6","0","0","12","1","194","0.5","4","4.05","57","37","Intermediate","80","31.2","0","17","17","59","673","12","9","70","31","90","80","86","93","70","81","yes","51","7","47","109","Intermediate","Intermediate",""
"foo-fighters-best-of-you","Beginner","roots","3","4/4","4","","backing","525.5","E major","E major","0.22","yes","yes","435","D#3–C#4","57","4","0","0","9","6","420","0.88","1.5","3.31","69","37","Beginner","0","0","0","5.2","5.2","69","435","6","6","0","0","100","78","79","83","84","90","no","25","0","0","0","Intermediate","Intermediate",""
"foo-fighters-best-of-you","Intermediate","bass","0","4/4","4","","backing","525.5","E major","E major","0.22","yes","yes","247","C#2–C#4","54","4","0","0","9","10","343","0.71","7.6","1.88","33","37","Beginner","0","0","4.8","1.4","1.4","94","247","10","6","0","0","100","60","62","69","82","78","no","16","3","7","0","Intermediate","Intermediate",""
"foo-fighters-best-of-you","Advanced","melody","1","4/4","4","","backing","525.5","E major","E major","0.22","yes","yes","254","C2–B2","44","8","123","0","10","5","343","0.71","3.8","1.93","57","37","Beginner","0","0","30.3","32","32","34","254","7","7","1","0","100","18","31","60","8","30","yes","0","45","113","86","Intermediate","Intermediate",""
"foo-fighters-best-of-you","Expert","melody","1","4/4","4","","backing","525.5","E major","E major","0.22","yes","yes","418","C2–B2","44","8","230","0","10","3","114","0.24","3.8","3.18","71","37","Intermediate","0","0","30.3","32","32","49","418","7","7","1","0","100","16","32","62","7","34","no","0","37","155","112","Intermediate","Intermediate",""
"foo-fighters-everlong","Beginner","roots","1","4/4","4","","backing","632","B minor","B minor","0.04","no","yes","310","G2–F#3","47","4","0","0","7","0","664","1.75","2","1.96","69","0","Beginner","0","0","0","3","3","78","310","5","5","0","0","100","91","91","92","100","97","no","57","0","0","0","Advanced","Advanced",""
"foo-fighters-everlong","Intermediate","bass","0","4/4","4","","backing","632","B minor","B minor","0.04","no","yes","122","D2–D4","47","5","0","0","9","29","379","1","20","0.77","13","0","Beginner","0","0","0","1.5","1.5","99","122","11","7","0","0","100","89","92","94","98","92","no","26","22","27","0","Advanced","Advanced",""
"foo-fighters-everlong","Advanced","melody","1","4/4","4","","backing","632","B minor","B minor","0.04","no","yes","562","D2–D4","49","6","26","0","12","15","379","1","1","3.56","43","0","Intermediate","0","0","4","1.5","1.5","49","562","14","7","0","0","100","52","74","77","45","53","yes","15","7","39","128","Advanced","Advanced",""
"foo-fighters-everlong","Expert","melody","0","4/4","4","","backing","632","B minor","B minor","0.04","no","yes","1035","D2–D4","49","6","0","0","12","19","189","0.5","1","6.55","44","0","Advanced","0","0","4","1","1","87","1035","14","7","0","0","100","59","78","81","54","61","yes","17","9","93","177","Advanced","Advanced",""
"foo-fighters-learn-to-fly","Beginner","roots","3","1/4","1","yes","backing","525","B minor","B minor","0.02","no","yes","322","E3–C#4","57","5","0","0","9","5","427","0.97","1.9","2.45","62","0","Beginner","1","0.4","0","4.5","4.5","62","322","6","6","0","0","100","79","86","88","98","88","no","7","0","0","0","Intermediate","Intermediate",""
"foo-fighters-learn-to-fly","Intermediate","bass","1","1/4","1","yes","backing","525","B minor","B minor","0.02","no","yes","244","E2–C#4","52","5","0","0","9","8","440","1","8","1.86","36","37","Beginner","0","0","0","17.5","17.5","79","244","12","8","9","0","96","69","78","86","100","81","no","7","5","13","0","Intermediate","Intermediate",""
"foo-fighters-learn-to-fly","Advanced","melody","1","1/4","1","yes","backing","525","B minor","B minor","0.02","no","yes","273","D2–F#3","49","9","89","0","11","1","276","0.63","2","2.08","22","37","Intermediate","32.9","14.5","0","34","34","40","273","12","9","50","0","82","24","48","68","11","37","yes","2","10","26","76","Intermediate","Intermediate",""
"foo-fighters-learn-to-fly","Expert","melody","1","1/4","1","yes","backing","525","B minor","B minor","0.02","no","yes","358","D2–F#3","49","9","125","0","11","1","55","0.12","2","2.73","21","37","Intermediate","32.9","14.5","0","34","34","47","358","12","9","71","0","80","23","46","69","11","37","yes","3","10","36","99","Intermediate","Intermediate",""
"foo-fighters-monkey-wrench","Beginner","roots","3","4/4","4","","backing","669","B major","B major","0.01","no","yes","186","G2–E3","48","5","0","0","9","12","517","1.5","2.5","1.11","46","37","Beginner","1","0.3","0","6","6","50","186","6","6","15","9","92","93","97","98","96","93","yes","3","0","0","0","Beginner","Intermediate","Beginner→Intermediate"
"foo-fighters-monkey-wrench","Intermediate","bass","0","4/4","4","","backing","669","B major","B major","0.01","no","yes","494","G#2–C4","52","5","0","0","8","5","344","1","4","2.95","61","37","Beginner","0","0","0","1.5","1.5","81","494","10","8","40","24","92","89","92","95","96","90","yes","0","0","0","0","Beginner","Intermediate","Beginner→Intermediate"
"foo-fighters-monkey-wrench","Advanced","melody","1","4/4","4","","backing","669","B major","B major","0.01","no","yes","235","F#2–B3","51","9","91","0","10","1","344","1","4","1.41","33","37","Beginner","38","13.1","16","41","40","33","235","13","10","6","0","97","30","46","82","11","40","yes","1","0","1","65","Beginner","Intermediate","Beginner→Intermediate"
"foo-fighters-monkey-wrench","Expert","melody","1","4/4","4","","backing","669","B major","B major","0.01","no","yes","296","F#2–B3","51","9","113","0","10","1","172","0.5","4","1.77","42","37","Intermediate","38","13.1","16","41","40","38","296","13","10","8","0","97","30","43","84","14","39","yes","2","0","1","66","Beginner","Intermediate","Beginner→Intermediate"
"foo-fighters-my-hero","Beginner","roots","3","4/4","4","","backing","568","E major","E major","0.25","yes","yes","273","G#2–C#4","52","4","0","0","9","21","545","1.5","3","1.92","69","37","Beginner","0","0","0","4","4","77","273","6","6","0","0","100","68","71","74","94","76","no","22","0","0","0","Intermediate","Advanced","Intermediate→Advanced"
"foo-fighters-my-hero","Intermediate","bass","1","4/4","4","","backing","568","E major","E major","0.25","yes","yes","115","C#2–C#4","40","8","3","0","9","13","363","1","16","0.81","11","37","Beginner","0","0","0","4","0.5","98","115","10","7","0","0","100","91","95","95","94","93","yes","0","55","63","0","Intermediate","Advanced","Intermediate→Advanced"
"foo-fighters-my-hero","Advanced","melody","1","4/4","4","","backing","568","E major","E major","0.25","yes","yes","297","C#2–F#3","51","6","5","0","12","15","363","1","4","2.09","30","37","Intermediate","30.5","11.1","0","28","28","35","297","11","7","0","0","100","67","99","100","22","67","yes","0","15","45","98","Intermediate","Advanced","Intermediate→Advanced"
"foo-fighters-my-hero","Expert","melody","0","4/4","4","","backing","568","E major","E major","0.25","yes","yes","543","C#2–F#3","51","6","0","0","12","9","181","0.5","4","3.82","57","37","Advanced","30.5","11.1","0","28","28","57","543","11","7","0","0","100","67","96","99","22","67","yes","0","17","95","163","Intermediate","Advanced","Intermediate→Advanced"
"game-of-thrones-main-theme-violins-and-cello","Beginner","roots","1","6/8","3","yes","backing","132","C minor","C minor","0.26","yes","yes","103","A#2–G3","50","5","0","0","9","1","529","0.75","1.5","3.12","51","37","Beginner","0","0","0","3","3","75","103","6","6","0","0","100","75","86","98","100","75","yes","16","0","0","0","Intermediate","Advanced","Intermediate→Advanced"
"game-of-thrones-main-theme-violins-and-cello","Intermediate","bass","0","6/8","3","yes","backing","132","C minor","C minor","0.26","yes","yes","97","C2–G3","43","5","0","0","9","5","352","0.5","7.5","2.94","11","37","Beginner","0","0","0","0.5","0.5","95","97","12","7","0","0","100","66","78","95","100","66","yes","36","39","24","0","Intermediate","Advanced","Intermediate→Advanced"
"game-of-thrones-main-theme-violins-and-cello","Advanced","melody","0","6/8","3","yes","backing","132","C minor","C minor","0.26","yes","yes","191","G2–D4","50","6","0","0","12","5","352","0.5","3","5.79","17","37","Intermediate","0","0","0","3","3","74","191","13","8","3","0","98","62","73","93","42","64","yes","13","0","0","53","Intermediate","Advanced","Intermediate→Advanced"
"game-of-thrones-main-theme-violins-and-cello","Expert","melody","0","6/8","3","yes","backing","132","C minor","C minor","0.26","yes","yes","258","G2–D4","51","6","0","0","11","5","176","0.25","3","7.82","12","37","Advanced","0","0","0","3","3","90","258","13","8","4","0","98","57","68","86","39","61","yes","11","0","0","69","Intermediate","Advanced","Intermediate→Advanced"
"gorillaz-feel-good-inc","Beginner","roots","2","4/4","4","","backing","192","D♯ minor","D♯ minor","0.22","yes","yes","132","G#2–F#3","51","10","97","0","8","1","461","1","1.5","2.75","60","37","Beginner","0","0","0","2","2","61","132","5","5","0","0","100","67","82","85","64","74","yes","0","0","0","0","Advanced","Advanced",""
"gorillaz-feel-good-inc","Intermediate","bass","0","4/4","4","","backing","192","D♯ minor","D♯ minor","0.22","yes","yes","166","C#2–F#3","44","5","0","0","9","15","461","1","3","3.46","12","37","Intermediate","0","0","0","1.5","1.5","74","166","10","8","8","8","95","90","96","96","98","91","yes","0","43","72","0","Advanced","Advanced",""
"gorillaz-feel-good-inc","Advanced","melody","1","4/4","4","","backing","192","D♯ minor","D♯ minor","0.22","yes","yes","150","D#2–C#4","47","8","54","0","12","22","461","1","1.5","3.12","13","37","Advanced","0","0","0.5","1.5","1.5","48","150","14","8","4","4","97","82","89","99","57","82","yes","0","29","44","47","Advanced","Advanced",""
"gorillaz-feel-good-inc","Expert","melody","1","4/4","4","","backing","192","D♯ minor","D♯ minor","0.22","yes","yes","285","D#2–C#4","51","8","55","0","12","22","230","0.5","1.5","5.94","17","37","Advanced","0","0","0","1.5","1.5","83","285","15","8","6","6","98","85","91","100","62","85","yes","0","24","67","106","Advanced","Advanced",""
"green-day-american-idiot","Beginner","roots","2","4/4","4","","backing","534.5","A♭ major","A♭ major","0.09","no","yes","213","C2–G#2","39","3","0","0","8","2","600","2","2","1.59","63","37","Beginner","0","0","0.5","6","6","66","213","4","4","0","0","100","86","88","90","88","90","no","8","62","113","0","Intermediate","Advanced","Intermediate→Advanced"
"green-day-american-idiot","Intermediate","bass","0","4/4","4","","backing","534.5","A♭ major","A♭ major","0.09","no","yes","121","C2–C#4","44","5","0","0","8","1","450","1.5","8","0.91","18","37","Beginner","0","0","0","6.5","6.5","85","121","8","5","4","0","97","82","84","84","81","87","no","1","33","39","0","Intermediate","Advanced","Intermediate→Advanced"
"green-day-american-idiot","Advanced","melody","0","4/4","4","","backing","534.5","A♭ major","A♭ major","0.09","no","yes","183","G#2–F3","51","6","0","0","9","2","300","1","1.5","1.37","26","37","Intermediate","32.5","9.8","39","113.5","113.5","30","183","6","6","0","0","100","38","61","83","31","38","yes","0","0","0","82","Intermediate","Advanced","Intermediate→Advanced"
"green-day-american-idiot","Expert","melody","0","4/4","4","","backing","534.5","A♭ major","A♭ major","0.09","no","yes","320","G#2–F3","51","6","0","0","9","1","75","0.25","1.5","2.39","53","37","Advanced","32.5","9.8","39","113","113","42","320","6","6","0","0","100","41","62","81","36","44","yes","0","0","0","142","Intermediate","Advanced","Intermediate→Advanced"
"green-day-basket-case","Beginner","roots","3","4/4","4","","backing","519.1","E♭ major","E♭ major","0.12","no","yes","210","G2–D#3","46","10","174","0","7","0","486","1.51","3","1.62","56","37","Beginner","0","0","0","3.5","3.5","67","210","5","5","0","0","100","96","96","98","99","97","no","6","0","0","0","Advanced","Advanced",""
"green-day-basket-case","Intermediate","bass","0","4/4","4","","backing","519.1","E♭ major","E♭ major","0.12","no","yes","215","C2–F3","46","5","0","0","9","3","374","1.16","28.7","1.66","41","37","Beginner","0","0","0","4","4","55","215","9","7","3","0","99","91","94","97","98","93","yes","10","9","12","0","Advanced","Advanced",""
"green-day-basket-case","Advanced","melody","0","4/4","4","","backing","519.1","E♭ major","E♭ major","0.12","no","yes","387","D#2–G3","46","6","0","0","12","2","281","0.87","28.7","2.98","58","37","Intermediate","0","0","0","3.5","2.5","53","387","9","7","3","0","99","79","81","97","71","80","yes","15","3","10","136","Advanced","Advanced",""
"green-day-basket-case","Expert","melody","0","4/4","4","","backing","519.1","E♭ major","E♭ major","0.12","no","yes","815","D#2–G3","46","6","0","0","12","1","40","0.12","28.7","6.28","76","37","Advanced","0","0","0","3.5","1.5","86","815","9","7","6","0","99","78","80","96","70","80","no","15","3","23","252","Advanced","Advanced",""
"green-day-wake-me-up-when-september-ends","Beginner","roots","1","4/4","4","","backing","456","G major","G major","0.35","yes","yes","423","G2–E3","47","5","0","0","9","3","535","0.94","1.1","3.71","82","0","Beginner","0","0","0","4","4","72","423","5","5","0","0","100","88","89","92","89","94","no","56","0","0","0","Intermediate","Intermediate",""
"green-day-wake-me-up-when-september-ends","Intermediate","bass","0","4/4","4","","backing","456","G major","G major","0.35","yes","yes","181","G2–D4","52","5","0","0","9","4","571","1","16","1.59","49","0","Beginner","0","0","0","0.5","0.5","97","181","8","6","0","0","100","91","92","96","88","93","no","25","0","0","0","Intermediate","Intermediate",""
"green-day-wake-me-up-when-september-ends","Advanced","melody","0","4/4","4","","backing","456","G major","G major","0.35","yes","yes","559","C2–F#3","48","6","0","0","12","10","285","0.5","4","4.9","35","37","Intermediate","0","0","4","1","1","81","559","11","7","34","0","94","54","74","97","53","55","yes","61","10","49","47","Intermediate","Intermediate",""
"green-day-wake-me-up-when-september-ends","Expert","melody","0","4/4","4","","backing","456","G major","G major","0.35","yes","yes","559","C2–F#3","48","6","0","0","12","10","285","0.5","4","4.9","35","37","Intermediate","0","0","4","1","1","82","559","11","7","34","0","94","54","74","97","53","55","yes","61","10","49","47","Intermediate","Intermediate",""
"guns-n-roses-knockin-on-heaven-s-door","Beginner","roots","4","4/4","4","","backing","687.5","F♯ major","F♯ major","0.08","no","yes","576","D#2–C#4","59","4","0","0","8","1","461","1","1.5","3.35","76","37","Beginner","0","0","0","8","8","71","576","7","5","2","0","100","93","95","96","83","96","no","0","1","4","0","Beginner","Intermediate","Beginner→Intermediate"
"guns-n-roses-knockin-on-heaven-s-door","Intermediate","bass","0","4/4","4","","backing","687.5","F♯ major","F♯ major","0.08","no","yes","267","B2–C#4","54","4","0","0","7","0","346","0.75","8","1.55","39","37","Beginner","0","0","0","12","12","84","267","6","5","1","0","100","90","95","95","74","94","yes","0","0","0","0","Beginner","Intermediate","Beginner→Intermediate"
"guns-n-roses-knockin-on-heaven-s-door","Advanced","melody","1","4/4","4","","backing","687.5","F♯ major","F♯ major","0.08","no","yes","130","F#2–F#3","47","8","130","0","7","0","692","1.5","4","0.76","37","37","Intermediate","0","0","15.5","144","144","64","130","8","7","0","0","100","86","90","92","80","94","no","0","26","34","3","Beginner","Intermediate","Beginner→Intermediate"
"guns-n-roses-knockin-on-heaven-s-door","Expert","melody","1","4/4","4","","backing","687.5","F♯ major","F♯ major","0.08","no","yes","136","F#2–F#3","47","8","136","0","8","1","230","0.5","4","0.79","36","37","Intermediate","0","0","15.5","144","144","65","136","8","7","0","0","100","83","88","91","76","90","no","0","25","34","8","Beginner","Intermediate","Beginner→Intermediate"
"guns-n-roses-live-and-let-die","Beginner","roots","2","4/4","4","","backing","153.3","G major","G major","0.04","no","yes","110","F2–B3","43","5","0","0","9","9","643","0.75","1.5","2.87","72","0","Beginner","1","0.9","4.4","2.9","2.9","58","110","6","6","4","0","96","63","74","85","79","65","yes","83","4","4","0","Beginner","Beginner",""
"guns-n-roses-live-and-let-die","Intermediate","bass","1","4/4","4","","backing","153.3","G major","G major","0.04","no","yes","156","D2–C#4","52","5","0","0","9","15","343","0.4","4.4","4.07","48","37","Beginner","0","0","0","0.7","0.7","80","156","13","10","9","2","94","49","66","80","71","51","yes","33","1","2","0","Beginner","Beginner",""
"guns-n-roses-live-and-let-die","Advanced","melody","0","4/4","4","","backing","153.3","G major","G major","0.04","no","yes","223","D2–B3","50","6","0","0","12","71","300","0.35","4.4","5.82","6","37","Beginner","0.5","0.4","0","1.4","1.4","65","223","15","10","11","2","95","58","74","88","79","62","yes","46","4","10","8","Beginner","Beginner",""
"guns-n-roses-live-and-let-die","Expert","melody","0","4/4","4","","backing","153.3","G major","G major","0.04","no","yes","225","D2–B3","50","6","0","0","12","70","150","0.18","4.4","5.87","6","37","Beginner","0.5","0.4","0","1.4","1.4","65","225","15","10","11","2","95","58","75","88","80","62","yes","45","4","10","8","Beginner","Beginner",""
"guns-n-roses-november-rain","Beginner","roots","3","4/4","4","","backing","650.1","B major","B major","0.26","yes","yes","594","C#2–C#4","54","4","0","0","9","3","569","0.76","1.4","3.65","76","37","Beginner","0","0","0","4","4","72","594","11","6","12","0","98","93","95","98","97","94","yes","0","4","25","0","Beginner","Beginner",""
"guns-n-roses-november-rain","Intermediate","bass","1","4/4","4","","backing","650.1","B major","B major","0.26","yes","yes","214","C#2–C#4","47","4","0","0","9","6","375","0.5","8","1.32","46","37","Beginner","0","0","0","260","260","52","214","15","10","43","0","80","86","92","100","99","86","yes","11","6","12","0","Beginner","Beginner",""
"guns-n-roses-november-rain","Advanced","melody","1","4/4","4","","backing","650.1","B major","B major","0.26","yes","yes","192","D2–F#3","47","9","125","0","10","5","1142","1.52","8","1.18","17","37","Beginner","4","3","4","4","4","91","192","12","10","26","0","86","94","95","98","94","96","no","5","17","33","30","Beginner","Beginner",""
"guns-n-roses-november-rain","Expert","melody","1","4/4","4","","backing","650.1","B major","B major","0.26","yes","yes","192","D2–F#3","47","9","125","0","10","5","1142","1.52","8","1.18","17","37","Beginner","4","3","4","4","4","91","192","12","10","26","0","86","94","95","98","94","96","no","5","17","33","30","Beginner","Beginner",""
"guns-n-roses-paradise-city","Beginner","roots","3","4/4","4","","backing","601","G major","G minor","0","no","no","472","C2–A#2","43","5","0","0","9","1","459","0.75","1.5","3.14","63","0","Beginner","4","2.4","-5.8","3.4","3.4","65","472","6","6","65","0","100","65","70","71","52","82","no","83","39","48","0","Intermediate","Advanced","Intermediate→Advanced"
"guns-n-roses-paradise-city","Intermediate","bass","0","4/4","4","","backing","601","G major","G minor","0","no","no","477","E2–D4","48","5","0","0","9","3","334","0.55","7.9","3.17","39","0","Beginner","0","0","-5.8","4","4","64","477","14","8","116","0","98","65","71","74","65","78","no","41","6","30","0","Intermediate","Advanced","Intermediate→Advanced"
"guns-n-roses-paradise-city","Advanced","melody","1","4/4","4","","backing","601","G major","G minor","0","no","no","724","C2–D4","50","6","4","0","12","16","255","0.42","11.9","4.82","36","37","Intermediate","0","0","0","1.7","1.7","55","724","23","11","267","39","91","40","50","53","28","53","no","20","10","67","89","Intermediate","Advanced","Intermediate→Advanced"
"guns-n-roses-paradise-city","Expert","melody","1","4/4","4","","backing","601","G major","G minor","0","no","no","1269","C2–D4","50","6","4","0","12","17","12","0.02","11.9","8.45","17","37","Advanced","0","0","0","1.2","1","70","1269","25","12","471","43","89","40","50","54","31","51","no","21","16","183","166","Intermediate","Advanced","Intermediate→Advanced"
"guns-n-roses-sweet-child-o-mine","Beginner","roots","2","4/4","4","","backing","448","D♭ major","D♭ major","0.17","no","yes","281","F#3–C#4","61","4","0","0","7","0","468","0.94","1.5","2.51","84","37","Beginner","0","0","2.5","9","9","51","281","4","4","52","0","81","76","78","97","96","78","yes","0","0","0","0","Advanced","Advanced",""
"guns-n-roses-sweet-child-o-mine","Intermediate","bass","1","4/4","4","","backing","448","D♭ major","D♭ major","0.17","no","yes","133","C#2–C#4","46","5","0","0","9","14","500","1","12.5","1.19","33","37","Beginner","0","0","0","20.5","20.5","62","133","9","7","21","0","84","68","78","97","99","71","yes","0","18","24","0","Advanced","Advanced",""
"guns-n-roses-sweet-child-o-mine","Advanced","melody","1","4/4","4","","backing","448","D♭ major","D♭ major","0.17","no","yes","395","C#2–C#4","44","8","76","0","12","42","250","0.5","9","3.53","4","37","Advanced","0","0","0","60","60","58","395","13","8","18","0","95","51","69","84","37","55","yes","0","22","86","230","Advanced","Advanced",""
"guns-n-roses-sweet-child-o-mine","Expert","melody","1","4/4","4","","backing","448","D♭ major","D♭ major","0.17","no","yes","395","C#2–C#4","44","8","76","0","12","42","250","0.5","9","3.53","4","37","Advanced","0","0","0","60","60","60","395","13","8","18","0","95","51","69","84","37","55","yes","0","22","86","230","Advanced","Advanced",""
"guns-n-roses-welcome-to-the-jungle","Beginner","roots","4","4/4","4","","backing","651.5","F major","F major","0.05","no","yes","464","D#2–C3","46","5","0","0","9","2","435","0.83","1.5","2.85","65","0","Beginner","8","4.2","0","8","8","59","464","6","6","232","162","50","39","41","51","88","42","no","0","32","150","0","Advanced","Advanced",""
"guns-n-roses-welcome-to-the-jungle","Intermediate","bass","1","4/4","4","","backing","651.5","F major","F major","0.05","no","yes","517","D#2–D4","51","8","23","0","9","3","391","0.75","5","3.17","42","37","Beginner","0","0","0","2","2","70","517","17","9","188","82","64","26","28","40","91","28","no","15","4","23","0","Advanced","Advanced",""
"guns-n-roses-welcome-to-the-jungle","Advanced","melody","0","4/4","4","","backing","651.5","F major","F major","0.05","no","yes","741","F2–C4","48","5","0","0","12","11","260","0.5","5","4.55","30","37","Advanced","8","4.2","131.5","32","32","62","741","12","7","141","0","81","11","13","28","99","14","no","12","12","89","149","Advanced","Advanced",""
"guns-n-roses-welcome-to-the-jungle","Expert","melody","0","4/4","4","","backing","651.5","F major","F major","0.05","no","yes","960","F2–C4","50","5","0","0","12","8","66","0.13","5","5.89","45","37","Advanced","8","4.2","131.5","32","32","69","960","12","7","182","0","81","15","17","31","99","18","no","11","9","89","201","Advanced","Advanced",""
"hadestown-road-to-hell","Beginner","roots","1","4/4","4","","backing","536","A minor","A minor","0.32","yes","yes","283","D3–C4","55","5","0","0","8","0","447","1","1.5","2.11","80","0","Beginner","0","0","0.5","5","5","45","283","6","6","0","0","100","97","97","99","100","97","no","64","0","0","0","Beginner","Beginner",""
"hadestown-road-to-hell","Intermediate","bass","0","4/4","4","","backing","536","A minor","A minor","0.32","yes","yes","368","D2–D3","45","5","0","0","9","2","447","1","4","2.75","48","37","Beginner","0","0","0","1.5","1.5","74","368","9","8","1","0","100","83","93","96","100","83","yes","15","42","155","0","Beginner","Beginner",""
"hadestown-road-to-hell","Advanced","melody","0","4/4","4","","backing","536","A minor","A minor","0.32","yes","yes","122","C2–A3","41","5","0","0","12","12","447","1","7.7","0.91","7","0","Beginner","33","14.8","0.2","129.2","129.2","46","122","13","7","0","0","100","1","33","69","2","32","yes","39","57","42","0","Beginner","Beginner",""
"hadestown-road-to-hell","Expert","melody","0","4/4","4","","backing","536","A minor","A minor","0.32","yes","yes","127","C2–A3","41","5","0","0","12","13","224","0.5","7.7","0.95","6","0","Beginner","33","14.8","0.2","129.2","129.2","46","127","13","7","0","0","100","2","33","69","3","31","yes","38","57","44","0","Beginner","Beginner",""
"hans-zimmer-interstellar-main-theme","Beginner","roots","3","4/4","4","","backing","213","B minor","B minor","0","no","yes","185","E3–C4","55","5","0","0","8","1","450","0.75","1","3.47","74","0","Beginner","0.5","0.3","0","2","2","63","185","6","6","6","6","97","90","90","96","77","92","no","9","0","0","0","Intermediate","Intermediate",""
"hans-zimmer-interstellar-main-theme","Intermediate","bass","0","4/4","4","","backing","213","B minor","B minor","0","no","yes","183","C2–G3","47","5","0","0","9","19","600","1","2","3.44","19","0","Beginner","0","0","0","1","1","67","183","10","7","13","13","93","91","99","100","93","91","yes","15","23","41","0","Intermediate","Intermediate",""
"hans-zimmer-interstellar-main-theme","Advanced","melody","1","4/4","4","","backing","213","B minor","B minor","0","no","yes","354","E2–B2","43","6","46","0","7","0","300","0.5","2","6.65","9","0","Intermediate","0","0","0","1","1","97","354","5","5","0","0","100","85","94","99","80","86","yes","36","21","73","24","Intermediate","Intermediate",""
"hans-zimmer-interstellar-main-theme","Expert","melody","1","4/4","4","","backing","213","B minor","B minor","0","no","yes","354","E2–B2","43","6","46","0","7","0","300","0.5","2","6.65","9","0","Intermediate","0","0","0","1","1","100","354","5","5","0","0","100","85","94","99","80","86","yes","36","21","73","24","Intermediate","Intermediate",""
"hollywood-vampires-whole-lotta-love","Beginner","roots","1","4/4","4","","backing","347","E minor","E minor","0","no","yes","346","G2–E3","52","4","0","0","7","0","589","0.85","1","3.99","70","0","Beginner","0","0","0","0.6","0.6","79","346","5","5","0","0","100","81","90","91","72","85","yes","12","0","0","0","Advanced","Advanced",""
"hollywood-vampires-whole-lotta-love","Intermediate","bass","1","4/4","4","","backing","347","E minor","E minor","0","no","yes","282","D2–E3","40","4","0","0","9","1","334","0.48","7.5","3.25","62","0","Beginner","0","0","0","1","1","89","282","6","5","0","0","100","90","91","95","88","94","no","1","83","233","0","Advanced","Advanced",""
"hollywood-vampires-whole-lotta-love","Advanced","melody","0","4/4","4","","backing","347","E minor","E minor","0","no","yes","394","E2–D4","50","5","0","0","12","61","316","0.46","8.4","4.54","17","0","Intermediate","0","0","1.1","43.6","43.6","46","394","6","4","0","0","100","93","95","100","72","93","yes","24","27","108","0","Advanced","Advanced",""
"hollywood-vampires-whole-lotta-love","Expert","melody","0","4/4","4","","backing","347","E minor","E minor","0","no","yes","600","E2–D4","50","5","0","0","12","45","10","0.01","8.4","6.92","33","0","Advanced","0","0","1.1","43.5","43.5","58","600","6","4","0","0","100","92","94","100","78","92","yes","16","36","218","0","Advanced","Advanced",""
"iron-maiden-aces-high","Beginner","roots","2","4/4","4","","backing","739.5","G major","G major","0.04","no","yes","220","D3–A3","55","5","0","0","7","0","600","1.6","2.9","1.19","53","0","Beginner","0","0","0","6","6","52","220","6","6","12","0","95","95","95","96","97","95","no","43","0","0","0","Beginner","Beginner",""
"iron-maiden-aces-high","Intermediate","bass","0","4/4","4","","backing","739.5","G major","G major","0.04","no","yes","564","D#2–C4","45","5","0","0","9","1","347","0.93","6","3.05","50","0","Beginner","0","0","0","3.5","3.5","46","564","13","9","65","0","88","82","83","83","99","83","yes","30","12","65","0","Beginner","Beginner",""
"iron-maiden-aces-high","Advanced","melody","0","4/4","4","","backing","739.5","G major","G major","0.04","no","yes","207","E2–D4","45","5","0","0","10","3","277","0.74","6.2","1.12","17","37","Beginner","0","0","0","139.8","139.8","20","207","13","7","31","31","85","60","62","90","33","64","no","20","8","17","31","Beginner","Beginner",""
"iron-maiden-aces-high","Expert","melody","1","4/4","4","","backing","739.5","G major","G major","0.04","no","yes","461","E2–D4","45","9","95","0","12","3","39","0.1","6.2","2.49","16","37","Beginner","0","0","0","139.8","139.8","30","461","15","9","34","31","93","52","57","85","27","57","no","29","11","50","31","Beginner","Beginner",""
"iron-maiden-fear-of-the-dark","Beginner","roots","0","4/4","4","","backing","545.1","D minor","D minor","0.21","yes","yes","435","A#2–A3","50","5","0","0","9","2","545","0.73","1.4","3.19","59","0","Beginner","0","0","0","9","9","69","435","6","6","0","0","100","76","81","89","81","79","yes","46","0","0","0","Beginner","Beginner",""
"iron-maiden-fear-of-the-dark","Intermediate","bass","1","4/4","4","","backing","545.1","D minor","D minor","0.21","yes","yes","560","D2–G3","50","5","0","0","9","2","335","0.45","4.2","4.11","48","0","Beginner","0","0","0","1.2","1.2","49","560","13","9","23","0","96","75","80","86","91","81","no","41","2","12","0","Beginner","Beginner",""
"iron-maiden-fear-of-the-dark","Advanced","melody","0","4/4","4","","backing","545.1","D minor","D minor","0.21","yes","yes","272","C3–D4","55","5","0","0","10","0","253","0.34","5.3","2","71","0","Beginner","36.8","27.6","0","366.3","366.3","13","272","7","5","0","0","100","76","95","100","100","76","yes","29","0","0","0","Beginner","Beginner",""
"iron-maiden-fear-of-the-dark","Expert","melody","0","4/4","4","","backing","545.1","D minor","D minor","0.21","yes","yes","546","A#2–D4","53","5","0","0","12","5","187","0.25","5.3","4.01","1","37","Beginner","36.8","27.6","0","366.1","366.1","25","546","9","6","0","0","100","84","94","98","100","84","yes","28","0","0","2","Beginner","Beginner",""
"jimi-hendrix-fire","Beginner","roots","2","4/4","4","","backing","417","D major","D major","0.19","no","yes","142","G#2–A3","50","5","0","0","9","1","577","1.5","3","1.36","36","37","Beginner","2","0.8","0","3.5","3.5","57","142","6","6","10","4","93","100","100","100","100","100","no","79","0","0","0","Advanced","Advanced",""
"jimi-hendrix-fire","Intermediate","bass","0","4/4","4","","backing","417","D major","D major","0.19","no","yes","277","D2–A3","48","5","0","0","9","13","381","0.99","4","2.66","23","37","Beginner","0","0","5.5","4.5","4.5","59","277","15","11","92","27","67","100","100","100","100","100","no","28","13","37","0","Advanced","Advanced",""
"jimi-hendrix-fire","Advanced","melody","0","4/4","4","","backing","417","D major","D major","0.19","no","yes","305","F#2–C4","49","6","0","0","12","12","384","1","4","2.93","18","37","Intermediate","0","0","0","7","7","45","305","16","12","103","38","66","100","100","100","100","100","no","27","6","18","86","Advanced","Advanced",""
"jimi-hendrix-fire","Expert","melody","0","4/4","4","","backing","417","D major","D major","0.19","no","yes","556","F#2–D4","48","6","0","0","12","6","96","0.25","4","5.33","46","37","Advanced","0","0","0","7","7","74","556","18","12","132","44","76","100","100","100","100","100","no","27","3","18","120","Advanced","Advanced",""
"jimi-hendrix-foxy-lady","Beginner","roots","4","4/4","4","","backing","91.3","F♯ minor","F♯ minor","0.26","yes","yes","67","G2–A3","54","5","0","0","9","3","1165","0.78","1.4","2.94","65","0","Beginner","0","0","0","2.4","2.4","62","67","6","6","33","29","51","46","46","69","82","46","no","4","0","0","0","Intermediate","Intermediate",""
"jimi-hendrix-foxy-lady","Intermediate","bass","1","4/4","4","","backing","91.3","F♯ minor","F♯ minor","0.26","yes","yes","191","F2–C#4","48","5","0","0","9","6","335","0.22","6.8","8.37","53","37","Beginner","0","0","0","0.6","0.6","94","191","15","11","136","98","29","23","29","57","76","27","yes","4","3","6","0","Intermediate","Intermediate",""
"jimi-hendrix-foxy-lady","Advanced","melody","1","4/4","4","","backing","91.3","F♯ minor","F♯ minor","0.26","yes","yes","193","F#2–F#3","45","6","0","0","12","18","270","0.18","0.9","8.46","24","0","Beginner","16","24","1.3","1.5","1.5","38","193","7","6","15","15","92","94","95","97","31","94","yes","0","22","43","54","Intermediate","Intermediate",""
"jimi-hendrix-foxy-lady","Expert","melody","0","4/4","4","","backing","91.3","F♯ minor","F♯ minor","0.26","yes","yes","406","F#2–F#3","47","6","0","0","12","8","84","0.06","0.9","17.79","61","0","Intermediate","16","24","1.3","1.3","1.3","64","406","7","6","29","29","93","92","93","97","37","92","yes","0","25","101","130","Intermediate","Intermediate",""
"jimi-hendrix-little-wing","Beginner","roots","3","4/4","4","","backing","152","F♯ major","F♯ major","0.08","no","yes","79","G#2–F#3","51","10","78","0","8","1","631","0.63","1.4","2.08","60","37","Beginner","0","0","0","7.4","7.4","41","79","5","5","0","0","100","82","84","85","76","86","no","0","0","0","0","Expert","Expert",""
"jimi-hendrix-little-wing","Intermediate","bass","1","4/4","4","","backing","152","F♯ major","F♯ major","0.08","no","yes","170","C#2–C#4","51","5","0","0","9","7","334","0.33","3.9","4.47","55","37","Beginner","0","0","0","4.5","4.5","59","170","14","10","23","1","86","83","87","93","95","84","yes","0","6","10","0","Expert","Expert",""
"jimi-hendrix-little-wing","Advanced","melody","1","4/4","4","","backing","152","F♯ major","F♯ major","0.08","no","yes","284","C#2–C#4","49","9","161","0","12","17","250","0.25","1.9","7.47","31","37","Advanced","0","0","0.1","1","1","51","284","19","10","26","3","91","68","76","89","34","69","yes","0","19","53","98","Expert","Expert",""
"jimi-hendrix-little-wing","Expert","melody","1","4/4","4","","backing","152","F♯ major","F♯ major","0.08","no","yes","758","C2–D4","47","8","94","0","12","16","10","0.01","1.9","19.95","15","37","Expert","0","0","0.1","1","1","71","758","24","12","83","10","89","67","75","89","38","69","yes","1","26","193","317","Expert","Expert",""
"jimi-hendrix-purple-haze","Beginner","roots","2","4/4","4","","backing","343.9","E minor","E minor","0.08","no","yes","245","G2–F#3","52","4","0","0","9","10","559","0.99","1.4","2.85","55","0","Beginner","1","0.6","0","2.4","2.4","60","245","6","6","8","8","97","78","83","83","93","78","yes","29","0","0","0","Intermediate","Intermediate",""
"jimi-hendrix-purple-haze","Intermediate","bass","0","4/4","4","","backing","343.9","E minor","E minor","0.08","no","yes","332","D2–C#4","52","5","0","0","9","10","349","0.62","2","3.86","42","0","Beginner","0","0","0","1.1","1.1","80","332","13","8","33","13","90","60","67","74","91","62","yes","16","9","29","0","Intermediate","Intermediate",""
"jimi-hendrix-purple-haze","Advanced","melody","0","4/4","4","","backing","343.9","E minor","E minor","0.08","no","yes","344","D2–G3","43","6","0","0","12","10","264","0.47","2.1","4","27","0","Beginner","0","0","0","5.4","5.4","75","344","13","9","36","36","90","87","87","100","51","87","no","29","26","88","4","Intermediate","Intermediate",""
"jimi-hendrix-purple-haze","Expert","melody","0","4/4","4","","backing","343.9","E minor","E minor","0.08","no","yes","556","D2–G3","45","6","0","0","12","14","10","0.02","2.1","6.47","17","0","Intermediate","0","0","0","5.4","5.4","80","556","13","9","36","36","94","78","91","100","52","78","yes","18","26","143","4","Intermediate","Intermediate",""
"jimi-hendrix-voodoo-chile","Beginner","roots","2","4/4","4","","backing","176.7","E minor","E minor","0.23","yes","yes","116","G2–E3","52","5","0","0","9","15","524","0.75","1.5","2.63","52","0","Beginner","0","0","0","2.4","2.4","59","116","6","6","0","0","100","56","72","77","61","65","yes","25","0","0","0","Intermediate","Advanced","Intermediate→Advanced"
"jimi-hendrix-voodoo-chile","Intermediate","bass","1","4/4","4","","backing","176.7","E minor","E minor","0.23","yes","yes","247","C#2–D4","45","5","0","0","9","14","334","0.48","2","5.59","18","37","Beginner","0","0","0","1.3","1.3","79","247","16","10","8","6","97","40","53","65","89","51","yes","29","26","63","0","Intermediate","Advanced","Intermediate→Advanced"
"jimi-hendrix-voodoo-chile","Advanced","melody","0","4/4","4","","backing","176.7","E minor","E minor","0.23","yes","yes","249","D2–D4","47","6","0","0","12","28","319","0.46","0.9","5.64","13","37","Intermediate","15.7","11","0.5","0.8","0.8","58","249","17","9","10","8","96","40","54","67","96","51","yes","34","16","41","3","Intermediate","Advanced","Intermediate→Advanced"
"jimi-hendrix-voodoo-chile","Expert","melody","0","4/4","4","","backing","176.7","E minor","E minor","0.23","yes","yes","382","D2–D4","47","6","0","0","12","27","145","0.21","0.9","8.65","7","37","Advanced","15.7","11","0.5","0.6","0.6","71","382","17","9","17","15","96","40","54","66","96","50","yes","28","24","93","4","Intermediate","Advanced","Intermediate→Advanced"
"joe-hisaishi-howl-s-moving-castle-theme","Beginner","roots","3","3/4","3","yes","backing","495.5","D minor","D minor","0.21","yes","yes","229","C3–A3","53","5","0","0","9","1","435","0.87","1.6","1.85","57","0","Beginner","0.5","0.3","0","5.2","5.2","41","229","6","6","11","0","95","59","64","81","92","65","no","39","0","0","0","Intermediate","Intermediate",""
"joe-hisaishi-howl-s-moving-castle-theme","Intermediate","bass","0","3/4","3","yes","backing","495.5","D minor","D minor","0.21","yes","yes","410","C2–D4","50","5","0","0","9","7","342","0.68","11.1","3.31","14","37","Beginner","0","0","0","10.8","8.1","89","410","24","12","54","18","87","54","63","87","100","57","yes","22","24","86","0","Intermediate","Intermediate",""
"joe-hisaishi-howl-s-moving-castle-theme","Advanced","melody","0","3/4","3","yes","backing","495.5","D minor","D minor","0.21","yes","yes","394","D2–D4","52","6","0","0","12","8","250","0.5","6","3.18","14","37","Beginner","0","0","0","12.3","10.8","68","394","23","11","57","26","86","40","48","85","19","43","yes","22","5","19","59","Intermediate","Intermediate",""
"joe-hisaishi-howl-s-moving-castle-theme","Expert","melody","0","3/4","3","yes","backing","495.5","D minor","D minor","0.21","yes","yes","525","D2–D4","52","6","0","0","12","6","114","0.23","6","4.24","10","37","Intermediate","0","0","0","12.3","10.8","79","525","24","12","88","40","83","40","47","84","22","43","yes","22","5","28","80","Intermediate","Intermediate",""
"john-williams-star-wars-main-theme","Beginner","roots","1","3/4","3","yes","backing","44.3","F major","F major","0.07","no","yes","30","C2–G2","36","5","0","0","7","0","420","0.88","1.7","2.71","90","0","Beginner","0","0","0.6","3.2","3.2","55","30","3","3","0","0","100","100","100","100","100","100","no","60","97","12","0","Intermediate","Intermediate",""
"john-williams-star-wars-main-theme","Intermediate","bass","0","3/4","3","yes","backing","44.3","F major","F major","0.07","no","yes","20","C2–C3","41","5","0","0","7","0","335","0.7","3.9","1.8","32","0","Beginner","0","0","0","7.9","7.9","66","20","7","6","2","0","90","90","95","100","100","90","yes","30","55","7","0","Intermediate","Intermediate",""
"john-williams-star-wars-main-theme","Advanced","melody","0","3/4","3","yes","backing","44.3","F major","F major","0.07","no","yes","30","C2–F3","45","5","0","0","10","7","320","0.67","1","2.71","24","37","Beginner","0.2","0.1","0.1","18","18","29","30","10","7","4","0","87","33","60","67","20","50","yes","27","27","6","3","Intermediate","Intermediate",""
"john-williams-star-wars-main-theme","Expert","melody","0","3/4","3","yes","backing","44.3","F major","F major","0.07","no","yes","55","C2–F3","43","5","0","0","10","4","160","0.33","1","4.96","31","37","Intermediate","0.2","0.1","0.1","18","18","39","55","10","7","12","0","78","27","47","55","16","53","no","22","33","16","9","Intermediate","Intermediate",""
"john-williams-star-wars-medley","Beginner","roots","3","4/4","4","","backing","337.5","B♭ major","B♭ major","0.02","no","yes","175","D#3–D4","57","5","0","0","9","5","471","0.81","1.5","2.07","78","37","Beginner","10","5.8","0","15.7","15.7","43","175","6","6","22","0","87","66","75","85","88","71","yes","17","0","0","0","Beginner","Intermediate","Beginner→Intermediate"
"john-williams-star-wars-medley","Intermediate","bass","2","4/4","4","","backing","337.5","B♭ major","B♭ major","0.02","no","yes","261","C2–C#4","46","10","24","0","9","7","336","0.58","6.2","3.09","33","37","Beginner","0","0","0","21.9","21.9","57","261","23","12","42","19","84","71","81","91","93","74","yes","23","21","48","0","Beginner","Intermediate","Beginner→Intermediate"
"john-williams-star-wars-medley","Advanced","melody","1","4/4","4","","backing","337.5","B♭ major","B♭ major","0.02","no","yes","170","D2–A#3","48","8","26","0","12","14","250","0.43","6.9","2.01","17","37","Beginner","0","0","0","34.3","34.3","31","170","20","12","33","8","81","58","69","91","28","61","yes","24","13","22","32","Beginner","Intermediate","Beginner→Intermediate"
"john-williams-star-wars-medley","Expert","melody","1","4/4","4","","backing","337.5","B♭ major","B♭ major","0.02","no","yes","296","D2–A#3","48","9","56","0","12","8","13","0.02","6.9","3.51","24","37","Intermediate","0","0","0","34.3","34.3","36","296","21","12","61","14","79","56","67","89","33","60","yes","20","12","35","62","Beginner","Intermediate","Beginner→Intermediate"
"josh-groban-my-friends","Beginner","roots","2","4/4","4","","backing","281.2","E♭ major","E♭ major","0.28","yes","yes","215","G2–F3","51","10","206","0","9","1","452","0.96","1.5","3.06","84","37","Beginner","0","0","0","1","1","66","215","6","6","0","0","100","84","90","92","72","89","yes","4","0","0","0","Beginner","Intermediate","Beginner→Intermediate"
"josh-groban-my-friends","Intermediate","bass","1","4/4","4","","backing","281.2","E♭ major","E♭ major","0.28","yes","yes","173","C#2–C4","51","10","124","0","9","1","462","0.99","8","2.46","45","37","Intermediate","0","0","0","0.5","0.5","95","173","10","7","1","0","99","73","85","89","68","76","yes","3","14","24","0","Beginner","Intermediate","Beginner→Intermediate"
"josh-groban-my-friends","Advanced","melody","1","4/4","4","","backing","281.2","E♭ major","E♭ major","0.28","yes","yes","120","D2–C4","53","8","10","0","12","10","468","1","10.7","1.71","24","37","Beginner","0","0","0","1","1","90","120","14","8","4","0","97","26","43","91","18","32","yes","3","3","3","35","Beginner","Intermediate","Beginner→Intermediate"
"josh-groban-my-friends","Expert","melody","1","4/4","4","","backing","281.2","E♭ major","E♭ major","0.28","yes","yes","150","D2–C4","53","8","12","0","12","8","234","0.5","10.7","2.13","20","37","Intermediate","0","0","0","1","1","96","150","15","8","4","0","97","33","50","91","23","38","yes","5","7","10","45","Beginner","Intermediate","Beginner→Intermediate"
"jurassic-park-main-theme","Beginner","roots","1","4/4","4","","backing","230.1","G major","G major","0","no","yes","63","C2–G2","40","5","0","0","7","0","436","1.09","2","1.1","52","0","Beginner","1","0.4","0","5.1","5.1","29","63","5","5","3","0","95","98","100","100","100","98","yes","81","59","12","0","Intermediate","Intermediate",""
"jurassic-park-main-theme","Intermediate","bass","0","4/4","4","","backing","230.1","G major","G major","0","no","yes","218","C2–D4","53","5","0","0","9","7","400","1","12","3.79","6","0","Beginner","0","0","0","0","0","98","218","12","6","22","0","90","100","100","100","100","100","yes","22","1","1","0","Intermediate","Intermediate",""
"jurassic-park-main-theme","Advanced","melody","0","4/4","4","","backing","230.1","G major","G major","0","no","yes","218","C2–D4","43","5","0","0","12","31","400","1","12","3.79","8","0","Intermediate","0","0","0","0","0","98","218","13","6","25","0","89","89","95","99","88","89","yes","41","25","54","0","Intermediate","Intermediate",""
"jurassic-park-main-theme","Expert","melody","0","4/4","4","","backing","230.1","G major","G major","0","no","yes","218","C2–D4","43","5","0","0","12","31","400","1","12","3.79","8","0","Intermediate","0","0","0","0","0","100","218","13","6","25","0","89","89","95","99","88","89","yes","41","25","54","0","Intermediate","Intermediate",""
"kiss-rock-and-roll-allnite","Beginner","roots","3","4/4","4","","backing","406.8","A♭ major","A♭ major","0.21","yes","yes","154","C#2–F#3","44","8","28","0","9","1","426","1.05","2","1.51","67","37","Beginner","0","0","0","16","16","38","154","6","6","28","0","82","90","91","91","95","91","yes","0","6","10","0","Advanced","Advanced",""
"kiss-rock-and-roll-allnite","Intermediate","bass","1","4/4","4","","backing","406.8","A♭ major","A♭ major","0.21","yes","yes","205","C2–C#4","44","5","0","0","9","9","358","0.88","9.8","2.02","36","37","Beginner","0","0","0","24","24","61","205","12","8","39","0","81","70","72","74","97","71","yes","10","40","62","0","Advanced","Advanced",""
"kiss-rock-and-roll-allnite","Advanced","melody","1","4/4","4","","backing","406.8","A♭ major","A♭ major","0.21","yes","yes","166","D#2–G#3","49","10","114","0","12","24","252","0.62","6.6","1.63","28","37","Intermediate","0","0","3.5","32.6","32.6","50","166","11","8","16","0","90","52","88","99","40","52","yes","2","10","16","25","Advanced","Advanced",""
"kiss-rock-and-roll-allnite","Expert","melody","1","4/4","4","","backing","406.8","A♭ major","A♭ major","0.21","yes","yes","266","C#2–G#3","49","10","56","0","12","26","10","0.02","6.6","2.62","28","37","Advanced","0","0","3.5","32.6","32.6","56","266","12","8","22","0","92","56","88","95","41","56","yes","2","18","48","133","Advanced","Advanced",""
"killswitch-engage-the-end-of-heartache-quartet","Beginner","roots","2","4/4","4","","backing","581.8","C minor","C minor","0.13","no","yes","467","G#2–F3","48","10","39","0","9","2","420","0.87","1.6","3.21","71","37","Beginner","0","0","0","8","8","66","467","6","6","0","0","100","91","95","99","98","91","yes","2","0","0","0","Advanced","Advanced",""
"killswitch-engage-the-end-of-heartache-quartet","Intermediate","bass","1","4/4","4","","backing","581.8","C minor","C minor","0.13","no","yes","313","C2–D4","48","8","10","0","9","6","362","0.75","8.1","2.15","29","37","Beginner","0","0","0","1.6","1.6","92","313","16","10","16","13","95","91","96","99","99","91","yes","11","11","17","0","Advanced","Advanced",""
"killswitch-engage-the-end-of-heartache-quartet","Advanced","melody","0","4/4","4","","backing","581.8","C minor","C minor","0.13","no","yes","448","C2–D4","48","6","0","0","12","15","250","0.52","4.2","3.08","48","37","Beginner","0","0","3.5","30","30","35","448","18","10","6","3","99","65","70","81","62","67","yes","26","25","9","138","Advanced","Advanced",""
"killswitch-engage-the-end-of-heartache-quartet","Expert","melody","1","4/4","4","","backing","581.8","C minor","C minor","0.13","no","yes","1157","C2–D4","46","8","54","0","12","18","80","0.17","4.2","7.95","43","37","Advanced","0","0","3.5","30","30","78","1157","17","10","35","16","97","67","72","84","65","69","yes","33","30","17","350","Advanced","Advanced",""
"killswitch-engage-the-end-of-heartache","Beginner","roots","1","4/4","4","","backing","610.5","C minor","C minor","0.21","yes","yes","565","G#2–F3","48","5","0","0","7","0","443","0.92","1.5","3.7","75","37","Beginner","0","0","0","2","2","74","565","6","6","0","0","100","84","87","89","86","86","yes","2","0","0","0","Advanced","Advanced",""
"killswitch-engage-the-end-of-heartache","Intermediate","bass","0","4/4","4","","backing","610.5","C minor","C minor","0.21","yes","yes","302","C2–D#3","46","5","0","0","9","1","362","0.75","8","1.98","43","37","Beginner","0","0","0","0.8","0.8","97","302","11","9","18","12","94","76","79","87","86","78","yes","8","15","29","0","Advanced","Advanced",""
"killswitch-engage-the-end-of-heartache","Advanced","melody","1","4/4","4","","backing","610.5","C minor","C minor","0.21","yes","yes","482","C2–D4","51","8","264","0","12","9","362","0.75","4","3.16","61","37","Intermediate","0","0","0","10","10","35","482","18","10","7","2","99","58","94","98","54","59","yes","29","5","16","44","Advanced","Advanced",""
"killswitch-engage-the-end-of-heartache","Expert","melody","1","4/4","4","","backing","610.5","C minor","C minor","0.21","yes","yes","1216","C2–D4","48","8","383","0","12","6","120","0.25","4","7.97","68","37","Advanced","0","0","0","10","10","76","1216","19","11","31","13","97","51","95","97","43","52","yes","40","5","35","204","Advanced","Advanced",""
"killswitch-engage-my-curse","Beginner","roots","2","4/4","4","","backing","358","C minor","C minor","0.31","yes","yes","270","C2–G#2","36","5","0","0","8","5","500","0.75","1.5","3.02","75","37","Beginner","0","0","0.8","4.5","4.5","60","270","5","5","0","0","100","87","88","92","95","93","no","72","82","40","0","Advanced","Expert","Advanced→Expert"
"killswitch-engage-my-curse","Intermediate","bass","1","4/4","4","","backing","358","C minor","C minor","0.31","yes","yes","260","C2–G3","41","8","17","0","9","5","334","0.5","9","2.91","51","37","Beginner","0","0","0","1.1","1.1","83","260","11","7","0","0","100","88","92","94","98","93","no","46","52","35","0","Advanced","Expert","Advanced→Expert"
"killswitch-engage-my-curse","Advanced","melody","1","4/4","4","","backing","358","C minor","C minor","0.31","yes","yes","460","C2–C4","48","10","93","0","12","22","333","0.5","3","5.14","21","37","Intermediate","0","0","0.2","6","6","41","460","15","7","0","0","100","72","83","94","35","73","yes","19","27","82","79","Advanced","Expert","Advanced→Expert"
"killswitch-engage-my-curse","Expert","melody","1","4/4","4","","backing","358","C minor","C minor","0.31","yes","yes","952","C2–C4","51","10","91","0","12","9","41","0.06","3","10.64","21","37","Expert","0","0","0.2","6","6","73","952","15","7","0","0","100","66","82","95","40","67","yes","24","25","117","199","Advanced","Expert","Advanced→Expert"
"kittie-brackish","Beginner","roots","4","4/4","4","","backing","396","D♭ major","D♭ major","0.14","no","yes","252","G#2–C#4","54","8","16","0","7","0","437","0.87","1.5","2.55","58","37","Beginner","0","0","0","32","32","53","252","4","4","0","0","100","97","97","98","50","97","no","0","0","0","0","Advanced","Advanced",""
"kittie-brackish","Intermediate","bass","1","4/4","4","","backing","396","D♭ major","D♭ major","0.14","no","yes","184","C#2–C#4","60","5","0","0","9","1","375","0.75","2","1.86","32","37","Beginner","0","0","0","165.5","127.5","35","184","9","6","4","4","98","98","98","98","79","98","no","2","1","2","0","Advanced","Advanced",""
"kittie-brackish","Advanced","melody","1","4/4","4","","backing","396","D♭ major","D♭ major","0.14","no","yes","483","G2–D4","48","9","371","0","12","5","250","0.5","2","4.88","45","37","Advanced","0","0","4","32.3","5","56","483","10","7","85","82","82","52","97","98","50","52","yes","16","0","0","3","Advanced","Advanced",""
"kittie-brackish","Expert","melody","1","4/4","4","","backing","396","D♭ major","D♭ major","0.14","no","yes","740","G2–D4","48","9","340","0","12","4","125","0.25","2","7.47","15","37","Advanced","0","0","4","32","5","77","740","10","7","157","154","79","49","98","98","48","50","yes","20","0","0","219","Advanced","Advanced",""
"kittie-charlotte","Beginner","roots","4","4/4","4","","backing","558.1","C major","C major","0.16","no","yes","296","G2–F3","50","8","4","0","5","0","421","1.05","2","2.12","87","37","Beginner","0.1","0.1","0","4","4","53","296","6","6","9","0","97","95","95","95","92","96","no","20","0","0","0","Intermediate","Advanced","Intermediate→Advanced"
"kittie-charlotte","Intermediate","bass","0","4/4","4","","backing","558.1","C major","C major","0.16","no","yes","237","C2–F3","39","5","0","0","9","1","400","1","16","1.7","31","37","Beginner","0","0","0","1.5","1.5","90","237","10","7","55","15","77","96","96","96","97","96","no","19","85","158","0","Intermediate","Advanced","Intermediate→Advanced"
"kittie-charlotte","Advanced","melody","0","4/4","4","","backing","558.1","C major","C major","0.16","no","yes","348","D2–C4","46","6","0","0","11","3","267","0.67","7.5","2.49","56","0","Beginner","0","0","0","108","108","45","348","9","8","65","8","81","11","100","100","11","89","yes","21","7","24","8","Intermediate","Advanced","Intermediate→Advanced"
"kittie-charlotte","Expert","melody","0","4/4","4","","backing","558.1","C major","C major","0.16","no","yes","702","C#2–C#4","45","6","0","0","12","1","100","0.25","7.5","5.03","54","37","Advanced","0","0","0","108","108","75","702","12","9","198","48","72","16","100","100","16","84","yes","20","7","48","84","Intermediate","Advanced","Intermediate→Advanced"
"kittie-spit","Beginner","roots","1","4/4","4","","backing","278","F major","F major","0.04","no","yes","127","D3–F3","50","3","0","0","3","0","583","1.75","2.2","1.83","85","0","Beginner","0","0","0","2","2","70","127","3","3","0","0","100","73","73","73","99","73","no","53","0","0","0","Intermediate","Intermediate",""
"kittie-spit","Intermediate","bass","0","4/4","4","","backing","278","F major","F major","0.04","no","yes","123","D2–E3","41","5","0","0","9","2","334","1","4","1.77","70","0","Beginner","0","0","0","2","2","80","123","5","3","0","0","100","89","89","89","99","89","no","11","88","108","0","Intermediate","Intermediate",""
"kittie-spit","Advanced","melody","0","4/4","4","","backing","278","F major","F major","0.04","no","yes","166","D2–E3","47","5","0","0","12","2","333","1","4","2.39","28","0","Beginner","0","0","4","4.5","4.5","40","166","7","6","41","41","75","19","99","99","10","81","yes","0","19","32","0","Intermediate","Intermediate",""
"kittie-spit","Expert","melody","0","4/4","4","","backing","278","F major","F major","0.04","no","yes","317","D2–E3","47","5","0","0","12","1","166","0.5","4","4.56","28","0","Intermediate","0","0","4","4","4","67","317","7","6","48","48","85","22","100","100","14","78","yes","0","22","70","0","Intermediate","Intermediate",""
"korn-another-brick-in-the-wall-pt-1-2-3-pink-floyd-cover","Beginner","roots","1","4/4","4","","backing","745","D minor","D minor","0.18","no","yes","691","G2–A3","50","5","0","0","9","0","450","0.75","1","3.71","90","0","Beginner","0","0","0","46","1.3","68","691","6","6","0","0","100","96","96","97","97","96","no","85","0","0","0","Beginner","Beginner",""
"korn-another-brick-in-the-wall-pt-1-2-3-pink-floyd-cover","Intermediate","bass","0","4/4","4","","backing","745","D minor","D minor","0.18","no","yes","373","C2–D3","38","5","0","0","9","3","450","0.75","14.5","2","80","0","Beginner","0","0","0","46","0.5","89","373","8","7","2","0","99","96","96","97","96","96","yes","16","82","294","0","Beginner","Beginner",""
"korn-another-brick-in-the-wall-pt-1-2-3-pink-floyd-cover","Advanced","melody","0","4/4","4","","backing","745","D minor","D minor","0.18","no","yes","200","C2–D3","45","5","0","0","11","2","300","0.5","4","1.07","42","0","Beginner","63","37.8","89","177.5","177.5","17","200","9","7","1","1","100","47","73","85","37","47","yes","14","44","87","0","Beginner","Beginner",""
"korn-another-brick-in-the-wall-pt-1-2-3-pink-floyd-cover","Expert","melody","0","4/4","4","","backing","745","D minor","D minor","0.18","no","yes","432","C2–D3","45","5","0","0","12","1","75","0.13","4","2.32","4","0","Beginner","63","37.8","89","177.5","177.5","25","432","9","7","5","5","99","56","72","78","38","61","yes","40","22","94","0","Beginner","Beginner",""
"korn-blind","Beginner","roots","4","4/4","4","","backing","396.6","D major","D major","0.03","no","yes","273","G2–D#3","50","9","58","0","7","0","532","0.83","1.5","2.75","61","37","Beginner","0","0","0","5.5","5.5","56","273","6","6","80","80","71","67","67","74","89","68","no","44","0","0","0","Intermediate","Intermediate",""
"korn-blind","Intermediate","bass","0","4/4","4","","backing","396.6","D major","D major","0.03","no","yes","357","C2–C#4","45","5","0","0","9","5","334","0.52","14.4","3.6","36","37","Beginner","0","0","0","2.3","2.3","66","357","19","11","147","113","59","74","80","88","96","76","yes","17","30","102","0","Intermediate","Intermediate",""
"korn-blind","Advanced","melody","0","4/4","4","","backing","396.6","D major","D major","0.03","no","yes","349","D2–A3","47","6","0","0","12","3","277","0.43","16.3","3.52","28","37","Beginner","13","8.3","3","20.3","20.3","49","349","12","8","194","138","44","83","84","93","59","85","no","4","36","125","83","Intermediate","Intermediate",""
"korn-blind","Expert","melody","0","4/4","4","","backing","396.6","D major","D major","0.03","no","yes","598","D2–A3","45","6","0","0","12","1","150","0.23","16.3","6.03","40","37","Intermediate","13","8.3","3","20","20","62","598","12","8","290","230","52","86","86","95","71","86","no","2","33","197","153","Intermediate","Intermediate",""
"korn-freak-on-a-leash-2","Beginner","roots","3","1/4","1","yes","backing","408.2","A major","A major","0.04","no","yes","275","D3–B3","51","8","8","0","9","5","439","0.73","1.4","2.69","61","37","Beginner","0","0","0","3.2","3.2","54","275","6","6","80","80","71","87","87","90","93","87","yes","55","0","0","0","Intermediate","Intermediate",""
"korn-freak-on-a-leash-2","Intermediate","bass","0","1/4","1","yes","backing","408.2","A major","A major","0.04","no","yes","335","G#2–C#4","51","5","0","0","9","1","372","0.62","3.7","3.28","28","37","Beginner","0","0","0","2","1.2","83","335","16","12","116","77","65","84","85","88","97","84","yes","25","0","0","0","Intermediate","Intermediate",""
"korn-freak-on-a-leash-2","Advanced","melody","0","1/4","1","yes","backing","408.2","A major","A major","0.04","no","yes","439","A2–D4","51","6","0","0","12","11","277","0.46","3.7","4.3","28","37","Intermediate","0.3","0.1","9.3","15.7","15.7","57","439","16","12","120","83","73","85","88","90","91","85","yes","17","0","0","94","Intermediate","Intermediate",""
"korn-freak-on-a-leash-2","Expert","melody","0","1/4","1","yes","backing","408.2","A major","A major","0.04","no","yes","614","A2–D4","50","6","0","0","12","11","138","0.23","3.7","6.02","38","37","Intermediate","0.3","0.1","9.3","15.7","15.7","67","614","16","12","148","98","76","85","87","89","94","85","yes","16","0","0","115","Intermediate","Intermediate",""
"korn-freak-on-a-leash","Beginner","roots","1","4/8","2","yes","backing","410.5","D major","D major","0.13","no","yes","323","G#2–D#3","48","5","0","0","6","0","428","0.75","1.4","3.15","61","37","Beginner","0","0","0","2.9","2.9","60","323","6","6","137","59","58","89","92","92","99","89","yes","28","0","0","0","Beginner","Beginner",""
"korn-freak-on-a-leash","Intermediate","bass","2","4/8","2","yes","backing","410.5","D major","D major","0.13","no","yes","183","C2–D3","39","10","47","0","6","0","409","0.72","9.8","1.78","43","37","Beginner","0","0","0","73.8","73.8","71","183","11","9","92","58","50","83","83","83","100","83","no","8","52","83","0","Beginner","Beginner",""
"korn-freak-on-a-leash","Advanced","melody","1","4/8","2","yes","backing","410.5","D major","D major","0.13","no","yes","295","A2–D4","50","6","32","0","12","14","272","0.48","8.1","2.87","20","37","Beginner","0","0","1.9","20","16","78","295","15","10","114","34","61","83","93","98","69","83","yes","16","0","0","43","Beginner","Beginner",""
"korn-freak-on-a-leash","Expert","melody","1","4/8","2","yes","backing","410.5","D major","D major","0.13","no","yes","357","A2–D4","49","6","32","0","12","13","71","0.12","8.1","3.48","29","37","Beginner","0","0","1.9","20","16","83","357","15","10","143","34","60","86","94","98","73","86","yes","13","0","0","43","Beginner","Beginner",""
"korn-it-s-on","Beginner","roots","2","4/4","4","","backing","403.5","A minor","A minor","0.03","no","yes","326","G#2–A#3","57","8","32","0","9","0","459","0.75","1.5","3.23","72","37","Beginner","0","0","0.2","2","2","66","326","6","6","51","19","84","82","84","90","88","82","yes","71","0","0","0","Advanced","Advanced",""
"korn-it-s-on","Intermediate","bass","1","4/4","4","","backing","403.5","A minor","A minor","0.03","no","yes","347","C#2–A#2","45","8","16","0","8","2","459","0.75","2","3.44","26","37","Beginner","0","0","0.2","0.8","0.8","69","347","7","7","156","129","55","80","83","87","90","84","no","2","12","41","0","Advanced","Advanced",""
"korn-it-s-on","Advanced","melody","1","4/4","4","","backing","403.5","A minor","A minor","0.03","no","yes","295","A2–D4","57","6","15","0","12","21","306","0.5","4","2.92","35","37","Beginner","0","0","0","53.2","53.2","38","295","8","6","78","55","74","89","89","92","95","95","no","43","0","0","37","Advanced","Advanced",""
"korn-it-s-on","Expert","melody","1","4/4","4","","backing","403.5","A minor","A minor","0.03","no","yes","589","A2–D4","57","6","15","0","12","31","153","0.25","4","5.84","23","37","Advanced","0","0","0","53","53","56","589","8","6","162","139","72","92","92","93","95","95","no","45","0","0","66","Advanced","Advanced",""
"lacuna-coil-heaven-s-a-lie","Beginner","roots","1","4/4","4","","backing","632","E minor","E minor","0.22","yes","yes","566","C3–A3","52","5","0","0","9","1","437","1","1","3.58","84","0","Beginner","0","0","0","2","2","69","566","5","5","0","0","100","86","87","93","87","86","yes","14","0","0","0","Beginner","Beginner",""
"lacuna-coil-heaven-s-a-lie","Intermediate","bass","0","4/4","4","","backing","632","E minor","E minor","0.22","yes","yes","216","E2–A3","52","5","0","0","9","8","437","1","5","1.37","30","0","Beginner","0","0","0","0","0","99","216","8","5","0","0","100","88","88","92","83","88","no","12","8","17","0","Beginner","Beginner",""
"lacuna-coil-heaven-s-a-lie","Advanced","melody","0","4/4","4","","backing","632","E minor","E minor","0.22","yes","yes","233","E2–E3","45","5","0","0","12","25","437","1","1","1.47","60","0","Beginner","0","0","0","132","128","27","233","6","5","0","0","100","32","58","82","17","44","yes","15","27","64","0","Beginner","Beginner",""
"lacuna-coil-heaven-s-a-lie","Expert","melody","0","4/4","4","","backing","632","E minor","E minor","0.22","yes","yes","361","E2–E3","47","5","0","0","12","9","218","0.5","1","2.28","20","0","Beginner","0","0","0","132","128","37","361","7","6","0","0","100","33","58","76","11","43","yes","15","18","66","0","Beginner","Beginner",""
"lacuna-coil-heavens-a-lie-octet","Beginner","roots","1","4/4","4","","backing","664","E minor","E minor","0.1","no","yes","422","G2–E3","48","5","0","0","9","8","428","1","1.5","2.54","74","0","Beginner","0","0","0","5","5","52","422","4","4","0","0","100","72","73","93","100","72","yes","32","0","0","0","Beginner","Beginner",""
"lacuna-coil-heavens-a-lie-octet","Intermediate","bass","0","4/4","4","","backing","664","E minor","E minor","0.1","no","yes","361","C2–A3","52","5","0","0","9","7","364","0.85","16","2.17","46","0","Beginner","0","0","0","1","1","84","361","11","6","0","0","100","48","54","86","100","48","yes","36","4","9","0","Beginner","Beginner",""
"lacuna-coil-heavens-a-lie-octet","Advanced","melody","0","4/4","4","","backing","664","E minor","E minor","0.1","no","yes","402","E2–A3","47","6","0","0","12","19","428","1","4.9","2.42","52","0","Beginner","0","0","0","96","96","60","402","10","6","0","0","100","31","43","74","16","41","yes","15","19","76","2","Beginner","Beginner",""
"lacuna-coil-heavens-a-lie-octet","Expert","melody","0","4/4","4","","backing","664","E minor","E minor","0.1","no","yes","572","C2–A3","47","6","0","0","12","8","13","0.03","4.9","3.45","23","37","Beginner","0","0","0","96","96","72","572","14","8","2","0","100","26","46","73","13","34","yes","17","15","86","6","Beginner","Beginner",""
"lacuna-coil-our-truth-octet","Beginner","roots","2","4/4","4","","backing","383","B minor","B minor","0.03","no","yes","299","G2–F#3","47","5","0","0","9","1","441","0.75","1.5","3.12","55","0","Beginner","0","0","0","2","2","65","299","6","6","79","79","74","80","85","91","92","80","yes","2","0","0","0","Beginner","Intermediate","Beginner→Intermediate"
"lacuna-coil-our-truth-octet","Intermediate","bass","0","4/4","4","","backing","383","B minor","B minor","0.03","no","yes","327","G#2–G3","47","5","0","0","8","3","433","0.74","15","3.42","49","37","Beginner","0","0","0","1.3","1.3","70","327","9","9","97","90","70","80","85","91","99","83","yes","0","0","0","0","Beginner","Intermediate","Beginner→Intermediate"
"lacuna-coil-our-truth-octet","Advanced","melody","1","4/4","4","","backing","383","B minor","B minor","0.03","no","yes","350","C2–B3","47","9","70","0","12","15","283","0.48","4.5","3.66","26","0","Beginner","0","0","0","18.3","18.3","54","350","13","8","84","84","76","72","87","93","40","77","yes","14","19","51","3","Beginner","Intermediate","Beginner→Intermediate"
"lacuna-coil-our-truth-octet","Expert","melody","1","4/4","4","","backing","383","B minor","B minor","0.03","no","yes","494","C2–B3","48","9","128","0","12","15","72","0.12","4.5","5.16","30","0","Intermediate","0","0","0","18.3","18.3","63","494","13","8","118","118","76","69","84","92","40","75","yes","10","18","73","1","Beginner","Intermediate","Beginner→Intermediate"
"lacuna-coil-our-truth","Beginner","roots","3","4/4","4","","backing","360","B minor","B minor","0.19","no","yes","300","A2–G3","47","5","0","0","8","12","450","0.75","1.3","3.33","61","0","Beginner","0","0","0","4","4","65","300","6","6","13","13","96","88","90","91","89","88","yes","7","0","0","0","Intermediate","Intermediate",""
"lacuna-coil-our-truth","Intermediate","bass","0","4/4","4","","backing","360","B minor","B minor","0.19","no","yes","270","A2–D4","59","5","0","0","9","3","450","0.75","4","3","41","0","Beginner","0","0","0","0.5","0.5","90","270","12","8","21","21","92","97","97","98","92","97","no","12","0","0","0","Intermediate","Intermediate",""
"lacuna-coil-our-truth","Advanced","melody","0","4/4","4","","backing","360","B minor","B minor","0.19","no","yes","409","F#2–D4","47","6","0","0","12","16","300","0.5","4","4.54","33","0","Beginner","0","0","0","16","16","68","409","12","7","20","20","95","78","95","96","78","79","yes","12","6","23","23","Intermediate","Intermediate",""
"lacuna-coil-our-truth","Expert","melody","1","4/4","4","","backing","360","B minor","B minor","0.19","no","yes","617","F#2–D4","47","9","109","0","12","12","75","0.13","4","6.86","41","0","Intermediate","0","0","0","16","16","83","617","12","7","20","20","97","79","97","97","79","79","yes","8","11","65","12","Intermediate","Intermediate",""
"lacuna-coil-swamped","Beginner","roots","3","4/4","4","","backing","560","E major","E major","0.06","no","yes","372","B2–E3","52","4","0","0","5","0","434","1","1.2","2.66","94","0","Beginner","0","0","0","4.5","4.5","54","372","3","3","3","0","99","69","74","78","73","77","no","1","0","0","0","Beginner","Beginner",""
"lacuna-coil-swamped","Intermediate","bass","0","4/4","4","","backing","560","E major","E major","0.06","no","yes","332","C2–B2","40","5","0","0","9","2","434","1","4","2.37","82","0","Beginner","0","0","0","1","1","90","332","5","5","22","1","93","74","74","80","94","81","no","3","97","312","0","Beginner","Beginner",""
"lacuna-coil-swamped","Advanced","melody","0","4/4","4","","backing","560","E major","E major","0.06","no","yes","144","D2–C3","45","6","0","0","7","0","434","1","4","1.03","27","37","Beginner","30","13","28","94","94","32","144","8","8","6","1","96","31","55","66","17","49","yes","0","26","38","31","Beginner","Beginner",""
"lacuna-coil-swamped","Expert","melody","0","4/4","4","","backing","560","E major","E major","0.06","no","yes","190","D2–D3","45","6","0","0","7","0","217","0.5","4","1.36","29","37","Beginner","30","13","28","94","94","36","190","9","8","11","1","94","30","56","69","15","48","yes","3","23","44","35","Beginner","Beginner",""
"led-zeppelin-dazed-and-confused","Beginner","roots","3","12/8","6","","backing","508.2","E minor","E minor","0.23","yes","yes","333","E3–C4","55","5","0","0","8","5","420","0.52","1","2.62","66","0","Beginner","0.5","0.4","0","9.2","9.2","35","333","6","6","42","42","87","76","80","86","84","78","yes","12","0","0","0","Intermediate","Intermediate",""
"led-zeppelin-dazed-and-confused","Intermediate","bass","1","12/8","6","","backing","508.2","E minor","E minor","0.23","yes","yes","537","G2–D4","52","5","0","0","9","12","334","0.41","8.4","4.23","14","0","Beginner","0","0","0","1.8","1.8","74","537","14","9","48","30","91","61","66","77","93","65","yes","16","0","0","0","Intermediate","Intermediate",""
"led-zeppelin-dazed-and-confused","Advanced","melody","0","12/8","6","","backing","508.2","E minor","E minor","0.23","yes","yes","569","E2–D4","52","6","0","0","12","21","286","0.35","2.8","4.48","18","37","Beginner","0","0","0","2.3","2.3","59","569","15","10","41","26","93","69","74","84","96","74","no","17","6","34","16","Intermediate","Intermediate",""
"led-zeppelin-dazed-and-confused","Expert","melody","0","12/8","6","","backing","508.2","E minor","E minor","0.23","yes","yes","1025","E2–D4","52","6","0","0","12","9","143","0.18","2.8","8.07","18","37","Intermediate","0","0","0","1.8","1.8","81","1025","16","10","54","39","95","61","67","80","97","67","no","26","3","35","19","Intermediate","Intermediate",""
"led-zeppelin-good-times-bad-times","Beginner","roots","0","4/4","4","","backing","258.4","A major","A major","0.06","no","yes","190","D3–C#4","52","4","0","0","9","3","449","0.68","1.4","2.94","62","0","Beginner","0","0","0","2.4","2.4","59","190","6","6","0","0","100","78","83","90","68","82","yes","35","0","0","0","Intermediate","Advanced","Intermediate→Advanced"
"led-zeppelin-good-times-bad-times","Intermediate","bass","0","4/4","4","","backing","258.4","A major","A major","0.06","no","yes","264","C#2–D4","50","5","0","0","9","5","334","0.51","2","4.09","34","37","Beginner","0","0","0","9.2","6","63","264","18","10","23","18","91","85","88","93","91","86","yes","20","23","60","0","Intermediate","Advanced","Intermediate→Advanced"
"led-zeppelin-good-times-bad-times","Advanced","melody","1","4/4","4","","backing","258.4","A major","A major","0.06","no","yes","263","C#2–G#3","45","9","59","0","12","14","250","0.38","1.2","4.07","33","37","Intermediate","0","0","0.3","3.6","3.6","46","263","14","10","20","16","92","55","77","98","25","57","yes","6","25","66","51","Intermediate","Advanced","Intermediate→Advanced"
"led-zeppelin-good-times-bad-times","Expert","melody","1","4/4","4","","backing","258.4","A major","A major","0.06","no","yes","420","C#2–G#3","45","9","45","0","12","19","10","0.02","1.2","6.5","14","37","Advanced","0","0","0.3","3.5","3.5","54","420","16","10","32","28","92","55","75","96","24","57","yes","8","30","128","115","Intermediate","Advanced","Intermediate→Advanced"
"led-zeppelin-immigrant-song","Beginner","roots","2","4/4","4","","backing","262.5","F♯ minor","F♯ minor","0.06","no","yes","247","E3–C4","54","4","0","0","6","0","468","0.87","1.3","3.76","91","0","Beginner","0","0","0","1.3","1.3","72","247","5","5","18","18","93","91","92","94","79","91","yes","4","0","0","0","Advanced","Expert","Advanced→Expert"
"led-zeppelin-immigrant-song","Intermediate","bass","0","4/4","4","","backing","262.5","F♯ minor","F♯ minor","0.06","no","yes","228","E2–C4","54","5","0","0","9","11","401","0.75","2","3.47","71","37","Beginner","0","0","0","1.5","1.5","58","228","10","7","16","16","93","84","86","88","99","84","yes","3","10","22","0","Advanced","Expert","Advanced→Expert"
"led-zeppelin-immigrant-song","Advanced","melody","1","4/4","4","","backing","262.5","F♯ minor","F♯ minor","0.06","no","yes","339","E2–A#3","42","9","335","0","12","3","263","0.49","0.7","5.17","77","37","Advanced","31","16.6","0.1","1.6","1.6","55","339","13","10","38","27","89","85","87","94","99","86","yes","1","81","273","20","Advanced","Expert","Advanced→Expert"
"led-zeppelin-immigrant-song","Expert","melody","1","4/4","4","","backing","262.5","F♯ minor","F♯ minor","0.06","no","yes","568","E2–C4","42","9","374","0","12","13","129","0.24","0.7","8.66","38","37","Expert","31","16.6","0.1","1.3","1.3","75","568","19","12","60","43","89","69","73","81","100","72","yes","5","68","384","28","Advanced","Expert","Advanced→Expert"
"led-zeppelin-kashmir","Beginner","roots","2","4/4","4","","backing","648.5","D major","D major","0.18","no","yes","626","D3–C4","50","5","0","0","7","0","562","0.75","1.3","3.86","91","0","Beginner","0","0","0","1.5","1.5","70","626","6","6","11","0","98","76","77","92","97","80","no","81","0","0","0","Beginner","Beginner",""
"led-zeppelin-kashmir","Intermediate","bass","0","4/4","4","","backing","648.5","D major","D major","0.18","no","yes","388","G2–A3","50","5","0","0","9","1","374","0.5","8","2.39","76","0","Beginner","0","0","0","3","3","97","388","9","7","10","0","97","74","78","93","96","77","yes","69","0","0","0","Beginner","Beginner",""
"led-zeppelin-kashmir","Advanced","melody","1","4/4","4","","backing","648.5","D major","D major","0.18","no","yes","283","D2–C4","52","8","12","0","12","7","250","0.33","8","1.75","22","37","Beginner","24.5","18.4","81","23.5","23.5","34","283","17","10","38","0","87","45","52","80","37","46","yes","31","2","5","15","Beginner","Beginner",""
"led-zeppelin-kashmir","Expert","melody","0","4/4","4","","backing","648.5","D major","D major","0.18","no","yes","352","D2–C4","52","6","0","0","12","6","187","0.25","8","2.17","20","37","Beginner","24.5","18.4","81","23.5","23.5","37","352","17","10","41","0","88","45","52","78","39","46","yes","31","1","5","24","Beginner","Beginner",""
"led-zeppelin-stairway-to-heaven","Beginner","roots","0","4/4","4","","backing","635.2","A minor","A minor","0.22","yes","yes","534","F3–D4","57","5","0","0","9","2","475","0.63","1.5","3.36","58","0","Beginner","0","0","0","2","2","70","534","6","6","0","0","100","80","87","92","84","81","yes","33","0","0","0","Beginner","Beginner",""
"led-zeppelin-stairway-to-heaven","Intermediate","bass","1","4/4","4","","backing","635.2","A minor","A minor","0.22","yes","yes","443","F2–D4","50","5","0","0","9","3","340","0.45","6.6","2.79","36","37","Beginner","0","0","0","1.6","1.6","93","443","14","8","6","0","99","72","82","88","90","74","yes","26","2","10","0","Beginner","Beginner",""
"led-zeppelin-stairway-to-heaven","Advanced","melody","0","4/4","4","","backing","635.2","A minor","A minor","0.22","yes","yes","324","C2–C4","54","6","0","0","12","7","297","0.4","2.9","2.04","28","0","Beginner","0","0","242.6","36.2","36.2","32","324","15","8","60","0","81","22","54","82","21","33","yes","14","9","24","6","Beginner","Beginner",""
"led-zeppelin-stairway-to-heaven","Expert","melody","0","4/4","4","","backing","635.2","A minor","A minor","0.22","yes","yes","367","C2–C4","52","6","0","0","12","12","15","0.02","2.9","2.31","22","0","Beginner","0","0","242.6","36.2","36.2","32","367","16","9","75","0","80","23","53","83","22","31","yes","18","10","27","13","Beginner","Beginner",""
"les-miserables-i-dreamed-a-dream","Beginner","roots","0","4/4","4","","backing","565","C major","C major","0.04","no","yes","461","G2–F3","48","5","0","0","9","1","430","0.86","1.6","3.26","82","0","Beginner","0","0","1.2","4.2","4.2","63","461","6","6","0","0","100","76","83","93","99","77","yes","52","0","0","0","Beginner","Beginner",""
"les-miserables-i-dreamed-a-dream","Intermediate","bass","0","4/4","4","","backing","565","C major","C major","0.04","no","yes","119","C2–B3","50","5","0","0","9","3","479","0.96","113.5","0.84","8","37","Beginner","0","0","0","0.6","0.6","98","119","16","11","20","10","83","58","69","88","99","60","yes","24","4","4","0","Beginner","Beginner",""
"les-miserables-i-dreamed-a-dream","Advanced","melody","1","4/4","4","","backing","565","C major","C major","0.04","no","yes","114","C2–G3","45","6","1","0","12","19","250","0.5","117.3","0.81","8","37","Beginner","10.2","5.1","0","117.6","117.6","45","114","15","10","15","3","87","32","61","90","18","34","yes","27","37","31","4","Beginner","Beginner",""
"les-miserables-i-dreamed-a-dream","Expert","melody","1","4/4","4","","backing","565","C major","C major","0.04","no","yes","133","C2–G3","43","6","1","0","12","14","21","0.04","117.3","0.94","6","37","Beginner","10.2","5.1","0","117.6","117.6","46","133","15","10","15","3","89","32","61","89","20","35","yes","27","39","39","4","Beginner","Beginner",""
"les-miserables-theme","Beginner","roots","3","4/4","4","","backing","938.3","E♭ major","E♭ major","0.07","no","yes","591","G#2–A#3","53","10","466","0","9","2","480","0.77","1.5","2.52","74","37","Beginner","0","0","-9.6","12.1","12.1","49","591","6","6","44","44","93","82","86","94","96","83","yes","7","0","0","0","Beginner","Beginner",""
"les-miserables-theme","Intermediate","bass","0","4/4","4","","backing","938.3","E♭ major","E♭ major","0.07","no","yes","558","C2–D4","45","5","0","0","9","5","340","0.54","116.8","2.38","30","37","Beginner","0","0","-9.6","9","9","84","558","24","12","84","59","85","71","79","91","98","74","yes","18","27","131","0","Beginner","Beginner",""
"les-miserables-theme","Advanced","melody","1","4/4","4","","backing","938.3","E♭ major","E♭ major","0.07","no","yes","510","F2–C4","52","8","79","0","12","4","285","0.46","19.2","2.17","36","37","Beginner","0.1","0","107.2","54.5","54.5","56","510","19","12","60","35","88","78","84","95","99","78","yes","10","2","12","115","Beginner","Beginner",""
"les-miserables-theme","Expert","melody","1","4/4","4","","backing","938.3","E♭ major","E♭ major","0.07","no","yes","545","F2–C4","52","8","82","0","12","3","142","0.23","19.2","2.32","36","37","Beginner","0.1","0","107.2","54.5","54.5","57","545","19","12","60","35","89","76","84","95","98","77","yes","9","2","12","117","Beginner","Beginner",""
"limp-bizkit-break-stuff","Beginner","roots","3","4/4","4","","backing","294","D♯ minor","D♯ minor","0.01","no","yes","182","D3–A3","51","8","174","0","6","0","498","0.96","1.5","2.48","96","0","Beginner","0","0","0","2.5","2.5","52","182","3","3","8","4","96","96","98","98","76","96","yes","4","0","0","0","Intermediate","Advanced","Intermediate→Advanced"
"limp-bizkit-break-stuff","Intermediate","bass","0","4/4","4","","backing","294","D♯ minor","D♯ minor","0.01","no","yes","204","C#2–A2","39","3","0","0","6","0","387","0.75","2","2.78","72","37","Beginner","0","0","0","0.8","0.8","82","204","4","4","5","3","98","87","88","90","84","87","yes","0","99","201","0","Intermediate","Advanced","Intermediate→Advanced"
"limp-bizkit-break-stuff","Advanced","melody","1","4/4","4","","backing","294","D♯ minor","D♯ minor","0.01","no","yes","241","C#2–D#3","39","9","43","0","11","1","387","0.75","1.5","3.28","27","37","Intermediate","0","0","0","3.7","2.2","43","241","6","5","26","22","89","88","90","91","80","95","no","2","64","154","73","Intermediate","Advanced","Intermediate→Advanced"
"limp-bizkit-break-stuff","Expert","melody","0","4/4","4","","backing","294","D♯ minor","D♯ minor","0.01","no","yes","490","C#2–D#3","39","4","0","0","10","4","64","0.12","1.5","6.67","24","37","Advanced","0","0","0","3.5","2","56","490","6","5","116","112","76","86","87","88","80","97","no","1","57","278","107","Intermediate","Advanced","Intermediate→Advanced"
"limp-bizkit-nookie","Beginner","roots","3","4/4","4","","backing","432","F♯ minor","F♯ minor","0.07","no","yes","431","C3–B3","54","5","0","0","6","0","450","0.75","1","3.99","93","0","Beginner","0.5","0.3","0","0.8","0.8","70","431","5","5","6","6","99","75","75","78","76","76","no","3","0","0","0","Advanced","Expert","Advanced→Expert"
"limp-bizkit-nookie","Intermediate","bass","0","4/4","4","","backing","432","F♯ minor","F♯ minor","0.07","no","yes","338","E2–A#3","50","5","0","0","9","20","375","0.63","16","3.13","9","0","Beginner","0","0","0","1.3","1.3","65","338","11","8","103","102","70","62","75","79","64","72","yes","20","17","56","0","Advanced","Expert","Advanced→Expert"
"limp-bizkit-nookie","Advanced","melody","1","4/4","4","","backing","432","F♯ minor","F♯ minor","0.07","no","yes","686","F#2–C#4","49","9","603","0","12","14","290","0.48","8","6.35","46","37","Advanced","0","0","0","0.8","0.8","55","686","11","7","416","337","39","36","42","57","24","36","yes","10","23","160","47","Advanced","Expert","Advanced→Expert"
"limp-bizkit-nookie","Expert","melody","1","4/4","4","","backing","432","F♯ minor","F♯ minor","0.07","no","yes","1197","C2–C#4","49","8","847","0","12","15","10","0.02","8","11.08","37","37","Expert","0","0","0","0.4","0.4","85","1197","16","9","641","508","46","40","46","55","32","40","yes","13","28","307","89","Advanced","Expert","Advanced→Expert"
"linkin-park-a-place-for-my-head","Beginner","roots","3","4/4","4","","backing","200.5","D♯ minor","D♯ minor","0.32","yes","yes","134","G#2–F#3","51","9","118","0","7","0","895","1","1.1","2.67","46","37","Beginner","0","0","0","2.3","2.3","58","134","4","4","8","8","94","85","92","100","100","85","yes","0","0","0","0","Intermediate","Intermediate",""
"linkin-park-a-place-for-my-head","Intermediate","bass","1","4/4","4","","backing","200.5","D♯ minor","D♯ minor","0.32","yes","yes","200","G#2–A#3","51","4","0","0","8","9","447","0.5","2","3.99","34","37","Beginner","0","0","0","18.2","18.2","73","200","7","6","24","24","88","90","95","95","100","95","no","0","0","0","0","Intermediate","Intermediate",""
"linkin-park-a-place-for-my-head","Advanced","melody","1","4/4","4","","backing","200.5","D♯ minor","D♯ minor","0.32","yes","yes","198","A#2–B3","52","9","10","0","8","2","336","0.38","4","3.95","29","37","Beginner","32","28.7","0","15.9","3","39","198","8","7","29","29","85","88","99","99","68","88","yes","0","0","0","99","Intermediate","Intermediate",""
"linkin-park-a-place-for-my-head","Expert","melody","1","4/4","4","","backing","200.5","D♯ minor","D♯ minor","0.32","yes","yes","413","C#2–B3","52","8","51","0","12","2","111","0.12","4","8.24","42","37","Intermediate","32","28.7","0","15.9","3","64","413","10","7","87","87","79","91","100","100","64","91","yes","0","4","17","140","Intermediate","Intermediate",""
"linkin-park-bleed-it-out","Beginner","roots","1","3/4","3","yes","backing","376","F♯ minor","F♯ minor","0.06","no","yes","320","D3–C#4","54","4","0","0","9","1","428","1","1","3.4","77","0","Beginner","0","0","0","2","2","67","320","6","6","0","0","100","71","83","87","79","80","yes","13","0","0","0","Advanced","Advanced",""
"linkin-park-bleed-it-out","Intermediate","bass","1","3/4","3","yes","backing","376","F♯ minor","F♯ minor","0.06","no","yes","180","B2–D4","54","5","0","0","9","7","428","1","6.5","1.91","50","0","Beginner","0","0","0","20","20","88","180","8","6","0","0","100","62","75","83","87","72","yes","13","0","0","0","Advanced","Advanced",""
"linkin-park-bleed-it-out","Advanced","melody","1","3/4","3","yes","backing","376","F♯ minor","F♯ minor","0.06","no","yes","361","D2–C#3","45","9","317","0","7","0","428","1","4","3.84","50","37","Advanced","0","0","0","9","9","49","361","7","7","0","0","100","47","64","94","32","50","yes","0","36","130","54","Advanced","Advanced",""
"linkin-park-bleed-it-out","Expert","melody","1","3/4","3","yes","backing","376","F♯ minor","F♯ minor","0.06","no","yes","719","D2–C#3","44","9","566","0","7","0","214","0.5","4","7.65","51","37","Advanced","0","0","0","9","9","97","719","7","7","0","0","100","52","63","94","35","55","yes","0","45","323","121","Advanced","Advanced",""
"linkin-park-breaking-the-habit","Beginner","roots","1","4/4","4","","backing","304","E minor","E minor","0.17","no","yes","282","B2–G3","50","5","0","0","8","1","500","0.88","1.5","3.71","67","0","Beginner","0","0","0","4","4","76","282","6","6","0","0","100","65","72","84","85","66","yes","13","0","0","0","Beginner","Beginner",""
"linkin-park-breaking-the-habit","Intermediate","bass","0","4/4","4","","backing","304","E minor","E minor","0.17","no","yes","145","D2–A3","47","5","0","0","9","10","428","0.75","4","1.91","24","0","Beginner","0","0","0","0.5","0.5","98","145","11","7","0","0","100","62","70","81","80","65","yes","18","26","38","0","Beginner","Beginner",""
"linkin-park-breaking-the-habit","Advanced","melody","0","4/4","4","","backing","304","E minor","E minor","0.17","no","yes","241","D2–B3","52","6","0","0","12","5","285","0.5","4","3.17","19","0","Beginner","33","18.9","8","8","8","42","241","13","7","0","0","100","39","53","77","23","44","yes","24","5","11","4","Beginner","Beginner",""
"linkin-park-breaking-the-habit","Expert","melody","0","4/4","4","","backing","304","E minor","E minor","0.17","no","yes","295","D2–B3","52","6","0","0","12","5","54","0.09","4","3.88","25","0","Beginner","33","18.9","8","8","8","46","295","13","7","0","0","100","39","50","77","20","44","yes","27","4","11","4","Beginner","Beginner",""
"linkin-park-crawling","Beginner","roots","2","4/4","4","","backing","324","A major","A major","0.01","no","yes","264","G#2–C#4","57","4","0","0","9","8","631","1","1","3.26","63","37","Beginner","0","0","0","13","13","67","264","5","5","0","0","100","100","100","100","100","100","no","29","0","0","0","Beginner","Beginner",""
"linkin-park-crawling","Intermediate","bass","0","4/4","4","","backing","324","A major","A major","0.01","no","yes","123","C#2–C#4","45","4","0","0","9","37","631","1","4","1.52","2","37","Beginner","0","0","0","0","0","100","123","8","5","0","0","100","100","100","100","100","100","no","0","28","35","0","Beginner","Beginner",""
"linkin-park-crawling","Advanced","melody","0","4/4","4","","backing","324","A major","A major","0.01","no","yes","119","C#2–E3","45","6","0","0","8","23","631","1","4","1.47","5","37","Beginner","0","0","4","4","4","92","119","7","5","0","0","100","100","100","100","93","100","no","0","30","36","31","Beginner","Beginner",""
"linkin-park-crawling","Expert","melody","0","4/4","4","","backing","324","A major","A major","0.01","no","yes","119","C#2–E3","45","6","0","0","8","23","631","1","4","1.47","5","37","Beginner","0","0","4","4","4","93","119","7","5","0","0","100","100","100","100","93","100","no","0","30","36","31","Beginner","Beginner",""
"linkin-park-faint","Beginner","roots","2","4/4","4","","backing","361","C♯ minor","C♯ minor","0.13","no","yes","266","C#2–C#4","45","4","0","0","9","3","431","1","1.5","2.95","80","37","Beginner","0","0","0","4","4","59","266","8","5","0","0","100","92","93","97","95","92","yes","2","50","132","0","Intermediate","Intermediate",""
"linkin-park-faint","Intermediate","bass","1","4/4","4","","backing","361","C♯ minor","C♯ minor","0.13","no","yes","44","C#2–C#4","45","4","0","0","9","44","431","1","4","0.49","23","37","Beginner","0","0","7.5","54.5","46.5","36","44","8","6","0","0","100","89","89","89","89","89","no","0","27","12","0","Intermediate","Intermediate",""
"linkin-park-faint","Advanced","melody","1","4/4","4","","backing","361","C♯ minor","C♯ minor","0.13","no","yes","187","C#2–G#3","52","9","140","0","12","3","431","1","0.5","2.07","34","37","Intermediate","34","14.7","0","17.5","15.5","26","187","11","7","0","0","100","65","69","81","52","70","no","0","18","34","35","Intermediate","Intermediate",""
"linkin-park-faint","Expert","melody","1","4/4","4","","backing","361","C♯ minor","C♯ minor","0.13","no","yes","369","C#2–G#3","52","9","267","0","12","1","215","0.5","0.5","4.09","58","37","Intermediate","34","14.7","0","17.5","15","51","369","11","7","0","0","100","65","70","82","54","72","no","0","14","53","66","Intermediate","Intermediate",""
"linkin-park-given-up","Beginner","roots","3","4/4","4","","backing","308.5","E minor","E minor","0.22","yes","yes","290","G2–A3","52","4","0","0","9","4","525","0.88","1","3.76","71","0","Beginner","0","0","0","2","2","73","290","6","6","9","9","97","88","88","90","92","88","no","47","0","0","0","Beginner","Beginner",""
"linkin-park-given-up","Intermediate","bass","0","4/4","4","","backing","308.5","E minor","E minor","0.22","yes","yes","163","C#2–E3","40","5","0","0","9","3","600","1","4","2.11","29","37","Beginner","0","0","0","0.5","0.5","91","163","11","8","28","23","83","94","96","98","98","94","yes","18","69","113","0","Beginner","Beginner",""
"linkin-park-given-up","Advanced","melody","0","4/4","4","","backing","308.5","E minor","E minor","0.22","yes","yes","179","E2–B3","50","6","0","0","11","2","300","0.5","4","2.32","12","0","Beginner","32.5","19.5","3.5","88.5","88.5","39","179","11","7","0","0","100","31","45","68","18","41","yes","45","11","20","6","Beginner","Beginner",""
"linkin-park-given-up","Expert","melody","0","4/4","4","","backing","308.5","E minor","E minor","0.22","yes","yes","185","E2–B3","50","6","0","0","11","2","150","0.25","4","2.4","9","0","Beginner","32.5","19.5","3.5","88.5","88.5","40","185","11","7","0","0","100","33","46","69","21","43","yes","44","11","20","6","Beginner","Beginner",""
"linkin-park-in-the-end","Beginner","roots","2","4/4","4","","backing","362.7","F♯ major","F♯ major","0.05","no","yes","273","B2–C#4","59","4","0","0","8","6","576","1","1","3.01","69","37","Beginner","0","0","0","4","4","63","273","6","5","0","0","100","73","78","83","91","74","yes","0","0","0","0","Beginner","Beginner",""
"linkin-park-in-the-end","Intermediate","bass","0","4/4","4","","backing","362.7","F♯ major","F♯ major","0.05","no","yes","162","B2–C#4","61","4","0","0","8","6","433","0.75","3","1.79","47","37","Beginner","0","0","0","4.5","4.5","73","162","6","5","0","0","100","65","77","85","94","65","yes","0","0","0","0","Beginner","Beginner",""
"linkin-park-in-the-end","Advanced","melody","0","4/4","4","","backing","362.7","F♯ major","F♯ major","0.05","no","yes","164","D#2–F#3","41","6","0","0","7","0","288","0.5","4","1.81","38","37","Beginner","0","0","0","64","64","43","164","7","4","0","0","100","56","70","100","43","56","yes","0","73","120","37","Beginner","Beginner",""
"linkin-park-in-the-end","Expert","melody","0","4/4","4","","backing","362.7","F♯ major","F♯ major","0.05","no","yes","164","D#2–F#3","41","6","0","0","7","0","288","0.5","4","1.81","38","37","Beginner","0","0","0","64","64","44","164","7","4","0","0","100","56","70","100","43","56","yes","0","73","120","37","Beginner","Beginner",""
"linkin-park-numb-acoustic","Beginner","roots","1","4/4","4","","backing","353.5","F♯ minor","F♯ minor","0.34","yes","yes","279","F#3–C#4","54","4","0","0","7","0","477","0.87","1.5","3.16","74","0","Beginner","0","0","0","12.5","12.5","68","279","4","4","0","0","100","57","75","96","77","58","yes","21","0","0","0","Advanced","Expert","Advanced→Expert"
"linkin-park-numb-acoustic","Intermediate","bass","1","4/4","4","","backing","353.5","F♯ minor","F♯ minor","0.34","yes","yes","241","G#2–C#4","47","8","18","0","9","8","409","0.75","8","2.73","69","37","Beginner","0","0","0","8.8","8.8","82","241","5","5","0","0","100","55","73","90","71","58","yes","0","0","0","0","Advanced","Expert","Advanced→Expert"
"linkin-park-numb-acoustic","Advanced","melody","1","4/4","4","","backing","353.5","F♯ minor","F♯ minor","0.34","yes","yes","502","C#2–A2","44","9","499","0","5","0","272","0.5","3","5.68","78","37","Advanced","0","0","0","0.8","0.8","55","502","5","5","0","0","100","43","46","73","36","50","no","0","46","231","80","Advanced","Expert","Advanced→Expert"
"linkin-park-numb-acoustic","Expert","melody","1","4/4","4","","backing","353.5","F♯ minor","F♯ minor","0.34","yes","yes","1007","C#2–A2","44","9","1004","0","5","0","136","0.25","3","11.39","89","37","Expert","0","0","0","0.5","0.5","91","1007","5","5","0","0","100","42","45","72","35","49","no","0","43","435","123","Advanced","Expert","Advanced→Expert"
"linkin-park-numb","Beginner","roots","2","4/4","4","","backing","364.2","A♭ major","A♭ major","0.02","no","yes","329","C2–G#2","39","5","0","0","8","0","438","0.8","1.5","3.61","71","37","Beginner","0","0","0","5","5","71","329","6","6","0","0","100","59","70","90","56","60","yes","26","82","211","0","Beginner","Intermediate","Beginner→Intermediate"
"linkin-park-numb","Intermediate","bass","0","4/4","4","","backing","364.2","A♭ major","A♭ major","0.02","no","yes","126","C2–F3","41","5","0","0","9","4","460","0.84","12","1.38","13","37","Beginner","0","0","0","0.5","0.5","98","126","9","7","0","0","100","58","73","90","46","60","yes","17","67","71","0","Beginner","Intermediate","Beginner→Intermediate"
"linkin-park-numb","Advanced","melody","1","4/4","4","","backing","364.2","A♭ major","A♭ major","0.02","no","yes","242","D#2–G#3","48","8","59","0","12","5","272","0.5","4.5","2.66","29","37","Intermediate","0","0","14.5","4","4","71","242","11","7","0","0","100","43","68","88","26","46","yes","1","7","16","67","Beginner","Intermediate","Beginner→Intermediate"
"linkin-park-numb","Expert","melody","1","4/4","4","","backing","364.2","A♭ major","A♭ major","0.02","no","yes","242","D#2–G#3","48","8","59","0","12","5","272","0.5","4.5","2.66","29","37","Intermediate","0","0","14.5","4","4","71","242","11","7","0","0","100","43","68","88","26","46","yes","1","7","16","67","Beginner","Intermediate","Beginner→Intermediate"
"linkin-park-one-step-closer-2","Beginner","roots","3","4/4","4","","backing","236.4","C♯ minor","C♯ minor","0.1","no","yes","136","D3–D4","61","5","0","0","9","9","467","0.78","1.2","2.3","38","0","Beginner","0","0","0","4.2","4.2","47","136","6","5","8","8","94","83","89","93","68","83","yes","13","0","0","0","Advanced","Expert","Advanced→Expert"
"linkin-park-one-step-closer-2","Intermediate","bass","0","4/4","4","","backing","236.4","C♯ minor","C♯ minor","0.1","no","yes","136","C#2–C#4","45","4","0","0","9","22","450","0.75","4","2.3","20","37","Beginner","0","0","6","15.8","15.8","51","136","9","8","2","2","99","95","98","98","93","95","yes","1","40","55","0","Advanced","Expert","Advanced→Expert"
"linkin-park-one-step-closer-2","Advanced","melody","1","4/4","4","","backing","236.4","C♯ minor","C♯ minor","0.1","no","yes","362","C#2–B3","49","11","155","0","12","10","300","0.5","0.8","6.12","32","37","Advanced","0","0","0","1","1","78","362","12","8","8","8","98","26","95","95","25","74","yes","2","4","16","158","Advanced","Expert","Advanced→Expert"
"linkin-park-one-step-closer-2","Expert","melody","1","4/4","4","","backing","236.4","C♯ minor","C♯ minor","0.1","no","yes","540","C#2–B3","49","9","392","0","12","7","150","0.25","0.8","9.14","42","37","Expert","0","0","0","0.8","0.8","97","540","12","8","8","8","99","30","97","97","28","70","yes","1","4","24","190","Advanced","Expert","Advanced→Expert"
"linkin-park-one-step-closer","Beginner","roots","3","4/4","4","","backing","260.2","C♯ minor","C♯ minor","0.16","no","yes","175","D3–D4","61","5","0","0","7","0","473","0.75","1.5","2.69","71","0","Beginner","0","0","0","2.8","2.8","58","175","6","5","8","8","95","83","83","88","97","85","no","8","0","0","0","Advanced","Advanced",""
"linkin-park-one-step-closer","Intermediate","bass","1","4/4","4","","backing","260.2","C♯ minor","C♯ minor","0.16","no","yes","99","C#2–C#4","47","4","0","0","9","16","473","0.75","17","1.52","22","37","Beginner","0","0","6.3","56","56","46","99","9","6","0","0","100","81","81","82","88","83","no","5","11","11","0","Advanced","Advanced",""
"linkin-park-one-step-closer","Advanced","melody","0","4/4","4","","backing","260.2","C♯ minor","C♯ minor","0.16","no","yes","309","C#2–C#3","43","6","0","0","12","14","315","0.5","0.8","4.75","20","37","Advanced","16.5","10.4","0.7","1.5","1.5","66","309","10","9","36","36","88","90","93","96","72","90","yes","3","49","150","155","Advanced","Advanced",""
"linkin-park-one-step-closer","Expert","melody","0","4/4","4","","backing","260.2","C♯ minor","C♯ minor","0.16","no","yes","412","C#2–C#3","40","6","0","0","12","15","157","0.25","0.8","6.33","32","37","Advanced","16.5","10.4","0.7","1.5","1.5","74","412","10","9","38","38","91","92","95","97","79","92","yes","3","57","233","235","Advanced","Advanced",""
"linkin-park-papercut","Beginner","roots","4","4/4","4","","backing","474","C♯ minor","C♯ minor","0.02","no","yes","232","A2–C#4","54","4","0","0","9","6","472","1.14","2","1.96","66","0","Beginner","0","0","0","16","16","56","232","7","5","0","0","100","97","97","97","96","99","no","3","0","0","0","Advanced","Intermediate","Advanced→Intermediate"
"linkin-park-papercut","Intermediate","bass","1","4/4","4","","backing","474","C♯ minor","C♯ minor","0.02","no","yes","171","C#2–D4","44","5","0","0","9","22","413","1","8","1.44","21","37","Beginner","0","0","0","49","49","85","171","13","8","7","7","96","91","94","96","96","91","yes","1","35","60","0","Advanced","Intermediate","Advanced→Intermediate"
"linkin-park-papercut","Advanced","melody","1","4/4","4","","backing","474","C♯ minor","C♯ minor","0.02","no","yes","316","C#2–F#3","44","6","27","0","11","12","413","1","4","2.67","50","37","Intermediate","16","6.6","1","6","6","56","316","12","8","6","6","98","96","96","100","94","96","no","0","44","140","144","Advanced","Intermediate","Advanced→Intermediate"
"linkin-park-papercut","Expert","melody","1","4/4","4","","backing","474","C♯ minor","C♯ minor","0.02","no","yes","493","C#2–F#3","44","6","58","0","11","8","206","0.5","4","4.16","64","37","Intermediate","16","6.6","1","5.5","5.5","76","493","13","9","16","14","97","94","94","100","96","94","no","0","44","215","219","Advanced","Intermediate","Advanced→Intermediate"
"linkin-park-points-of-authority","Beginner","roots","3","4/4","4","","backing","316","D♯ minor","D♯ minor","0.32","yes","yes","217","B2–F#3","51","9","76","0","4","0","600","1","1.3","2.75","75","37","Beginner","0","0","0","2.8","2.8","60","217","4","4","27","27","88","85","86","93","76","86","yes","0","0","0","0","Intermediate","Advanced","Intermediate→Advanced"
"linkin-park-points-of-authority","Intermediate","bass","2","4/4","4","","backing","316","D♯ minor","D♯ minor","0.32","yes","yes","100","C#2–F#3","40","8","17","0","8","2","450","0.75","2","1.27","17","37","Beginner","0","0","0","131.5","131.5","26","100","6","5","31","31","69","93","93","96","86","93","no","0","81","81","0","Intermediate","Advanced","Intermediate→Advanced"
"linkin-park-points-of-authority","Advanced","melody","1","4/4","4","","backing","316","D♯ minor","D♯ minor","0.32","yes","yes","288","C#2–F#3","51","11","206","0","12","1","300","0.5","4","3.65","21","37","Intermediate","16","9.6","3.5","2.3","2.3","77","288","9","7","87","87","70","80","92","93","78","83","yes","0","1","2","70","Intermediate","Advanced","Intermediate→Advanced"
"linkin-park-points-of-authority","Expert","melody","1","4/4","4","","backing","316","D♯ minor","D♯ minor","0.32","yes","yes","455","C#2–F#3","51","11","409","0","12","1","150","0.25","4","5.76","36","37","Advanced","16","9.6","3.5","2.3","2.3","85","455","9","7","88","88","81","79","91","93","80","82","yes","0","1","4","119","Intermediate","Advanced","Intermediate→Advanced"
"linkin-park-somewhere-i-belong","Beginner","roots","2","4/4","4","","backing","287","B♭ minor","B♭ minor","0.01","no","yes","242","C#2–F#3","51","4","0","0","9","18","555","0.75","1.5","3.37","52","37","Beginner","0","0","0","2.5","2.5","73","242","6","6","0","0","100","70","81","96","93","72","yes","0","10","24","0","Advanced","Advanced",""
"linkin-park-somewhere-i-belong","Intermediate","bass","0","4/4","4","","backing","287","B♭ minor","B♭ minor","0.01","no","yes","217","C#2–F#3","46","5","0","0","9","15","370","0.5","2","3.02","50","37","Beginner","0","0","0","10.2","10.2","69","217","8","6","0","0","100","68","79","92","93","75","yes","0","29","64","0","Advanced","Advanced",""
"linkin-park-somewhere-i-belong","Advanced","melody","1","4/4","4","","backing","287","B♭ minor","B♭ minor","0.01","no","yes","437","D#2–G#3","46","8","69","0","12","7","370","0.5","1","6.09","57","37","Intermediate","16","11.9","0","7.2","7.2","52","437","10","7","0","0","100","46","64","80","65","49","yes","0","27","116","152","Advanced","Advanced",""
"linkin-park-somewhere-i-belong","Expert","melody","1","4/4","4","","backing","287","B♭ minor","B♭ minor","0.01","no","yes","850","D#2–G#3","46","8","160","0","12","8","185","0.25","1","11.85","64","37","Advanced","16","11.9","0","7","7","89","850","9","7","0","0","100","44","65","86","71","47","yes","0","26","220","279","Advanced","Advanced",""
"linkin-park-the-emptiness-machine","Beginner","roots","0","4/4","4","","backing","587.4","D minor","D minor","0.03","no","yes","294","F2–D3","48","5","0","0","7","0","574","1.72","2","2","76","0","Beginner","0","0","0","0.6","0.6","76","294","6","6","0","0","100","93","95","99","96","93","yes","50","11","32","0","Beginner","Beginner",""
"linkin-park-the-emptiness-machine","Intermediate","bass","0","4/4","4","","backing","587.4","D minor","D minor","0.03","no","yes","113","C2–D3","46","5","0","0","7","0","1173","3.52","8.4","0.77","37","0","Beginner","0","0","0","0.6","0.6","99","113","8","6","0","0","100","95","97","99","95","95","yes","45","21","20","0","Beginner","Beginner",""
"linkin-park-the-emptiness-machine","Advanced","melody","0","4/4","4","","backing","587.4","D minor","D minor","0.03","no","yes","82","G2–A#3","50","5","0","0","9","1","333","1","4","0.56","75","0","Beginner","51.9","17.3","181.8","69.9","67.9","29","82","8","5","0","0","100","39","70","95","27","39","yes","51","0","0","4","Beginner","Beginner",""
"linkin-park-the-emptiness-machine","Expert","melody","0","4/4","4","","backing","587.4","D minor","D minor","0.03","no","yes","82","G2–A#3","50","5","0","0","9","1","333","1","4","0.56","75","0","Beginner","51.9","17.3","181.8","69.9","67.9","29","82","8","5","0","0","100","39","70","95","27","39","yes","51","0","0","4","Beginner","Beginner",""
"linkin-park-what-i-ve-done","Beginner","roots","2","4/4","4","","backing","384","G minor","G minor","0.08","no","yes","372","G2–F3","46","5","0","0","7","0","500","1","1","3.88","76","37","Beginner","0","0","2","2","2","76","372","6","6","0","0","100","92","92","98","98","92","no","25","0","0","0","Beginner","Beginner",""
"linkin-park-what-i-ve-done","Intermediate","bass","0","4/4","4","","backing","384","G minor","G minor","0.08","no","yes","144","F2–F3","46","5","0","0","7","0","1000","2","4","1.5","30","37","Beginner","0","0","0","0","0","99","144","8","7","0","0","100","86","86","97","97","86","no","28","14","20","0","Beginner","Beginner",""
"linkin-park-what-i-ve-done","Advanced","melody","0","4/4","4","","backing","384","G minor","G minor","0.08","no","yes","254","G2–D#3","50","5","0","0","7","0","250","0.5","0.5","2.65","0","0","Beginner","0","0","0","176","161","32","254","4","4","0","0","100","44","63","76","26","50","yes","75","0","0","32","Beginner","Beginner",""
"linkin-park-what-i-ve-done","Expert","melody","0","4/4","4","","backing","384","G minor","G minor","0.08","no","yes","254","G2–D#3","50","5","0","0","7","0","250","0.5","0.5","2.65","0","0","Beginner","0","0","0","176","161","33","254","4","4","0","0","100","44","63","76","26","50","yes","75","0","0","32","Beginner","Beginner",""
"ludacris-act-a-fool","Beginner","roots","2","4/4","4","","backing","384","E minor","E minor","0.28","yes","yes","384","E3–G3","54","5","0","0","3","0","610","0.87","1","4","62","0","Beginner","0","0","0","0.3","0.3","79","384","3","3","0","0","100","99","99","99","93","99","no","0","0","0","0","Beginner","Beginner",""
"ludacris-act-a-fool","Intermediate","bass","0","4/4","4","","backing","384","E minor","E minor","0.28","yes","yes","383","E3–G3","52","5","0","0","3","0","348","0.5","2","3.99","62","0","Beginner","0","0","0","0.3","0.3","94","383","3","3","0","0","100","100","100","100","100","100","no","0","0","0","0","Beginner","Beginner",""
"ludacris-act-a-fool","Advanced","melody","1","4/4","4","","backing","384","E minor","E minor","0.28","yes","yes","186","E2–G2","40","6","140","0","3","0","1046","1.5","1","1.94","26","0","Beginner","0","0","1.2","4.5","4.5","48","186","3","3","0","0","100","100","100","100","100","100","no","25","75","140","0","Beginner","Beginner",""
"ludacris-act-a-fool","Expert","melody","1","4/4","4","","backing","384","E minor","E minor","0.28","yes","yes","186","E2–G2","40","6","140","0","3","0","1046","1.5","1","1.94","26","0","Beginner","0","0","1.2","4.5","4.5","48","186","3","3","0","0","100","100","100","100","100","100","no","25","75","140","0","Beginner","Beginner",""
"marilyn-manson-sweet-dreams","Beginner","roots","2","4/4","4","","backing","416","C minor","C minor","0.22","yes","yes","403","C2–G#2","36","1","0","0","8","9","500","0.75","1.2","3.88","74","0","Beginner","0","0","0","2","2","77","403","3","3","0","0","100","80","81","95","100","85","no","73","55","0","0","Beginner","Beginner",""
"marilyn-manson-sweet-dreams","Intermediate","bass","1","4/4","4","","backing","416","C minor","C minor","0.22","yes","yes","165","G2–D#3","44","8","100","0","8","1","334","0.5","32","1.59","30","37","Beginner","0","0","0","2","2","97","165","4","4","0","0","100","91","93","99","100","91","yes","29","0","0","0","Beginner","Beginner",""
"marilyn-manson-sweet-dreams","Advanced","melody","1","4/4","4","","backing","416","C minor","C minor","0.22","yes","yes","147","C2–G3","44","6","2","0","12","10","333","0.5","36","1.41","10","37","Beginner","96","64","0","56","56","43","147","14","9","2","2","99","48","63","78","40","52","yes","37","25","16","26","Beginner","Beginner",""
"marilyn-manson-sweet-dreams","Expert","melody","1","4/4","4","","backing","416","C minor","C minor","0.22","yes","yes","147","C2–G3","44","6","2","0","12","10","333","0.5","36","1.41","10","37","Beginner","96","64","0","56","56","44","147","14","9","2","2","99","48","63","78","40","52","yes","37","25","16","26","Beginner","Beginner",""
"marilyn-manson-tainted-love","Beginner","roots","3","4/4","4","","backing","511.8","G minor","G minor","0.27","yes","yes","251","G2–D#3","46","8","36","0","8","10","421","1.04","2","1.96","67","37","Beginner","0","0","0","6","6","48","251","4","4","0","0","100","95","95","100","100","95","no","43","0","0","0","Beginner","Beginner",""
"marilyn-manson-tainted-love","Intermediate","bass","0","4/4","4","","backing","511.8","G minor","G minor","0.27","yes","yes","398","G2–D#3","46","5","0","0","5","0","337","0.83","4","3.11","53","37","Intermediate","0","0","0","1.8","1.8","92","398","4","4","0","0","100","82","82","99","100","82","no","29","0","0","0","Beginner","Beginner",""
"marilyn-manson-tainted-love","Advanced","melody","0","4/4","4","","backing","511.8","G minor","G minor","0.27","yes","yes","263","F2–G3","48","5","0","0","12","1","270","0.67","2.7","2.06","33","37","Beginner","38.2","15.5","0","6.7","6.7","38","263","10","8","2","0","99","46","68","83","45","48","yes","52","2","6","12","Beginner","Beginner",""
"marilyn-manson-tainted-love","Expert","melody","0","4/4","4","","backing","511.8","G minor","G minor","0.27","yes","yes","301","F2–G3","46","5","0","0","12","1","135","0.33","2.7","2.35","25","37","Beginner","38.2","15.5","0","6.7","6.7","40","301","10","8","2","0","99","45","65","82","46","47","yes","50","7","21","14","Beginner","Beginner",""
"marilyn-manson-the-beautiful-people","Beginner","roots","1","3/4","3","yes","backing","374.5","D minor","D minor","0.04","no","yes","179","G2–D3","50","5","0","0","7","0","454","0.83","1.4","1.91","93","0","Beginner","0","0","0.7","4.3","4.3","50","179","3","3","0","0","100","98","98","98","90","98","no","94","0","0","0","Intermediate","Advanced","Intermediate→Advanced"
"marilyn-manson-the-beautiful-people","Intermediate","bass","0","3/4","3","yes","backing","374.5","D minor","D minor","0.04","no","yes","279","C2–D3","38","5","0","0","9","0","363","0.67","3.6","2.98","66","37","Beginner","0","0","0","1.8","1.8","65","279","7","6","43","39","85","95","95","95","97","95","no","6","81","223","0","Intermediate","Advanced","Intermediate→Advanced"
"marilyn-manson-the-beautiful-people","Advanced","melody","1","3/4","3","yes","backing","374.5","D minor","D minor","0.04","no","yes","261","C2–A2","44","8","222","0","7","0","272","0.5","3","2.79","60","37","Beginner","0","0","0.9","25.4","25.4","43","261","7","7","180","176","31","71","79","83","5","71","yes","3","23","55","5","Intermediate","Advanced","Intermediate→Advanced"
"marilyn-manson-the-beautiful-people","Expert","melody","0","3/4","3","yes","backing","374.5","D minor","D minor","0.04","no","yes","442","C2–A2","43","5","0","0","7","0","90","0.16","3","4.72","23","37","Advanced","0","0","0.4","25.3","25.3","55","442","7","7","180","176","59","78","87","90","39","78","yes","2","50","217","180","Intermediate","Advanced","Intermediate→Advanced"
"marilyn-manson-the-nobodies","Beginner","roots","2","4/4","4","","backing","261","A minor","A minor","0.32","yes","yes","258","C3–A3","55","5","0","0","9","5","735","0.98","1.2","3.95","72","0","Beginner","0","0","0","1","1","79","258","5","5","0","0","100","90","90","99","98","90","no","43","0","0","0","Beginner","Beginner",""
"marilyn-manson-the-nobodies","Intermediate","bass","1","4/4","4","","backing","261","A minor","A minor","0.32","yes","yes","182","C2–C3","43","5","0","0","9","7","345","0.46","7","2.79","59","0","Beginner","0","0","0","1.5","1.5","97","182","6","5","0","0","100","79","79","97","95","79","no","29","43","44","0","Beginner","Beginner",""
"marilyn-manson-the-nobodies","Advanced","melody","0","4/4","4","","backing","261","A minor","A minor","0.32","yes","yes","183","E2–C3","48","5","0","0","8","10","361","0.48","0.5","2.8","7","37","Beginner","0","0","33","88","88","34","183","4","4","12","0","93","66","66","94","40","68","no","0","7","12","12","Beginner","Beginner",""
"marilyn-manson-the-nobodies","Expert","melody","0","4/4","4","","backing","261","A minor","A minor","0.32","yes","yes","189","E2–C3","45","5","0","0","8","10","17","0.02","0.5","2.9","10","37","Beginner","0","0","33","88","88","35","189","4","4","12","0","94","67","67","94","41","69","no","0","6","12","12","Beginner","Beginner",""
"marilyn-manson-this-is-the-new-shit","Beginner","roots","3","4/4","4","","backing","242","D minor","D minor","0.17","no","yes","178","D3–B3","50","3","0","0","9","2","479","0.75","1","2.94","57","0","Beginner","0","0","0","2","2","63","178","4","4","8","0","96","69","69","93","98","71","no","76","0","0","0","Intermediate","Intermediate",""
"marilyn-manson-this-is-the-new-shit","Intermediate","bass","1","4/4","4","","backing","242","D minor","D minor","0.17","no","yes","175","D2–D3","45","9","64","0","9","17","478","0.75","8.3","2.89","6","37","Beginner","0","0","0","0.8","0.8","90","175","7","6","43","35","75","70","70","84","100","72","no","29","23","40","0","Intermediate","Intermediate",""
"marilyn-manson-this-is-the-new-shit","Advanced","melody","0","4/4","4","","backing","242","D minor","D minor","0.17","no","yes","319","F2–F3","50","5","0","0","12","11","319","0.5","1","5.27","42","37","Intermediate","0","0","4","1.3","1.3","63","319","8","7","37","35","88","61","61","83","76","66","no","51","11","35","35","Intermediate","Intermediate",""
"marilyn-manson-this-is-the-new-shit","Expert","melody","0","4/4","4","","backing","242","D minor","D minor","0.17","no","yes","465","F2–F3","50","5","0","0","12","7","159","0.25","1","7.69","28","37","Intermediate","0","0","4","1","1","79","465","8","7","37","35","92","59","59","85","69","66","no","48","8","35","35","Intermediate","Intermediate",""
"marilyn-manson-mobscene","Beginner","roots","2","4/4","4","","backing","464","A minor","A minor","0","no","yes","372","D3–C4","50","3","0","0","8","1","468","1","1.5","3.21","71","37","Beginner","0","0","-4","1.5","1.5","69","372","6","6","24","24","94","93","93","93","98","93","no","66","0","0","0","Intermediate","Intermediate",""
"marilyn-manson-mobscene","Intermediate","bass","0","4/4","4","","backing","464","A minor","A minor","0","no","yes","336","D2–F3","45","5","0","0","9","0","468","1","2","2.9","58","0","Beginner","0","0","-4","0.5","0.5","83","336","10","7","18","18","95","100","100","100","98","100","no","27","40","134","0","Intermediate","Intermediate",""
"marilyn-manson-mobscene","Advanced","melody","0","4/4","4","","backing","464","A minor","A minor","0","no","yes","417","D2–C4","52","5","0","0","12","2","468","1","2","3.59","55","37","Beginner","0","0","0","16","16","37","417","12","7","24","24","94","100","100","100","100","100","no","13","47","195","22","Intermediate","Intermediate",""
"marilyn-manson-mobscene","Expert","melody","0","4/4","4","","backing","464","A minor","A minor","0","no","yes","824","D2–C4","50","5","0","0","12","4","234","0.5","2","7.1","60","37","Intermediate","0","0","0","16","16","72","824","12","7","48","48","94","100","100","100","100","100","no","18","42","350","46","Intermediate","Intermediate",""
"massive-attack-angel","Beginner","roots","2","2/4","2","yes","backing","329.8","F♯ major","F♯ major","0.14","no","yes","212","A#2–C#4","59","4","0","0","8","2","535","0.75","1.5","2.57","25","0","Beginner","0","0","0","2","2","70","212","4","4","0","0","100","88","88","98","94","88","no","0","0","0","0","Beginner","Advanced","Beginner→Advanced"
"massive-attack-angel","Intermediate","bass","1","2/4","2","yes","backing","329.8","F♯ major","F♯ major","0.14","no","yes","230","G#2–F#3","47","4","0","0","8","0","350","0.49","2","2.79","22","37","Intermediate","0","0","2.1","10.2","10.2","28","230","4","4","0","0","100","59","64","92","97","63","yes","0","0","0","0","Beginner","Advanced","Beginner→Advanced"
"massive-attack-angel","Advanced","melody","1","2/4","2","yes","backing","329.8","F♯ major","F♯ major","0.14","no","yes","223","F#2–F3","49","10","223","0","7","0","357","0.5","1.3","2.7","34","37","Intermediate","38","27.1","9.8","32.5","32.5","38","223","7","7","0","0","100","18","52","81","19","44","yes","0","13","28","32","Beginner","Advanced","Beginner→Advanced"
"massive-attack-angel","Expert","melody","1","2/4","2","yes","backing","329.8","F♯ major","F♯ major","0.14","no","yes","259","F#2–F3","49","10","259","0","7","0","178","0.25","1.3","3.14","40","37","Advanced","38","27.1","9.8","32.5","32.5","41","259","7","7","0","0","100","18","53","79","17","45","yes","0","11","28","32","Beginner","Advanced","Beginner→Advanced"
"massive-attack-dissolved-girl","Beginner","roots","3","4/4","4","","backing","712","F major","F major","0.05","no","yes","597","A#2–F3","53","5","0","0","7","0","433","0.92","1.5","3.35","85","37","Beginner","0","0","0","2","2","67","597","6","6","34","1","94","71","72","76","83","92","no","2","0","0","0","Beginner","Intermediate","Beginner→Intermediate"
"massive-attack-dissolved-girl","Intermediate","bass","1","4/4","4","","backing","712","F major","F major","0.05","no","yes","479","D#2–F#3","41","10","251","0","9","0","472","1","2","2.69","58","37","Beginner","0","0","0","0.5","0.5","91","479","10","8","108","19","77","81","82","94","88","83","no","2","56","268","0","Beginner","Intermediate","Beginner→Intermediate"
"massive-attack-dissolved-girl","Advanced","melody","1","4/4","4","","backing","712","F major","F major","0.05","no","yes","292","F2–G3","48","8","273","0","12","1","472","1","4","1.64","3","37","Intermediate","12","5.7","0.5","71.5","71.5","25","292","9","8","138","4","53","48","54","99","25","48","yes","3","3","10","2","Beginner","Intermediate","Beginner→Intermediate"
"massive-attack-dissolved-girl","Expert","melody","1","4/4","4","","backing","712","F major","F major","0.05","no","yes","420","F2–A#3","51","8","401","0","12","29","236","0.5","4","2.36","2","37","Intermediate","12","5.7","0.5","71.5","71.5","34","420","10","9","138","4","67","51","56","87","21","62","no","2","2","10","2","Beginner","Intermediate","Beginner→Intermediate"
"massive-attack-teardrop-arr-by-ikuinenonni","Beginner","roots","1","4/4","4","","backing","290","A major","A major","0.08","no","yes","194","D3–B3","57","5","0","0","7","0","608","0.75","1.5","2.68","51","0","Beginner","0","0","0","2.2","2.2","60","194","5","5","4","0","98","83","92","93","78","86","yes","90","0","0","0","Intermediate","Intermediate",""
"massive-attack-teardrop-arr-by-ikuinenonni","Intermediate","bass","0","4/4","4","","backing","290","A major","A major","0.08","no","yes","454","C2–D4","45","5","0","0","9","5","405","0.5","2.5","6.26","18","37","Beginner","0","0","0","0.7","0.7","85","454","15","9","67","0","85","85","91","96","99","89","yes","33","14","59","0","Intermediate","Intermediate",""
"massive-attack-teardrop-arr-by-ikuinenonni","Advanced","melody","0","4/4","4","","backing","290","A major","A major","0.08","no","yes","461","D2–D4","50","6","0","0","12","17","405","0.5","2","6.36","13","0","Beginner","0","0","0","1","1","75","461","18","10","55","1","88","82","88","94","63","82","yes","34","8","38","13","Intermediate","Intermediate",""
"massive-attack-teardrop-arr-by-ikuinenonni","Expert","melody","0","4/4","4","","backing","290","A major","A major","0.08","no","yes","649","D2–D4","50","6","0","0","12","16","102","0.13","2","8.95","12","37","Intermediate","0","0","0","1","1","92","649","20","10","90","4","86","84","89","95","62","85","yes","31","8","52","23","Intermediate","Intermediate",""
"massive-attack-teardrop","Beginner","roots","3","4/4","4","","backing","762.5","D major","D major","0.04","no","yes","364","C3–A3","50","5","0","0","9","1","460","1.75","3","1.91","80","0","Beginner","0","0","0","4","4","75","364","6","6","76","0","79","60","64","70","80","77","no","54","0","0","0","Beginner","Beginner",""
"massive-attack-teardrop","Intermediate","bass","0","4/4","4","","backing","762.5","D major","D major","0.04","no","yes","184","C2–F3","40","5","0","0","9","2","526","2","7","0.97","58","0","Beginner","0","0","0","2","2","95","184","11","7","38","0","79","55","61","66","74","74","no","31","62","83","0","Beginner","Beginner",""
"massive-attack-teardrop","Advanced","melody","0","4/4","4","","backing","762.5","D major","D major","0.04","no","yes","127","A2–C4","52","5","0","0","10","2","263","1","4","0.67","17","0","Beginner","145","38.2","167.5","40","40","30","127","9","7","18","0","86","68","87","95","35","71","yes","44","0","0","0","Beginner","Beginner",""
"massive-attack-teardrop","Expert","melody","0","4/4","4","","backing","762.5","D major","D major","0.04","no","yes","132","A2–C4","50","5","0","0","10","2","131","0.5","4","0.69","21","0","Beginner","145","38.2","167.5","40","40","31","132","9","7","18","0","86","69","88","95","38","72","yes","46","0","0","0","Beginner","Beginner",""
"metal-gear-solid-3-snake-eater","Beginner","roots","3","2/4","2","yes","backing","252","F♯ minor","F♯ minor","0.05","no","yes","204","C#2–C#4","57","4","0","0","9","4","500","0.75","1.5","3.24","76","37","Beginner","0","0","4.6","6","6","63","204","9","5","0","0","100","64","71","80","85","75","no","11","7","14","0","Beginner","Beginner",""
"metal-gear-solid-3-snake-eater","Intermediate","bass","1","2/4","2","yes","backing","252","F♯ minor","F♯ minor","0.05","no","yes","116","C#2–D4","54","5","0","0","9","10","334","0.5","8","1.84","41","37","Beginner","0","0","0","25.5","25.5","60","116","14","8","1","1","99","61","67","78","96","73","no","9","10","12","0","Beginner","Beginner",""
"metal-gear-solid-3-snake-eater","Advanced","melody","1","2/4","2","yes","backing","252","F♯ minor","F♯ minor","0.05","no","yes","87","C#2–C#4","52","11","32","0","12","23","333","0.5","8","1.38","9","37","Beginner","1.5","1","8.5","17","17","69","87","16","10","9","0","90","72","82","99","48","72","yes","8","8","7","18","Beginner","Beginner",""
"metal-gear-solid-3-snake-eater","Expert","melody","1","2/4","2","yes","backing","252","F♯ minor","F♯ minor","0.05","no","yes","91","C#2–D4","52","11","32","0","12","22","166","0.25","8","1.44","8","37","Beginner","1.5","1","8.5","17","17","72","91","17","10","9","0","90","70","80","99","46","70","yes","9","8","7","18","Beginner","Beginner",""
"metallica-blackened","Beginner","roots","2","4/4","4","","backing","483.3","E minor","E minor","0.15","no","yes","306","B2–G3","52","5","0","0","6","0","633","0.76","1.5","2.53","68","37","Beginner","0","0","0.4","3.4","3.4","58","306","6","6","12","0","96","86","88","90","92","87","yes","0","0","0","0","Advanced","Advanced",""
"metallica-blackened","Intermediate","bass","1","4/4","4","","backing","483.3","E minor","E minor","0.15","no","yes","479","D#2–B3","52","5","0","0","9","3","351","0.42","14.9","3.96","33","37","Beginner","0","0","0","2.4","2.4","64","479","16","10","48","37","90","84","87","90","96","86","yes","10","15","72","0","Advanced","Advanced",""
"metallica-blackened","Advanced","melody","1","4/4","4","","backing","483.3","E minor","E minor","0.15","no","yes","668","E2–A3","43","6","71","0","12","19","275","0.33","13.5","5.53","23","37","Intermediate","0","0","0.2","19.2","19.2","47","668","15","10","80","66","88","80","84","88","89","83","yes","18","43","289","66","Advanced","Advanced",""
"metallica-blackened","Expert","melody","1","4/4","4","","backing","483.3","E minor","E minor","0.15","no","yes","1623","E2–B3","43","8","174","0","12","18","27","0.03","13.5","13.43","32","37","Advanced","0","0","0.2","19","19","87","1623","18","11","193","160","88","76","80","87","94","80","yes","18","36","588","121","Advanced","Advanced",""
"metallica-blitzkreig","Beginner","roots","6","3/4","3","yes","backing","879.3","E minor","E minor","0.13","no","yes","250","A#2–A3","52","5","0","0","9","5","426","1.77","3.3","1.14","82","0","Beginner","0","0","0","42.7","42.7","48","250","6","6","23","23","91","87","87","94","86","87","no","6","0","0","0","Advanced","Advanced",""
"metallica-blitzkreig","Intermediate","bass","1","3/4","3","yes","backing","879.3","E minor","E minor","0.13","no","yes","217","C2–A3","48","5","0","0","9","6","438","1.82","42.6","0.99","51","0","Beginner","0","0","0","42.7","42.7","64","217","12","8","2","2","99","94","94","96","94","94","no","9","35","65","0","Advanced","Advanced",""
"metallica-blitzkreig","Advanced","melody","1","3/4","3","yes","backing","879.3","E minor","E minor","0.13","no","yes","348","E2–C4","43","10","81","0","12","13","320","1.33","6.5","1.58","47","37","Beginner","1.3","0.3","3.8","165.5","165.5","36","348","11","9","41","22","88","99","99","100","97","99","no","12","43","149","9","Advanced","Advanced",""
"metallica-blitzkreig","Expert","melody","1","3/4","3","yes","backing","879.3","E minor","E minor","0.13","no","yes","879","E2–C4","43","10","349","0","12","17","80","0.33","6.5","4","44","37","Advanced","1.3","0.3","3.8","165.5","165.5","76","879","13","9","124","63","86","98","98","100","98","98","no","11","47","416","14","Advanced","Advanced",""
"metallica-call-of-ktulu","Beginner","roots","3","4/4","4","","backing","1211","G♯ minor","G♯ minor","0.14","no","yes","713","C#2–F#3","44","4","0","0","9","4","450","1","1.5","2.36","69","37","Beginner","0","0","16","26","26","51","713","6","6","105","105","85","71","77","88","85","73","yes","15","31","218","0","Advanced","Expert","Advanced→Expert"
"metallica-call-of-ktulu","Intermediate","bass","0","4/4","4","","backing","1211","G♯ minor","G♯ minor","0.14","no","yes","779","C#2–C#4","46","5","0","0","9","3","338","0.75","8","2.57","32","37","Beginner","0","0","0","13","13","74","779","20","12","185","137","76","71","76","86","86","74","yes","11","9","72","0","Advanced","Expert","Advanced→Expert"
"metallica-call-of-ktulu","Advanced","melody","1","4/4","4","","backing","1211","G♯ minor","G♯ minor","0.14","no","yes","1044","C2–B3","46","9","205","0","12","21","300","0.66","8","3.45","23","37","Advanced","0","0","0","8","8","61","1044","23","12","204","152","80","54","63","77","51","57","yes","4","20","195","418","Advanced","Expert","Advanced→Expert"
"metallica-call-of-ktulu","Expert","melody","1","4/4","4","","backing","1211","G♯ minor","G♯ minor","0.14","no","yes","2081","C2–C4","46","9","110","0","12","10","56","0.12","8","6.87","23","37","Expert","0","0","0","8","8","98","2081","25","12","401","267","81","49","58","74","48","52","yes","4","24","473","862","Advanced","Expert","Advanced→Expert"
"metallica-creeping-death","Beginner","roots","2","4/4","4","","backing","1312.6","E minor","E minor","0.16","no","yes","488","C3–A3","52","5","0","0","7","0","471","1.44","3","1.49","65","0","Beginner","0","0","0","7","7","57","488","6","6","0","0","100","93","94","95","98","97","no","18","0","0","0","Advanced","Expert","Advanced→Expert"
"metallica-creeping-death","Intermediate","bass","0","4/4","4","","backing","1312.6","E minor","E minor","0.16","no","yes","441","C#2–C#4","50","5","0","0","9","18","435","1.33","7.5","1.34","32","37","Beginner","0","0","0","7","7","79","441","16","9","36","29","92","91","94","95","98","94","yes","17","28","124","0","Advanced","Expert","Advanced→Expert"
"metallica-creeping-death","Advanced","melody","1","4/4","4","","backing","1312.6","E minor","E minor","0.16","no","yes","813","E2–D4","48","9","80","0","12","43","326","1","13","2.48","35","0","Intermediate","0","0","0","3.5","3.5","66","813","15","8","41","34","95","87","92","93","82","90","yes","8","40","328","4","Advanced","Expert","Advanced→Expert"
"metallica-creeping-death","Expert","melody","1","4/4","4","","backing","1312.6","E minor","E minor","0.16","no","yes","1708","E2–D4","45","9","224","0","12","42","54","0.17","13","5.21","33","0","Expert","0","0","0","3.5","3.5","96","1708","17","9","42","35","98","88","91","94","86","92","no","4","49","829","4","Advanced","Expert","Advanced→Expert"
"metallica-damage-inc","Beginner","roots","2","4/4","4","","backing","351.5","E minor","E minor","0.12","no","yes","243","B2–A3","52","5","0","0","8","3","631","0.74","1.5","2.77","72","0","Beginner","0","0","0.5","2.2","2.2","59","243","6","6","0","0","100","95","95","96","93","96","no","10","0","0","0","Expert","Expert",""
"metallica-damage-inc","Intermediate","bass","1","4/4","4","","backing","351.5","E minor","E minor","0.12","no","yes","383","D2–D4","52","5","0","0","9","6","338","0.39","2.2","4.36","37","0","Beginner","0","0","0","3.1","3.1","51","383","17","10","69","66","82","94","94","96","98","96","no","7","26","99","0","Expert","Expert",""
"metallica-damage-inc","Advanced","melody","1","4/4","4","","backing","351.5","E minor","E minor","0.12","no","yes","547","E2–D4","43","9","100","0","12","26","315","0.37","15.8","6.22","40","0","Intermediate","0","0","0","2.9","2.9","48","547","19","10","91","57","83","78","95","97","79","78","yes","14","49","267","13","Expert","Expert",""
"metallica-damage-inc","Expert","melody","1","4/4","4","","backing","351.5","E minor","E minor","0.12","no","yes","1887","E2–D4","42","9","511","0","12","18","78","0.09","15.8","21.47","65","0","Expert","0","0","0","2.8","2.8","92","1887","19","10","392","221","79","78","95","96","81","79","yes","10","60","1132","41","Expert","Expert",""
"metallica-enter-sandman-sextet","Beginner","roots","2","1/4","1","yes","backing","672.5","E major","E major","0.03","no","yes","515","B2–A3","52","5","0","0","7","0","427","0.87","1.7","3.06","81","0","Beginner","0","0","0.5","2.2","2.2","66","515","5","5","8","0","98","81","88","95","87","82","yes","3","0","0","0","Intermediate","Advanced","Intermediate→Advanced"
"metallica-enter-sandman-sextet","Intermediate","bass","0","1/4","1","yes","backing","672.5","E major","E major","0.03","no","yes","577","E2–C#4","41","5","0","0","9","1","410","0.83","12","3.43","50","37","Beginner","0","0","0","3.5","3.5","62","577","14","10","95","63","84","72","80","89","83","73","yes","3","53","305","0","Intermediate","Advanced","Intermediate→Advanced"
"metallica-enter-sandman-sextet","Advanced","melody","1","1/4","1","yes","backing","672.5","E major","E major","0.03","no","yes","496","E2–A3","45","9","16","0","12","20","491","1","8.1","2.95","29","0","Beginner","16","7.9","0","19","19","55","496","12","9","78","20","84","64","92","100","46","64","yes","6","42","208","36","Intermediate","Advanced","Intermediate→Advanced"
"metallica-enter-sandman-sextet","Expert","melody","1","1/4","1","yes","backing","672.5","E major","E major","0.03","no","yes","971","E2–B3","46","9","284","0","12","27","49","0.1","8.1","5.78","29","0","Advanced","16","7.9","0","19","19","92","971","14","9","170","53","82","71","92","98","56","71","yes","6","40","387","32","Intermediate","Advanced","Intermediate→Advanced"
"metallica-enter-sandman","Beginner","roots","2","4/4","4","","backing","665","E major","E major","0.05","no","yes","540","E3–C#4","52","5","0","0","9","0","427","0.88","1.5","3.25","67","0","Beginner","0","0","0","1.5","1.5","73","540","6","6","13","0","98","90","91","95","97","91","yes","9","0","0","0","Intermediate","Intermediate",""
"metallica-enter-sandman","Intermediate","bass","0","4/4","4","","backing","665","E major","E major","0.05","no","yes","362","D2–C#4","41","5","0","0","9","2","366","0.75","19.5","2.18","40","0","Beginner","0","0","0","1","1","83","362","12","8","35","8","90","87","89","95","98","88","yes","6","52","187","0","Intermediate","Intermediate",""
"metallica-enter-sandman","Advanced","melody","1","4/4","4","","backing","665","E major","E major","0.05","no","yes","374","E2–B3","47","9","25","0","12","19","487","1","14","2.25","34","0","Beginner","48","23.4","0.5","75","75","51","374","13","9","50","9","87","61","96","99","53","61","yes","7","38","142","24","Intermediate","Intermediate",""
"metallica-enter-sandman","Expert","melody","1","4/4","4","","backing","665","E major","E major","0.05","no","yes","682","E2–B3","47","6","230","0","12","24","243","0.5","14","4.1","29","0","Intermediate","48","23.4","0.5","75","75","75","682","14","10","111","27","84","68","95","99","58","68","yes","7","38","257","30","Intermediate","Intermediate",""
"metallica-fade-to-black-octet","Beginner","roots","0","4/4","4","","backing","758.4","E minor","E minor","0.11","no","yes","604","E3–C4","57","5","0","0","8","1","425","0.79","1.5","3.19","69","0","Beginner","0","0","0","4","4","64","604","6","6","0","0","100","79","81","96","95","80","yes","32","0","0","0","Beginner","Beginner",""
"metallica-fade-to-black-octet","Intermediate","bass","0","4/4","4","","backing","758.4","E minor","E minor","0.11","no","yes","435","E2–C#4","48","5","0","0","9","8","394","0.74","22","2.29","36","37","Beginner","0","0","0","4","4","88","435","14","10","6","1","99","77","83","94","97","79","yes","25","12","53","0","Beginner","Beginner",""
"metallica-fade-to-black-octet","Advanced","melody","0","4/4","4","","backing","758.4","E minor","E minor","0.11","no","yes","509","E2–D4","52","6","0","0","12","19","250","0.47","9.6","2.68","19","0","Beginner","88","47.1","0.2","4","4","66","509","15","8","10","0","98","56","76","85","50","58","yes","27","5","25","13","Beginner","Beginner",""
"metallica-fade-to-black-octet","Expert","melody","0","4/4","4","","backing","758.4","E minor","E minor","0.11","no","yes","809","E2–D4","52","6","0","0","12","15","27","0.05","9.6","4.27","25","0","Beginner","88","47.1","0.2","4","4","77","809","16","9","63","32","92","60","74","82","51","64","yes","22","12","99","65","Beginner","Beginner",""
"metallica-fade-to-black","Beginner","roots","1","4/4","4","","backing","589.8","D major","D major","0.03","no","yes","444","E3–C4","57","5","0","0","7","0","431","0.83","1.6","3.01","69","0","Beginner","0.5","0.3","0","3.2","3.2","63","444","6","6","38","0","91","75","81","93","89","80","yes","31","0","0","0","Beginner","Beginner",""
"metallica-fade-to-black","Intermediate","bass","0","4/4","4","","backing","589.8","D major","D major","0.03","no","yes","289","C#2–B3","52","5","0","0","9","7","384","0.74","6","1.96","36","37","Beginner","0","0","0","6.1","6.1","76","289","14","9","14","0","95","86","93","98","92","87","yes","18","7","20","0","Beginner","Beginner",""
"metallica-fade-to-black","Advanced","melody","0","4/4","4","","backing","589.8","D major","D major","0.03","no","yes","206","C#2–B3","42","6","0","0","11","2","258","0.5","3","1.4","11","37","Beginner","103","53.3","0","53.8","53.8","30","206","15","8","10","0","95","27","47","94","13","31","yes","25","52","108","81","Beginner","Beginner",""
"metallica-fade-to-black","Expert","melody","0","4/4","4","","backing","589.8","D major","D major","0.03","no","yes","302","C#2–B3","43","6","0","0","11","10","104","0.2","3","2.05","19","37","Beginner","103","53.3","0","53.4","53.4","36","302","15","8","10","0","97","27","48","95","11","30","yes","20","48","146","110","Beginner","Beginner",""
"metallica-fuel","Beginner","roots","4","4/4","4","","backing","928.2","D♯ minor","D♯ minor","0.2","yes","yes","305","G#2–D#3","47","10","305","0","7","0","496","1.75","3","1.31","75","37","Beginner","0","0","0","10","10","50","305","5","5","6","6","98","72","73","79","100","85","no","0","0","0","0","Advanced","Expert","Advanced→Expert"
"metallica-fuel","Intermediate","bass","2","4/4","4","","backing","928.2","D♯ minor","D♯ minor","0.2","yes","yes","277","D#2–F#3","51","10","41","0","9","1","356","1.26","8","1.19","57","37","Beginner","0","0","18.2","18.5","18.5","37","277","8","7","4","4","99","77","78","85","100","87","no","0","6","16","0","Advanced","Expert","Advanced→Expert"
"metallica-fuel","Advanced","melody","1","4/4","4","","backing","928.2","D♯ minor","D♯ minor","0.2","yes","yes","685","D#2–A#3","49","9","600","0","12","19","277","0.98","8","2.95","17","37","Advanced","0","0","0","15.4","5.1","60","685","16","11","7","5","99","68","85","91","59","70","yes","0","32","221","265","Advanced","Expert","Advanced→Expert"
"metallica-fuel","Expert","melody","1","4/4","4","","backing","928.2","D♯ minor","D♯ minor","0.2","yes","yes","1343","D#2–A#3","49","9","1341","0","12","10","23","0.08","8","5.79","29","37","Expert","0","0","0","14.9","5.1","95","1343","16","12","9","6","99","70","83","90","62","72","yes","0","36","484","517","Advanced","Expert","Advanced→Expert"
"metallica-hit-the-lights","Beginner","roots","1","4/4","4","","backing","491.6","A major","A major","0.04","no","yes","255","D3–B3","57","5","0","0","7","0","422","1.01","1.9","2.08","91","0","Beginner","0","0","0","5.4","5.4","51","255","6","6","5","0","98","86","89","90","90","88","yes","65","0","0","0","Intermediate","Advanced","Intermediate→Advanced"
"metallica-hit-the-lights","Intermediate","bass","0","4/4","4","","backing","491.6","A major","A major","0.04","no","yes","349","E2–B3","45","5","0","0","9","2","343","0.82","4","2.84","39","0","Beginner","0","0","0","1.8","1.8","57","349","12","8","67","0","81","93","95","98","97","94","yes","24","1","3","0","Intermediate","Advanced","Intermediate→Advanced"
"metallica-hit-the-lights","Advanced","melody","1","4/4","4","","backing","491.6","A major","A major","0.04","no","yes","459","E2–B3","47","6","30","0","12","5","250","0.6","1.6","3.74","48","37","Beginner","0","0","0","56","56","47","459","14","9","78","2","83","96","96","99","100","96","no","19","9","42","5","Intermediate","Advanced","Intermediate→Advanced"
"metallica-hit-the-lights","Expert","melody","1","4/4","4","","backing","491.6","A major","A major","0.04","no","yes","864","E2–B3","45","6","102","0","12","3","93","0.22","1.6","7.03","57","37","Advanced","0","0","0","56","56","69","864","14","9","143","11","83","97","97","99","100","97","no","18","17","150","14","Intermediate","Advanced","Intermediate→Advanced"
"metallica-master-of-puppets-sextet","Beginner","roots","5","4/4","4","","backing","1746.4","E minor","E minor","0.28","yes","yes","527","E3–C4","53","4","0","0","8","12","420","1.54","3.1","1.21","65","0","Beginner","1","0.3","-0.1","8.3","8.3","51","527","6","6","42","42","92","85","85","87","92","93","no","7","0","0","0","Advanced","Advanced",""
"metallica-master-of-puppets-sextet","Intermediate","bass","0","4/4","4","","backing","1746.4","E minor","E minor","0.28","yes","yes","671","E2–C#4","48","5","0","0","9","8","374","1.37","11.1","1.54","35","37","Beginner","0","0","-0.1","7","5.5","54","671","17","11","57","40","92","81","82","85","96","93","no","10","27","182","0","Advanced","Advanced",""
"metallica-master-of-puppets-sextet","Advanced","melody","1","4/4","4","","backing","1746.4","E minor","E minor","0.28","yes","yes","1202","E2–A3","43","9","249","0","12","8","272","1","11.1","2.75","42","37","Intermediate","0","0","-0.1","41.1","11.5","65","1202","16","11","114","61","91","78","79","82","95","93","no","11","49","588","77","Advanced","Advanced",""
"metallica-master-of-puppets-sextet","Expert","melody","1","4/4","4","","backing","1746.4","E minor","E minor","0.28","yes","yes","2057","E2–A3","42","9","118","0","12","7","68","0.25","11.1","4.71","45","37","Advanced","0","0","-0.1","41.1","11","90","2057","16","11","177","121","91","80","81","84","96","94","no","10","54","1105","231","Advanced","Advanced",""
"metallica-master-of-puppets","Beginner","roots","2","4/4","4","","backing","1150.1","E minor","E minor","0.31","yes","yes","527","B2–G3","52","5","0","0","8","1","420","0.98","1.9","1.83","73","0","Beginner","0","0","0","9.5","9.5","44","527","6","6","0","0","100","83","84","88","90","86","no","6","0","0","0","Advanced","Advanced",""
"metallica-master-of-puppets","Intermediate","bass","0","4/4","4","","backing","1150.1","E minor","E minor","0.31","yes","yes","710","D2–C#4","47","5","0","0","9","8","335","0.78","7.9","2.47","38","37","Beginner","0","0","0","4","4","63","710","19","11","68","43","90","81","82","88","92","88","no","12","26","184","0","Advanced","Advanced",""
"metallica-master-of-puppets","Advanced","melody","1","4/4","4","","backing","1150.1","E minor","E minor","0.31","yes","yes","1161","E2–D4","49","9","142","0","12","24","278","0.65","5.3","4.04","30","37","Intermediate","0","0","0","6.6","5.3","57","1161","22","12","137","44","88","62","84","90","55","66","yes","16","33","382","49","Advanced","Advanced",""
"metallica-master-of-puppets","Expert","melody","1","4/4","4","","backing","1150.1","E minor","E minor","0.31","yes","yes","2256","E2–D4","47","9","256","0","12","18","4","0.01","5.3","7.85","35","37","Advanced","0","0","0","6.6","5.3","88","2256","23","12","269","132","88","69","88","92","63","71","yes","12","43","975","98","Advanced","Advanced",""
"metallica-nothing-else-matters","Beginner","roots","3","6/8","3","yes","backing","458.7","E minor","E minor","0.27","yes","yes","707","G2–A3","52","5","0","0","9","2","420","0.49","1","6.16","81","0","Beginner","0","0","0","1.5","1.5","65","707","6","6","0","0","100","90","92","95","99","93","no","24","0","0","0","Beginner","Beginner",""
"metallica-nothing-else-matters","Intermediate","bass","1","6/8","3","yes","backing","458.7","E minor","E minor","0.27","yes","yes","374","C2–B3","50","5","0","0","9","7","340","0.4","17.9","3.26","49","0","Beginner","0","0","0","1","1","95","374","13","7","1","1","100","86","89","96","100","88","yes","34","9","33","0","Beginner","Beginner",""
"metallica-nothing-else-matters","Advanced","melody","0","6/8","3","yes","backing","458.7","E minor","E minor","0.27","yes","yes","658","C2–C4","47","6","0","0","12","19","319","0.37","6","5.74","15","37","Beginner","0.5","0.4","0","20.9","20.9","75","658","18","10","16","0","98","28","56","94","24","31","yes","28","10","52","22","Beginner","Beginner",""
"metallica-nothing-else-matters","Expert","melody","0","6/8","3","yes","backing","458.7","E minor","E minor","0.27","yes","yes","906","C2–C4","47","6","0","0","12","20","53","0.06","6","7.9","11","37","Beginner","0.5","0.4","0","20.9","20.9","89","906","19","11","22","5","98","30","55","91","23","32","yes","32","9","73","38","Beginner","Beginner",""
"metallica-one-octet","Beginner","roots","3","4/4","4","","backing","715.9","B minor","B minor","0.06","no","yes","537","B2–G3","52","5","0","0","8","5","450","0.75","1.5","3","67","0","Beginner","0","0","0","3.8","3.8","62","537","6","6","37","37","93","76","86","92","86","77","yes","10","0","0","0","Intermediate","Intermediate",""
"metallica-one-octet","Intermediate","bass","0","4/4","4","","backing","715.9","B minor","B minor","0.06","no","yes","588","D2–C#4","47","5","0","0","9","6","335","0.56","7.3","3.29","36","37","Beginner","0","0","0","2.5","2.5","64","588","16","10","45","44","92","69","83","90","97","71","yes","17","34","198","0","Intermediate","Intermediate",""
"metallica-one-octet","Advanced","melody","0","4/4","4","","backing","715.9","B minor","B minor","0.06","no","yes","900","E2–D4","49","6","0","0","12","20","250","0.42","7.3","5.03","17","37","Beginner","4","2.4","0.3","5","5","69","900","20","11","126","109","86","46","79","94","44","47","yes","24","16","140","40","Intermediate","Intermediate",""
"metallica-one-octet","Expert","melody","0","4/4","4","","backing","715.9","B minor","B minor","0.06","no","yes","1480","E2–D4","47","6","0","0","12","14","50","0.08","7.3","8.27","44","37","Intermediate","4","2.4","0.3","5","5","77","1480","20","11","163","133","89","63","84","95","61","63","yes","19","38","565","59","Intermediate","Intermediate",""
"metallica-one","Beginner","roots","3","4/4","4","","backing","749.7","E minor","E minor","0.24","yes","yes","517","D3–B3","52","5","0","0","9","4","555","1","1.5","2.76","63","0","Beginner","0","0","-0.3","2","2","61","517","6","6","41","41","92","83","85","91","87","85","no","20","0","0","0","Beginner","Beginner",""
"metallica-one","Intermediate","bass","0","4/4","4","","backing","749.7","E minor","E minor","0.24","yes","yes","528","C2–C#4","45","5","0","0","9","7","416","0.75","8.5","2.82","47","37","Beginner","0","0","-0.3","1.5","1.5","79","528","17","9","39","31","93","76","78","83","94","80","no","21","39","203","0","Beginner","Beginner",""
"metallica-one","Advanced","melody","0","4/4","4","","backing","749.7","E minor","E minor","0.24","yes","yes","272","E2–D4","55","6","0","0","12","19","277","0.5","1.5","1.45","14","0","Beginner","119","66.1","52.7","252.8","252.8","18","272","15","8","22","22","92","51","63","79","50","63","yes","11","16","44","2","Beginner","Beginner",""
"metallica-one","Expert","melody","0","4/4","4","","backing","749.7","E minor","E minor","0.24","yes","yes","355","E2–D4","54","6","0","0","12","14","92","0.17","1.5","1.89","25","0","Beginner","119","66.1","52.7","252.5","252.5","20","355","15","8","22","22","94","54","65","81","53","63","yes","8","27","97","2","Beginner","Beginner",""
"metallica-seek-and-destroy","Beginner","roots","3","4/4","4","","backing","964","E minor","E minor","0.19","no","yes","634","D3–C4","52","5","0","0","8","1","421","0.98","1.4","2.63","89","0","Beginner","0","0","0","5.4","5.4","54","634","6","6","24","24","96","82","87","90","87","88","no","26","0","0","0","Advanced","Advanced",""
"metallica-seek-and-destroy","Intermediate","bass","0","4/4","4","","backing","964","E minor","E minor","0.19","no","yes","693","D2–C#4","47","5","0","0","9","4","428","1","4.7","2.88","47","37","Beginner","0","0","0","2","2","74","693","17","11","35","29","95","87","91","93","97","90","yes","11","23","159","0","Advanced","Advanced",""
"metallica-seek-and-destroy","Advanced","melody","0","4/4","4","","backing","964","E minor","E minor","0.19","no","yes","843","E2–D4","45","6","0","0","12","26","288","0.67","4","3.5","33","37","Intermediate","0","0","0","10.4","10.4","55","843","18","11","52","17","94","87","98","99","76","87","yes","14","43","361","23","Advanced","Advanced",""
"metallica-seek-and-destroy","Expert","melody","0","4/4","4","","backing","964","E minor","E minor","0.19","no","yes","1760","E2–D4","45","6","0","0","12","28","107","0.25","4","7.3","34","37","Advanced","0","0","0","10.1","10.1","98","1760","20","12","141","79","92","89","98","99","78","90","yes","12","43","761","86","Advanced","Advanced",""
"metallica-the-memory-remains","Beginner","roots","3","4/4","4","","backing","657.7","E minor","E minor","0.25","yes","yes","414","B2–G3","52","5","0","0","8","2","423","1.04","2","2.52","79","0","Beginner","0","0","0","5","5","61","414","6","6","8","8","98","82","83","85","90","87","no","5","0","0","0","Advanced","Advanced",""
"metallica-the-memory-remains","Intermediate","bass","0","4/4","4","","backing","657.7","E minor","E minor","0.25","yes","yes","500","C#2–D4","43","5","0","0","9","3","338","0.83","4","3.04","56","37","Beginner","0","0","0","4.5","4.5","80","500","16","9","8","7","98","73","76","84","97","79","no","21","46","231","0","Advanced","Advanced",""
"metallica-the-memory-remains","Advanced","melody","0","4/4","4","","backing","657.7","E minor","E minor","0.25","yes","yes","461","E2–D4","47","6","0","0","12","43","304","0.75","3.7","2.8","24","0","Intermediate","12","4.9","88.9","11.5","10.3","55","461","16","8","8","8","98","79","82","91","94","85","no","31","31","142","6","Advanced","Advanced",""
"metallica-the-memory-remains","Expert","melody","0","4/4","4","","backing","657.7","E minor","E minor","0.25","yes","yes","717","E2–D4","45","6","0","0","12","30","51","0.13","3.7","4.36","34","0","Advanced","12","4.9","88.9","11.5","10.3","73","717","17","9","13","10","98","76","83","91","95","82","yes","28","34","246","9","Advanced","Advanced",""
"metallica-turn-the-page","Beginner","roots","1","4/4","4","","backing","440.5","A major","A major","0.05","no","yes","387","B2–A3","52","5","0","0","9","1","454","0.5","1.5","3.51","78","0","Beginner","0","0","0","2.3","2.3","71","387","5","5","12","0","97","98","99","99","98","99","yes","47","0","0","0","Beginner","Beginner",""
"metallica-turn-the-page","Intermediate","bass","0","4/4","4","","backing","440.5","A major","A major","0.05","no","yes","413","D2–A3","50","5","0","0","8","0","454","0.5","8","3.75","60","0","Beginner","0","0","0","0.5","0.5","91","413","10","7","30","0","93","85","89","92","99","86","yes","27","3","14","0","Beginner","Beginner",""
"metallica-turn-the-page","Advanced","melody","0","4/4","4","","backing","440.5","A major","A major","0.05","no","yes","410","E2–D4","52","6","0","0","12","26","454","0.5","4","3.72","42","37","Beginner","48.5","44.1","4","27.5","27.5","54","410","16","9","43","0","90","65","78","93","56","67","yes","20","8","31","7","Beginner","Beginner",""
"metallica-turn-the-page","Expert","melody","0","4/4","4","","backing","440.5","A major","A major","0.05","no","yes","652","E2–D4","52","6","0","0","12","24","227","0.25","4","5.92","36","37","Beginner","48.5","44.1","4","27.5","27.5","71","652","16","9","71","0","89","59","76","91","51","63","yes","21","10","64","10","Beginner","Beginner",""
"metallica-unforgiven-new","Beginner","roots","5","4/4","4","","backing","430.8","F♯ major","F♯ major","0","no","yes","281","E2–C#4","51","9","156","0","8","0","686","0.75","1.5","2.61","55","37","Beginner","0","0","0","8.2","8.2","55","281","9","6","17","0","94","84","85","96","94","85","no","0","3","8","0","Intermediate","Advanced","Intermediate→Advanced"
"metallica-unforgiven-new","Intermediate","bass","3","4/4","4","","backing","430.8","F♯ major","F♯ major","0","no","yes","399","C#2–F#3","47","8","61","0","8","1","388","0.43","2.4","3.7","61","37","Beginner","0","0","0","16.7","16.7","72","399","8","7","18","0","95","86","86","97","99","87","no","0","1","5","0","Intermediate","Advanced","Intermediate→Advanced"
"metallica-unforgiven-new","Advanced","melody","1","4/4","4","","backing","430.8","F♯ major","F♯ major","0","no","yes","310","C#2–C#3","46","8","34","0","10","3","258","0.28","9.9","2.88","36","37","Beginner","7.8","7.1","0","48","48","41","310","9","8","3","3","99","49","63","83","52","51","yes","1","9","27","103","Intermediate","Advanced","Intermediate→Advanced"
"metallica-unforgiven-new","Expert","melody","1","4/4","4","","backing","430.8","F♯ major","F♯ major","0","no","yes","599","C#2–C#3","46","10","36","0","12","5","74","0.08","9.9","5.56","38","37","Intermediate","7.8","7.1","0","48","48","57","599","9","8","3","3","99","38","47","76","45","39","yes","1","7","41","183","Intermediate","Advanced","Intermediate→Advanced"
"metallica-unforgiven","Beginner","roots","1","4/4","4","","backing","424","A minor","A minor","0.13","no","yes","344","G2–A3","52","5","0","0","9","16","652","0.75","1.5","3.25","56","0","Beginner","0","0","0","4","4","69","344","6","6","0","0","100","97","98","99","99","97","yes","68","0","0","0","Beginner","Beginner",""
"metallica-unforgiven","Intermediate","bass","0","4/4","4","","backing","424","A minor","A minor","0.13","no","yes","365","E2–B3","45","5","0","0","7","0","434","0.5","16","3.44","34","0","Beginner","0","0","0","1.5","1.5","94","365","10","6","0","0","100","87","92","95","99","88","yes","25","8","28","0","Beginner","Beginner",""
"metallica-unforgiven","Advanced","melody","0","4/4","4","","backing","424","A minor","A minor","0.13","no","yes","424","C2–G3","47","5","0","0","12","7","434","0.5","0.7","4","35","37","Beginner","4","3.5","8","52","52","37","424","11","8","12","0","97","60","79","88","53","61","yes","12","16","56","12","Beginner","Beginner",""
"metallica-unforgiven","Expert","melody","0","4/4","4","","backing","424","A minor","A minor","0.13","no","yes","754","C2–G3","47","5","0","0","12","9","36","0.04","0.7","7.11","27","37","Beginner","4","3.5","8","52","52","58","754","12","8","19","0","97","51","77","89","44","52","yes","8","22","156","19","Beginner","Beginner",""
"metallica-wherever-i-may-roam","Beginner","roots","4","4/4","4","","backing","856","E minor","E minor","0.2","no","yes","675","E3–C4","52","8","52","0","8","4","439","0.94","1.5","3.15","76","37","Beginner","0","0","0","5","5","65","675","6","6","181","181","73","94","94","97","98","95","no","8","0","0","0","Beginner","Intermediate","Beginner→Intermediate"
"metallica-wherever-i-may-roam","Intermediate","bass","0","4/4","4","","backing","856","E minor","E minor","0.2","no","yes","576","E2–A#3","46","5","0","0","9","4","352","0.75","34","2.69","52","37","Beginner","0","0","0","1","1","88","576","15","10","145","143","75","85","86","93","99","89","no","13","29","167","0","Beginner","Intermediate","Beginner→Intermediate"
"metallica-wherever-i-may-roam","Advanced","melody","1","4/4","4","","backing","856","E minor","E minor","0.2","no","yes","504","E2–C4","52","8","13","0","12","22","468","1","8","2.36","28","37","Beginner","46.5","21.8","0","7","7","77","504","19","11","110","106","78","75","91","95","68","75","yes","9","12","61","26","Beginner","Intermediate","Beginner→Intermediate"
"metallica-wherever-i-may-roam","Expert","melody","1","4/4","4","","backing","856","E minor","E minor","0.2","no","yes","717","E2–C4","52","8","15","0","12","16","234","0.5","8","3.35","19","37","Intermediate","46.5","21.8","0","7","7","90","717","19","11","213","193","70","76","88","95","66","77","yes","10","12","83","43","Beginner","Intermediate","Beginner→Intermediate"
"metallica-whiplash","Beginner","roots","2","4/4","4","","backing","679.1","E minor","E minor","0.13","no","yes","263","B2–A3","52","5","0","0","9","0","544","1.52","2.9","1.55","87","0","Beginner","0","0","0","5.4","5.4","63","263","5","5","0","0","100","95","95","95","90","96","no","1","0","0","0","Beginner","Beginner",""
"metallica-whiplash","Intermediate","bass","0","4/4","4","","backing","679.1","E minor","E minor","0.13","no","yes","241","D2–F#3","52","5","0","0","9","2","356","1","33.6","1.42","49","37","Beginner","0","0","0","3.7","3.7","80","241","9","7","7","0","97","74","92","92","82","75","yes","7","13","32","0","Beginner","Beginner",""
"metallica-whiplash","Advanced","melody","1","4/4","4","","backing","679.1","E minor","E minor","0.13","no","yes","237","E2–A3","52","6","71","0","12","31","250","0.7","33.6","1.4","23","37","Beginner","16","5.7","1","12.6","12.6","32","237","11","9","27","0","89","74","98","99","23","75","yes","24","20","48","3","Beginner","Beginner",""
"metallica-whiplash","Expert","melody","1","4/4","4","","backing","679.1","E minor","E minor","0.13","no","yes","319","E2–A3","52","9","105","0","12","31","94","0.26","33.6","1.88","21","37","Beginner","16","5.7","1","12.6","12.6","37","319","11","9","42","0","87","73","98","99","25","75","yes","18","15","48","3","Beginner","Beginner",""
"muse-feeling-good-2","Beginner","roots","1","12/8","6","","backing","275.5","G minor","G minor","0.23","yes","yes","138","A#2–G3","53","5","0","0","9","1","420","0.75","1.5","2","46","37","Beginner","0","0","0.5","3.1","3.1","53","138","6","6","0","0","100","91","91","100","100","91","yes","18","0","0","0","Advanced","Advanced",""
"muse-feeling-good-2","Intermediate","bass","0","12/8","6","","backing","275.5","G minor","G minor","0.23","yes","yes","182","C2–A#3","43","5","0","0","9","4","351","0.63","9","2.64","24","37","Beginner","0","0","0","2.9","2.9","76","182","15","9","8","0","96","88","90","100","100","88","yes","44","23","37","0","Advanced","Advanced",""
"muse-feeling-good-2","Advanced","melody","0","12/8","6","","backing","275.5","G minor","G minor","0.23","yes","yes","236","C2–D4","50","6","0","0","12","45","278","0.5","5.3","3.43","8","37","Intermediate","0","0","11.5","6","6","80","236","17","9","16","3","93","64","88","97","72","64","yes","40","24","54","23","Advanced","Advanced",""
"muse-feeling-good-2","Expert","melody","0","12/8","6","","backing","275.5","G minor","G minor","0.23","yes","yes","440","C2–D4","48","6","0","0","12","45","12","0.02","5.3","6.39","13","37","Advanced","0","0","9.6","6","6","83","440","22","10","27","6","94","54","70","93","69","55","yes","29","34","143","79","Advanced","Advanced",""
"muse-feeling-good","Beginner","roots","2","6/4","6","","backing","248","G minor","G minor","0.37","yes","yes","198","G2–E3","43","5","0","0","9","8","442","0.75","1.5","3.19","73","37","Beginner","0","0","0","4.5","4.5","64","198","5","5","12","0","94","88","94","96","76","89","yes","67","0","0","0","Beginner","Beginner",""
"muse-feeling-good","Intermediate","bass","0","6/4","6","","backing","248","G minor","G minor","0.37","yes","yes","98","G2–C4","51","5","0","0","9","1","588","1","4","1.58","33","37","Beginner","0","0","0","3","3","76","98","12","9","5","0","95","68","89","91","68","68","yes","30","0","0","0","Beginner","Beginner",""
"muse-feeling-good","Advanced","melody","0","6/4","6","","backing","248","G minor","G minor","0.37","yes","yes","139","G2–A#3","51","6","0","0","12","1","294","0.5","4","2.24","38","37","Beginner","66","38.8","0","8","8","30","139","13","10","7","2","95","86","97","100","100","86","yes","23","0","0","26","Beginner","Beginner",""
"muse-feeling-good","Expert","melody","0","6/4","6","","backing","248","G minor","G minor","0.37","yes","yes","139","G2–A#3","51","6","0","0","12","1","294","0.5","4","2.24","38","37","Beginner","66","38.8","0","8","8","30","139","13","10","7","2","95","86","97","100","100","86","yes","23","0","0","26","Beginner","Beginner",""
"muse-knights-of-cydonia","Beginner","roots","4","4/4","4","","backing","768","E minor","E minor","0.25","yes","yes","569","G2–E3","47","8","21","0","9","2","444","0.96","1.8","2.96","83","37","Beginner","0","0","0","10","10","66","569","6","6","40","0","93","83","83","90","81","86","no","12","0","0","0","Advanced","Expert","Advanced→Expert"
"muse-knights-of-cydonia","Intermediate","bass","1","4/4","4","","backing","768","E minor","E minor","0.25","yes","yes","641","C#2–C#4","50","8","26","0","9","2","347","0.75","8","3.34","53","37","Beginner","0","0","0","1.3","1.3","61","641","18","11","92","1","86","70","73","83","87","76","no","19","9","60","0","Advanced","Expert","Advanced→Expert"
"muse-knights-of-cydonia","Advanced","melody","1","4/4","4","","backing","768","E minor","E minor","0.25","yes","yes","561","G2–B3","52","6","95","0","12","31","307","0.67","0.5","2.92","0","0","Beginner","68","31.4","8.5","68.3","68.3","23","561","12","10","78","18","86","50","64","93","70","51","yes","6","0","0","46","Advanced","Expert","Advanced→Expert"
"muse-knights-of-cydonia","Expert","melody","0","4/4","4","","backing","768","E minor","E minor","0.25","yes","yes","1783","F#2–D4","52","6","0","0","12","1","115","0.25","0.5","9.29","2","37","Expert","68","31.4","8.5","68.3","68.3","67","1783","20","11","346","54","81","42","61","93","49","42","yes","13","2","34","328","Advanced","Expert","Advanced→Expert"
"muse-supermassive-black-hole","Beginner","roots","3","4/4","4","","backing","415.5","E minor","E minor","0.19","no","yes","277","G2–F#3","47","4","0","0","9","22","437","0.87","1.5","2.67","50","0","Beginner","0","0","0","1.5","1.5","62","277","5","5","0","0","100","94","95","97","95","95","no","26","0","0","0","Intermediate","Intermediate",""
"muse-supermassive-black-hole","Intermediate","bass","0","4/4","4","","backing","415.5","E minor","E minor","0.19","no","yes","316","E2–D4","52","5","0","0","9","4","375","0.75","3","3.04","32","0","Beginner","0","0","0","1","1","76","316","10","6","0","0","100","91","93","97","100","93","no","24","5","17","0","Intermediate","Intermediate",""
"muse-supermassive-black-hole","Advanced","melody","0","4/4","4","","backing","415.5","E minor","E minor","0.19","no","yes","483","E2–B3","45","6","0","0","12","25","250","0.5","1.5","4.65","33","37","Intermediate","0","0","6.5","30.5","30.5","59","483","13","7","35","14","93","90","92","97","100","91","yes","29","21","101","42","Intermediate","Intermediate",""
"muse-supermassive-black-hole","Expert","melody","0","4/4","4","","backing","415.5","E minor","E minor","0.19","no","yes","483","E2–B3","45","6","0","0","12","25","250","0.5","1.5","4.65","33","37","Intermediate","0","0","6.5","30.5","30.5","61","483","13","7","35","14","93","90","92","97","100","91","yes","29","21","101","42","Intermediate","Intermediate",""
"muse-time-is-running-out","Beginner","roots","2","4/4","4","","backing","462","A minor","A minor","0.06","no","yes","381","C3–A3","53","5","0","0","9","8","490","0.98","1.5","3.3","61","0","Beginner","0","0","1","2.5","2.5","67","381","6","6","0","0","100","78","80","90","99","84","no","39","0","0","0","Intermediate","Advanced","Intermediate→Advanced"
"muse-time-is-running-out","Intermediate","bass","0","4/4","4","","backing","462","A minor","A minor","0.06","no","yes","461","D2–B3","45","5","0","0","9","5","344","0.69","1.2","3.99","51","0","Beginner","0","0","0.5","1.5","1.5","52","461","12","7","0","0","100","72","74","86","100","78","no","26","27","125","0","Intermediate","Advanced","Intermediate→Advanced"
"muse-time-is-running-out","Advanced","melody","0","4/4","4","","backing","462","A minor","A minor","0.06","no","yes","867","E2–E3","45","5","0","0","12","7","250","0.5","0.5","7.51","65","0","Intermediate","0","0","0","2","2","91","867","8","7","0","0","100","75","78","88","100","82","no","28","28","239","0","Intermediate","Advanced","Intermediate→Advanced"
"muse-time-is-running-out","Expert","melody","0","4/4","4","","backing","462","A minor","A minor","0.06","no","yes","889","E2–D4","45","6","0","0","12","7","30","0.06","0.5","7.7","64","37","Advanced","0","0","0","2","2","94","889","23","12","10","4","99","74","77","87","100","81","no","28","27","241","7","Intermediate","Advanced","Intermediate→Advanced"
"my-chemical-romance-helena","Beginner","roots","3","4/4","4","","backing","420","E major","E major","0.08","no","yes","372","A2–C#4","59","4","0","0","9","4","420","0.88","1","3.54","80","0","Beginner","0","0","0","6","6","69","372","7","5","60","0","84","80","82","93","100","81","yes","13","0","0","0","Advanced","Advanced",""
"my-chemical-romance-helena","Intermediate","bass","1","4/4","4","","backing","420","E major","E major","0.08","no","yes","84","C#2–C#4","52","4","0","0","9","25","960","2","8","0.8","20","37","Beginner","0","0","0","60","60","80","84","9","6","10","0","88","77","78","91","99","80","no","0","13","11","0","Advanced","Advanced",""
"my-chemical-romance-helena","Advanced","melody","1","4/4","4","","backing","420","E major","E major","0.08","no","yes","367","D#2–B3","52","9","129","0","12","1","360","0.75","4","3.5","54","37","Intermediate","0","0","1","16","16","46","367","13","7","0","0","100","48","68","86","26","51","yes","2","11","42","71","Advanced","Advanced",""
"my-chemical-romance-helena","Expert","melody","1","4/4","4","","backing","420","E major","E major","0.08","no","yes","1034","D#2–B3","51","9","527","0","12","1","60","0.13","4","9.85","81","37","Advanced","0","0","1","15.9","15.9","95","1034","14","8","1","0","100","51","67","84","29","56","yes","1","16","163","127","Advanced","Advanced",""
"my-chemical-romance-i-m-not-okay-i-promise-2","Beginner","roots","0","4/4","4","","backing","276","D major","D major","0.06","no","yes","270","D3–B3","54","5","0","0","9","2","583","0.87","1","3.91","80","0","Beginner","0","0","0","4","4","76","270","6","6","0","0","100","76","82","85","82","82","yes","47","0","0","0","Advanced","Advanced",""
"my-chemical-romance-i-m-not-okay-i-promise-2","Intermediate","bass","0","4/4","4","","backing","276","D major","D major","0.06","no","yes","76","E2–D4","50","5","0","0","9","3","334","0.5","8","1.1","25","0","Beginner","0","0","0","0.5","0.5","99","76","11","7","0","0","100","80","84","93","75","80","yes","22","8","6","0","Advanced","Advanced",""
"my-chemical-romance-i-m-not-okay-i-promise-2","Advanced","melody","0","4/4","4","","backing","276","D major","D major","0.06","no","yes","308","D2–D4","54","6","0","0","12","20","250","0.38","3","4.46","53","0","Beginner","0","0","1","48.3","48.3","32","308","12","8","1","1","100","46","48","82","24","51","no","32","16","48","17","Advanced","Advanced",""
"my-chemical-romance-i-m-not-okay-i-promise-2","Expert","melody","0","4/4","4","","backing","276","D major","D major","0.06","no","yes","619","D2–D4","54","6","0","0","12","26","83","0.12","3","8.97","56","0","Advanced","0","0","1","48","48","60","619","13","8","3","3","100","47","50","84","25","52","no","32","16","96","31","Advanced","Advanced",""
"my-chemical-romance-i-m-not-okay-i-promise","Beginner","roots","1","4/4","4","","backing","276","D major","D major","0.04","no","yes","274","B2–A3","52","5","0","0","8","1","638","1","1","3.97","86","0","Beginner","0","0","0","2","2","75","274","5","5","0","0","100","73","76","88","100","77","no","53","0","0","0","Advanced","Advanced",""
"my-chemical-romance-i-m-not-okay-i-promise","Intermediate","bass","0","4/4","4","","backing","276","D major","D major","0.04","no","yes","54","E2–D4","47","5","0","0","9","2","638","1","16","0.78","28","0","Beginner","0","0","0","0.5","0.5","99","54","10","6","0","0","100","74","74","79","98","81","no","35","6","3","0","Advanced","Advanced",""
"my-chemical-romance-i-m-not-okay-i-promise","Advanced","melody","0","4/4","4","","backing","276","D major","D major","0.04","no","yes","379","D2–D4","54","6","0","0","12","14","319","0.5","4","5.49","63","0","Intermediate","0","0","0","8.2","8.2","43","379","14","8","3","3","99","45","54","80","25","53","yes","32","12","45","14","Advanced","Advanced",""
"my-chemical-romance-i-m-not-okay-i-promise","Expert","melody","0","4/4","4","","backing","276","D major","D major","0.04","no","yes","594","D2–D4","54","6","0","0","12","25","106","0.17","4","8.61","54","0","Advanced","0","0","0","8.2","8.2","63","594","14","8","6","6","99","42","50","76","24","51","no","31","14","86","39","Advanced","Advanced",""
"my-chemical-romance-welcome-to-the-black-parade","Beginner","roots","2","4/4","4","","backing","974.9","D major","D major","0.04","no","yes","394","C3–A3","52","5","0","0","9","2","465","1.55","3","1.62","63","0","Beginner","0","0","0","8.1","8.1","63","394","6","6","57","0","86","63","72","86","98","75","no","33","0","0","0","Beginner","Beginner",""
"my-chemical-romance-welcome-to-the-black-parade","Intermediate","bass","0","4/4","4","","backing","974.9","D major","D major","0.04","no","yes","214","E2–C#4","50","5","0","0","9","4","337","1.12","26.6","0.88","21","37","Beginner","0","0","0","4.5","4.5","87","214","13","11","48","6","78","63","67","87","96","72","no","21","2","4","0","Beginner","Beginner",""
"my-chemical-romance-welcome-to-the-black-parade","Advanced","melody","0","4/4","4","","backing","974.9","D major","D major","0.04","no","yes","66","C2–D3","43","6","0","0","8","2","333","1.11","11","0.27","20","37","Beginner","201.3","60.4","189.4","399","399","17","66","10","9","3","2","95","33","45","70","20","39","yes","32","32","20","10","Beginner","Beginner",""
"my-chemical-romance-welcome-to-the-black-parade","Expert","melody","1","4/4","4","","backing","974.9","D major","D major","0.04","no","yes","89","C2–D3","43","6","29","0","11","2","111","0.37","11","0.37","17","37","Beginner","201.3","60.4","189.4","398.6","398.6","19","89","11","9","7","4","92","30","43","69","21","36","yes","28","37","31","11","Beginner","Beginner",""
"nightwish-nemo-octet","Beginner","roots","3","4/4","4","","backing","569","C minor","C minor","0.07","no","yes","424","A#2–F#3","48","10","166","0","7","0","436","0.91","1.5","2.98","86","37","Beginner","0","0","0","8.6","8.6","58","424","5","5","18","18","96","92","94","95","98","92","yes","0","0","0","0","Beginner","Beginner",""
"nightwish-nemo-octet","Intermediate","bass","2","4/4","4","","backing","569","C minor","C minor","0.07","no","yes","393","C2–C#4","47","10","28","0","9","3","475","0.99","13.7","2.76","77","37","Beginner","0","0","1.5","16.5","16.5","49","393","18","10","76","75","81","90","92","95","100","92","no","13","35","94","0","Beginner","Beginner",""
"nightwish-nemo-octet","Advanced","melody","1","4/4","4","","backing","569","C minor","C minor","0.07","no","yes","204","C2–A#3","46","8","89","0","12","7","357","0.74","7.6","1.43","14","37","Beginner","15","7.2","0.1","65.2","65.2","62","204","16","9","38","38","81","29","46","69","25","35","yes","10","34","64","21","Beginner","Beginner",""
"nightwish-nemo-octet","Expert","melody","1","4/4","4","","backing","569","C minor","C minor","0.07","no","yes","253","C2–A#3","48","11","117","0","12","8","119","0.25","7.6","1.78","7","37","Beginner","15","7.2","0.1","65.2","65.2","68","253","16","9","50","50","80","34","48","70","29","38","yes","10","28","66","32","Beginner","Beginner",""
"nightwish-nemo","Beginner","roots","2","4/4","4","","backing","543","F major","F major","0.17","no","yes","451","G2–F3","50","10","118","0","7","0","480","1","1","3.32","84","37","Beginner","0","0","0","6","6","64","451","6","6","48","0","89","88","91","93","92","89","yes","41","0","0","0","Beginner","Beginner",""
"nightwish-nemo","Intermediate","bass","0","4/4","4","","backing","543","F major","F major","0.17","no","yes","124","C#2–G3","48","5","0","0","9","3","400","0.83","28","0.91","24","37","Beginner","0","0","0","0.7","0.7","99","124","12","10","20","0","84","79","84","89","80","81","yes","31","27","33","0","Beginner","Beginner",""
"nightwish-nemo","Advanced","melody","0","4/4","4","","backing","543","F major","F major","0.17","no","yes","241","C2–G#3","43","6","0","0","12","8","320","0.67","5","1.78","20","37","Beginner","31","14.9","60","95","95","50","241","14","9","30","0","88","46","60","83","37","51","yes","27","44","90","24","Beginner","Beginner",""
"nightwish-nemo","Expert","melody","0","4/4","4","","backing","543","F major","F major","0.17","no","yes","306","C2–G#3","44","6","0","0","12","7","240","0.5","5","2.25","13","37","Beginner","31","14.9","60","95","95","57","306","16","10","41","0","87","39","50","74","32","43","yes","23","42","112","35","Beginner","Beginner",""
"nightwish-the-phantom-of-the-opera","Beginner","roots","3","4/4","4","","backing","272","C minor","C minor","0.1","no","yes","194","G#2–F3","50","8","26","0","9","1","795","0.87","1.5","2.85","78","37","Beginner","0","0","0","4.7","4.7","60","194","6","6","0","0","100","87","87","92","79","94","no","26","0","0","0","Intermediate","Intermediate",""
"nightwish-the-phantom-of-the-opera","Intermediate","bass","0","4/4","4","","backing","272","C minor","C minor","0.1","no","yes","215","C2–D3","45","5","0","0","8","4","454","0.5","4","3.16","40","37","Beginner","0","0","0","13.8","13.8","81","215","12","10","44","16","80","75","83","86","83","83","no","20","28","58","0","Intermediate","Intermediate",""
"nightwish-the-phantom-of-the-opera","Advanced","melody","1","4/4","4","","backing","272","C minor","C minor","0.1","no","yes","233","C#2–F3","45","9","117","0","9","2","454","0.5","4","3.43","26","37","Beginner","14","12.7","4","16","16","48","233","15","11","97","22","58","42","91","94","33","50","yes","11","13","31","32","Intermediate","Intermediate",""
"nightwish-the-phantom-of-the-opera","Expert","melody","1","4/4","4","","backing","272","C minor","C minor","0.1","no","yes","457","C#2–F3","45","8","66","0","9","1","227","0.25","4","6.72","41","37","Intermediate","14","12.7","4","16","16","62","457","16","12","232","44","49","32","94","95","30","62","yes","14","17","76","86","Intermediate","Intermediate",""
"nightwish-wish-i-had-an-angel-2","Beginner","roots","2","2/4","2","yes","backing","641.5","E minor","E minor","0.2","yes","yes","247","A#2–A3","52","5","0","0","7","0","563","1.5","2","1.54","76","0","Beginner","0","0","0","4.5","4.5","61","247","6","6","10","10","96","80","83","91","90","83","no","29","0","0","0","Beginner","Beginner",""
"nightwish-wish-i-had-an-angel-2","Intermediate","bass","0","2/4","2","yes","backing","641.5","E minor","E minor","0.2","yes","yes","205","D2–A3","48","5","0","0","9","3","374","1","29","1.28","45","37","Beginner","0","0","0","0.5","0.5","96","205","15","10","19","18","91","71","78","85","89","76","yes","20","36","74","0","Beginner","Beginner",""
"nightwish-wish-i-had-an-angel-2","Advanced","melody","0","2/4","2","yes","backing","641.5","E minor","E minor","0.2","yes","yes","166","D2–C3","43","6","0","0","9","2","281","0.75","4","1.04","18","0","Beginner","0","0","63.5","76","76","49","166","9","9","4","4","98","34","43","71","22","37","yes","26","33","55","24","Beginner","Beginner",""
"nightwish-wish-i-had-an-angel-2","Expert","melody","0","2/4","2","yes","backing","641.5","E minor","E minor","0.2","yes","yes","177","D2–C3","43","6","0","0","9","2","187","0.5","4","1.1","20","0","Beginner","0","0","63.5","76","76","50","177","9","9","4","4","98","34","45","72","23","37","yes","24","31","55","24","Beginner","Beginner",""
"nightwish-wish-i-had-an-angel","Beginner","roots","1","4/4","4","","backing","329","E minor","E minor","0.34","yes","yes","265","C3–A3","52","5","0","0","9","2","600","0.75","1.2","3.22","79","0","Beginner","0","0","0","4","4","63","265","6","6","0","0","100","77","87","92","92","80","yes","22","0","0","0","Beginner","Beginner",""
"nightwish-wish-i-had-an-angel","Intermediate","bass","0","4/4","4","","backing","329","E minor","E minor","0.34","yes","yes","211","E2–A3","50","5","0","0","9","3","400","0.5","18","2.57","36","0","Beginner","0","0","0","0.5","0.5","97","211","12","9","15","15","93","59","68","80","93","67","yes","26","13","28","0","Beginner","Beginner",""
"nightwish-wish-i-had-an-angel","Advanced","melody","0","4/4","4","","backing","329","E minor","E minor","0.34","yes","yes","125","D2–B3","55","6","0","0","10","2","400","0.5","16","1.52","12","37","Beginner","1","0.8","20","16","16","81","125","15","10","12","11","90","30","50","92","21","36","yes","24","2","3","3","Beginner","Beginner",""
"nightwish-wish-i-had-an-angel","Expert","melody","0","4/4","4","","backing","329","E minor","E minor","0.34","yes","yes","125","D2–B3","55","6","0","0","10","2","400","0.5","16","1.52","12","37","Beginner","1","0.8","20","16","16","81","125","15","10","12","11","90","30","50","92","21","36","yes","24","2","3","3","Beginner","Beginner",""
"nine-inch-nails-the-perfect-drug","Beginner","roots","3","4/4","4","","backing","774.6","F minor","F minor","0.1","no","yes","476","G#2–G3","53","10","256","0","9","4","421","1.05","2.1","2.46","76","37","Beginner","2","0.8","0","5","5","58","476","6","6","0","0","100","73","75","82","73","77","no","0","0","0","0","Beginner","Beginner",""
"nine-inch-nails-the-perfect-drug","Intermediate","bass","1","4/4","4","","backing","774.6","F minor","F minor","0.1","no","yes","469","C2–G3","41","8","35","0","9","4","340","0.85","4","2.42","49","37","Beginner","0","0","0","1.3","1.3","78","469","15","10","64","17","86","78","79","91","87","81","no","2","66","308","0","Beginner","Beginner",""
"nine-inch-nails-the-perfect-drug","Advanced","melody","0","4/4","4","","backing","774.6","F minor","F minor","0.1","no","yes","218","D#2–F3","44","5","0","0","10","8","364","0.91","7.2","1.13","22","37","Beginner","0","0","31.4","319.3","319.3","23","218","11","9","43","17","80","84","92","94","81","84","yes","5","44","95","23","Beginner","Beginner",""
"nine-inch-nails-the-perfect-drug","Expert","melody","0","4/4","4","","backing","774.6","F minor","F minor","0.1","no","yes","430","C2–F3","44","5","0","0","10","6","167","0.42","7.2","2.22","55","37","Beginner","0","0","31.4","319.3","319.3","30","430","12","9","129","51","70","85","93","95","82","86","yes","6","45","179","28","Beginner","Beginner",""
"nintendo-mii-channel","Beginner","roots","1","4/4","4","","backing","199.5","B minor","B minor","0.06","no","yes","103","D3–C#4","54","4","0","0","9","4","447","0.89","1.7","2.07","42","0","Beginner","0","0","0","6.1","6","53","103","6","6","0","0","100","77","77","91","93","81","no","29","0","0","0","Intermediate","Intermediate",""
"nintendo-mii-channel","Intermediate","bass","0","4/4","4","","backing","199.5","B minor","B minor","0.06","no","yes","126","C#2–C#4","50","4","0","0","9","12","342","0.68","2.5","2.53","29","37","Beginner","0","0","0","10.5","6","64","126","14","10","14","0","89","80","81","94","100","80","yes","16","13","16","0","Intermediate","Intermediate",""
"nintendo-mii-channel","Advanced","melody","0","4/4","4","","backing","199.5","B minor","B minor","0.06","no","yes","142","C2–A3","44","6","0","0","12","9","250","0.5","4","2.85","19","37","Intermediate","0","0","0","3.7","1.3","45","142","15","11","28","10","80","44","57","89","15","46","yes","15","44","52","56","Intermediate","Intermediate",""
"nintendo-mii-channel","Expert","melody","0","4/4","4","","backing","199.5","B minor","B minor","0.06","no","yes","206","C2–A3","44","6","0","0","12","11","246","0.49","4","4.13","21","37","Intermediate","0","0","0","3.7","1.1","57","206","18","12","42","18","80","45","58","90","15","47","yes","14","46","78","78","Intermediate","Intermediate",""
"nirvana-about-a-girl","Beginner","roots","3","4/4","4","","backing","354.9","G major","G major","0.21","yes","yes","110","G2–E3","48","5","0","0","7","0","434","1","1.9","1.24","68","0","Beginner","0.5","0.2","0","4.7","4.7","40","110","5","5","0","0","100","34","44","52","93","53","no","20","0","0","0","Intermediate","Advanced","Intermediate→Advanced"
"nirvana-about-a-girl","Intermediate","bass","0","4/4","4","","backing","354.9","G major","G major","0.21","yes","yes","319","C2–D4","47","5","0","0","9","4","417","0.96","5.5","3.6","16","0","Beginner","0","0","0","2","2","52","319","13","8","16","0","95","42","55","66","66","54","yes","29","31","64","0","Intermediate","Advanced","Intermediate→Advanced"
"nirvana-about-a-girl","Advanced","melody","1","4/4","4","","backing","354.9","G major","G major","0.21","yes","yes","274","C2–A3","52","9","23","0","12","19","326","0.75","7","3.09","28","37","Beginner","0","0","5","1.5","1.5","63","274","18","12","26","6","91","35","39","49","9","63","no","12","11","26","12","Intermediate","Advanced","Intermediate→Advanced"
"nirvana-about-a-girl","Expert","melody","1","4/4","4","","backing","354.9","G major","G major","0.21","yes","yes","514","C2–A3","52","9","62","0","12","14","13","0.03","7","5.79","41","37","Advanced","0","0","5","0.5","0.5","93","514","19","12","43","8","92","36","41","54","9","55","no","10","17","77","26","Intermediate","Advanced","Intermediate→Advanced"
"nirvana-all-apologies","Beginner","roots","4","4/4","4","","backing","335.5","D♭ major","D♭ major","0.27","yes","yes","274","F#3–C#4","61","4","0","0","7","0","432","0.92","1","3.27","96","0","Beginner","0","0","0","30.3","30.3","60","274","3","3","32","0","88","86","86","100","100","86","no","0","0","0","0","Intermediate","Advanced","Intermediate→Advanced"
"nirvana-all-apologies","Intermediate","bass","2","4/4","4","","backing","335.5","D♭ major","D♭ major","0.27","yes","yes","14","C#2–F#3","47","4","0","0","7","0","1872","3.99","47.9","0.17","15","37","Beginner","0","0","127.8","47.9","47.9","37","14","4","4","7","0","50","71","71","100","100","71","no","0","7","1","0","Intermediate","Advanced","Intermediate→Advanced"
"nirvana-all-apologies","Advanced","melody","1","4/4","4","","backing","335.5","D♭ major","D♭ major","0.27","yes","yes","221","F2–C#4","53","8","93","0","12","7","468","1","1.5","2.64","19","37","Intermediate","0.5","0.2","0","48.4","48.4","42","221","10","6","0","0","100","45","58","99","11","45","yes","0","26","57","62","Intermediate","Advanced","Intermediate→Advanced"
"nirvana-all-apologies","Expert","melody","1","4/4","4","","backing","335.5","D♭ major","D♭ major","0.27","yes","yes","445","F2–C#4","53","8","168","0","12","7","234","0.5","1.5","5.31","22","37","Advanced","0.5","0.2","0","48.4","48.4","76","445","13","7","25","0","94","46","60","94","10","46","yes","0","22","96","72","Intermediate","Advanced","Intermediate→Advanced"
"nirvana-come-as-you-are-2","Beginner","roots","7","4/4","4","","backing","480.7","F minor","F minor","0.19","no","yes","293","G#2–C#4","53","10","293","0","9","10","421","0.9","1.5","2.44","53","37","Intermediate","0","0","0","31.9","31.9","58","293","5","5","0","0","100","56","60","77","84","75","no","0","0","0","0","Intermediate","Intermediate",""
"nirvana-come-as-you-are-2","Intermediate","bass","0","4/4","4","","backing","480.7","F minor","F minor","0.19","no","yes","248","C#2–A#2","41","5","0","0","9","9","375","0.8","16","2.06","25","37","Beginner","0","0","0","2.5","2.5","85","248","6","6","2","0","99","59","64","86","85","72","no","0","79","196","0","Intermediate","Intermediate",""
"nirvana-come-as-you-are-2","Advanced","melody","1","4/4","4","","backing","480.7","F minor","F minor","0.19","no","yes","337","D#2–F3","44","8","15","0","12","1","468","1","16","2.8","37","37","Beginner","0","0","0","2","2","70","337","8","6","9","0","97","40","71","90","47","40","yes","0","43","145","63","Intermediate","Intermediate",""
"nirvana-come-as-you-are-2","Expert","melody","1","4/4","4","","backing","480.7","F minor","F minor","0.19","no","yes","625","D#2–F3","41","8","15","0","12","0","234","0.5","16","5.2","37","37","Intermediate","0","0","0","0","0","100","625","9","7","72","30","88","43","70","87","56","43","yes","0","50","314","74","Intermediate","Intermediate",""
"nirvana-come-as-you-are","Beginner","roots","4","3/4","3","yes","backing","473.6","A minor","A minor","0.01","no","yes","206","B2–A3","50","10","10","0","7","0","468","1","1.5","1.74","66","37","Beginner","1.5","0.7","0","3.3","3.3","44","206","5","5","17","17","92","37","38","56","84","41","no","35","0","0","0","Beginner","Intermediate","Beginner→Intermediate"
"nirvana-come-as-you-are","Intermediate","bass","0","3/4","3","yes","backing","473.6","A minor","A minor","0.01","no","yes","385","C2–F3","47","5","0","0","9","11","351","0.75","4.2","3.25","51","37","Beginner","0","0","0","1","1","61","385","11","9","47","45","88","35","36","47","98","39","no","0","40","154","0","Beginner","Intermediate","Beginner→Intermediate"
"nirvana-come-as-you-are","Advanced","melody","1","3/4","3","yes","backing","473.6","A minor","A minor","0.01","no","yes","145","F2–G3","48","8","29","0","7","0","469","1","3.5","1.22","16","37","Beginner","33.5","15.7","14.3","84.5","84.5","49","145","8","7","44","28","70","58","61","94","0","58","yes","0","14","20","30","Beginner","Intermediate","Beginner→Intermediate"
"nirvana-come-as-you-are","Expert","melody","1","3/4","3","yes","backing","473.6","A minor","A minor","0.01","no","yes","242","F2–G3","48","8","6","0","7","0","117","0.25","3.5","2.04","8","37","Intermediate","33.5","15.7","14.3","84","84","59","242","9","7","115","87","52","51","56","83","1","51","yes","4","8","20","69","Beginner","Intermediate","Beginner→Intermediate"
"nirvana-dumb","Beginner","roots","3","4/4","4","","backing","288.4","E minor","E minor","0.04","no","yes","273","G2–E3","48","5","0","0","9","7","495","1","1.2","3.79","60","0","Beginner","0","0","0","8","1","78","273","5","5","0","0","100","80","80","85","98","92","no","24","0","0","0","Beginner","Beginner",""
"nirvana-dumb","Intermediate","bass","0","4/4","4","","backing","288.4","E minor","E minor","0.04","no","yes","129","C2–A3","43","5","0","0","9","2","495","1","4","1.79","13","0","Beginner","0","0","0","8","0.5","94","129","9","5","0","0","100","79","80","81","98","95","no","38","36","31","0","Beginner","Beginner",""
"nirvana-dumb","Advanced","melody","0","4/4","4","","backing","288.4","E minor","E minor","0.04","no","yes","98","G2–C4","50","5","0","0","12","1","495","1","6","1.36","26","0","Beginner","32","15.9","13.4","31","31","53","98","11","7","0","0","100","36","50","76","30","43","yes","18","0","0","0","Beginner","Beginner",""
"nirvana-dumb","Expert","melody","0","4/4","4","","backing","288.4","E minor","E minor","0.04","no","yes","134","G2–C4","52","5","0","0","12","1","247","0.5","6","1.86","26","0","Beginner","32","15.9","13.4","31","31","59","134","11","7","0","0","100","39","50","73","33","46","yes","15","0","0","0","Beginner","Beginner",""
"nirvana-endless-nameless","Beginner","roots","5","4/4","4","","backing","176.8","A minor","A minor","0.28","yes","yes","146","D#3–C4","53","8","69","0","8","1","492","0.98","1.5","3.3","88","37","Beginner","0","0","0","4","4","66","146","6","6","75","75","49","25","29","35","94","49","no","11","0","0","0","Beginner","Beginner",""
"nirvana-endless-nameless","Intermediate","bass","1","4/4","4","","backing","176.8","A minor","A minor","0.28","yes","yes","142","A2–C#4","51","8","68","0","8","1","495","0.99","13.4","3.21","71","37","Beginner","0","0","0","2","1","64","142","9","8","88","87","38","22","34","38","100","39","no","4","0","0","0","Beginner","Beginner",""
"nirvana-endless-nameless","Advanced","melody","0","4/4","4","","backing","176.8","A minor","A minor","0.28","yes","yes","126","E2–A3","40","5","0","0","12","11","250","0.5","28","2.85","81","0","Beginner","0","0","33.9","0.6","0.6","77","126","9","6","0","0","100","2","71","89","1","71","no","6","83","104","0","Beginner","Beginner",""
"nirvana-endless-nameless","Expert","melody","0","4/4","4","","backing","176.8","A minor","A minor","0.28","yes","yes","134","C2–A3","40","5","0","0","12","11","31","0.06","28","3.03","77","0","Beginner","0","0","33.9","0.3","0.3","78","134","11","7","0","0","100","5","71","88","1","69","yes","7","81","107","0","Beginner","Beginner",""
"nirvana-heart-shaped-box-2","Beginner","roots","0","4/4","4","","backing","316","A minor","A minor","0.21","yes","yes","275","C3–A3","53","5","0","0","9","2","474","0.75","1.5","3.48","57","0","Beginner","0","0","0","1","1","75","275","5","5","0","0","100","84","90","97","100","87","yes","67","0","0","0","Beginner","Beginner",""
"nirvana-heart-shaped-box-2","Intermediate","bass","0","4/4","4","","backing","316","A minor","A minor","0.21","yes","yes","138","F2–A3","48","5","0","0","9","22","631","1","10","1.75","0","0","Beginner","0","0","0","0.5","0.5","97","138","7","5","0","0","100","76","88","100","100","76","yes","29","19","26","0","Beginner","Beginner",""
"nirvana-heart-shaped-box-2","Advanced","melody","0","4/4","4","","backing","316","A minor","A minor","0.21","yes","yes","333","C2–D4","48","6","0","0","12","16","315","0.5","5","4.22","20","0","Beginner","0","0","0","1","1","89","333","18","8","43","0","87","52","65","88","34","54","yes","20","14","38","9","Beginner","Beginner",""
"nirvana-heart-shaped-box-2","Expert","melody","0","4/4","4","","backing","316","A minor","A minor","0.21","yes","yes","343","C2–D4","48","6","0","0","12","15","157","0.25","5","4.34","18","0","Beginner","0","0","0","1","1","91","343","18","8","43","0","87","53","66","88","35","55","yes","21","14","38","9","Beginner","Beginner",""
"nirvana-heart-shaped-box","Beginner","roots","3","1/4","1","yes","backing","459","A minor","A minor","0.13","no","yes","376","C3–A3","53","5","0","0","9","4","450","0.75","1.3","3.28","53","0","Beginner","0","0","0","2","2","68","376","5","5","4","0","99","87","87","91","85","88","no","61","0","0","0","Intermediate","Intermediate",""
"nirvana-heart-shaped-box","Intermediate","bass","0","1/4","1","yes","backing","459","A minor","A minor","0.13","no","yes","426","D2–G3","45","5","0","0","9","1","400","0.67","3","3.71","46","0","Beginner","0","0","0","1.5","1.5","63","426","9","7","7","0","98","86","86","91","92","89","no","19","38","160","0","Intermediate","Intermediate",""
"nirvana-heart-shaped-box","Advanced","melody","0","1/4","1","yes","backing","459","A minor","A minor","0.13","no","yes","699","D2–C4","50","6","0","0","12","23","300","0.5","11.4","6.09","22","0","Intermediate","0","0","0.3","16.1","16.1","58","699","13","8","136","0","81","57","72","96","51","58","yes","16","15","106","34","Intermediate","Intermediate",""
"nirvana-heart-shaped-box","Expert","melody","0","1/4","1","yes","backing","459","A minor","A minor","0.13","no","yes","714","D2–C4","50","6","0","0","12","22","150","0.25","11.4","6.22","22","0","Intermediate","0","0","0.3","16.1","16.1","59","714","13","8","136","0","81","58","72","96","51","58","yes","17","15","106","34","Intermediate","Intermediate",""
"nirvana-in-bloom","Beginner","roots","4","4/4","4","","backing","672.7","B♭ major","B♭ major","0.02","no","yes","208","C#2–A#2","43","8","12","0","9","9","428","1.1","2.5","1.24","46","37","Beginner","0","0","0","11.6","11.6","49","208","6","6","46","0","78","58","76","91","41","63","yes","13","38","80","0","Intermediate","Intermediate",""
"nirvana-in-bloom","Intermediate","bass","0","4/4","4","","backing","672.7","B♭ major","B♭ major","0.02","no","yes","273","C#2–C#4","53","5","0","0","9","9","390","1","21","1.62","10","37","Beginner","0","0","0","1","1","94","273","21","12","56","13","79","56","73","90","30","61","yes","13","5","13","0","Intermediate","Intermediate",""
"nirvana-in-bloom","Advanced","melody","1","4/4","4","","backing","672.7","B♭ major","B♭ major","0.02","no","yes","317","D#2–A#3","44","8","41","0","12","4","390","1","2","1.89","57","37","Beginner","96.1","37.4","31","47","47","41","317","12","8","90","16","72","65","79","91","76","69","yes","19","24","76","43","Intermediate","Intermediate",""
"nirvana-in-bloom","Expert","melody","1","4/4","4","","backing","672.7","B♭ major","B♭ major","0.02","no","yes","624","D#2–A#3","44","8","107","0","12","2","195","0.5","2","3.71","69","37","Intermediate","96.1","37.4","31","47","47","65","624","12","8","212","32","66","61","76","89","72","66","yes","15","27","166","99","Intermediate","Intermediate",""
"nirvana-lithium","Beginner","roots","3","1/4","1","yes","backing","286.6","A major","A major","0.04","no","yes","203","B2–C#4","50","5","0","0","9","17","423","0.92","1.7","2.83","48","0","Beginner","0","0","0","2.5","2.5","70","203","6","6","33","0","84","95","95","97","95","95","no","39","0","0","0","Advanced","Advanced",""
"nirvana-lithium","Intermediate","bass","0","1/4","1","yes","backing","286.6","A major","A major","0.04","no","yes","184","C#2–E3","47","5","0","0","9","15","375","0.81","4","2.57","30","37","Beginner","0","0","0","1.4","1.4","79","184","10","8","37","0","80","93","93","96","96","93","no","16","21","38","0","Advanced","Advanced",""
"nirvana-lithium","Advanced","melody","0","1/4","1","yes","backing","286.6","A major","A major","0.04","no","yes","228","E2–D4","49","6","0","0","12","53","250","0.54","1.1","3.18","18","37","Advanced","0","0","82.9","39","39","56","228","14","7","41","0","82","95","96","98","79","95","yes","19","9","20","50","Advanced","Advanced",""
"nirvana-lithium","Expert","melody","0","1/4","1","yes","backing","286.6","A major","A major","0.04","no","yes","230","E2–D4","49","6","0","0","12","52","125","0.27","1.1","3.21","19","37","Advanced","0","0","82.9","39","39","57","230","14","7","43","0","81","95","96","98","80","95","yes","19","9","20","50","Advanced","Advanced",""
"nirvana-lounge-act","Beginner","roots","2","4/4","4","","backing","299","G major","G major","0.09","no","yes","297","C2–E3","52","2","0","0","9","0","500","1","1.2","3.97","99","0","Beginner","0","0","0","0.8","0.8","72","297","3","3","0","0","100","29","51","66","100","29","yes","19","0","0","0","Advanced","Advanced",""
"nirvana-lounge-act","Intermediate","bass","0","4/4","4","","backing","299","G major","G major","0.09","no","yes","10","E2–C3","40","5","0","0","5","0","521","1.04","99.3","0.13","78","0","Beginner","0","0","0","0","0","100","10","3","3","0","0","100","70","80","100","100","70","yes","30","60","6","0","Advanced","Advanced",""
"nirvana-lounge-act","Advanced","melody","1","4/4","4","","backing","299","G major","G major","0.09","no","yes","294","E2–A#3","52","8","72","0","12","6","250","0.5","12.4","3.93","45","37","Intermediate","12.3","6.2","1.3","2.2","2.2","42","294","16","11","70","40","76","22","89","91","28","70","yes","24","0","1","29","Advanced","Advanced",""
"nirvana-lounge-act","Expert","melody","1","4/4","4","","backing","299","G major","G major","0.09","no","yes","712","E2–A#3","50","8","294","0","12","3","10","0.02","12.4","9.52","19","37","Advanced","12.3","6.2","1.3","2.1","2.1","58","712","17","11","189","132","73","41","82","88","22","45","yes","24","3","19","28","Advanced","Advanced",""
"nirvana-pennyroyal-tea","Beginner","roots","1","4/4","4","","backing","360.4","D minor","D minor","0.21","yes","yes","278","G2–E3","46","5","0","0","9","1","444","0.85","1.5","3.09","75","0","Beginner","0","0","0","2.6","2.6","66","278","6","6","0","0","100","95","95","99","97","96","no","33","0","0","0","Intermediate","Intermediate",""
"nirvana-pennyroyal-tea","Intermediate","bass","0","4/4","4","","backing","360.4","D minor","D minor","0.21","yes","yes","287","C#2–C4","46","5","0","0","9","3","334","0.64","5.7","3.19","59","37","Beginner","0","0","0","2.5","2.5","64","287","11","8","4","0","99","91","97","98","98","92","yes","34","0","1","0","Intermediate","Intermediate",""
"nirvana-pennyroyal-tea","Advanced","melody","0","4/4","4","","backing","360.4","D minor","D minor","0.21","yes","yes","531","D2–G3","49","6","0","0","12","10","260","0.5","5.7","5.89","55","0","Intermediate","0","0","0","0.6","0.6","97","531","13","10","134","0","75","30","40","98","28","30","yes","30","14","75","9","Intermediate","Intermediate",""
"nirvana-pennyroyal-tea","Expert","melody","0","4/4","4","","backing","360.4","D minor","D minor","0.21","yes","yes","531","D2–G3","49","6","0","0","12","10","260","0.5","5.7","5.89","55","0","Intermediate","0","0","0","0.6","0.6","98","531","13","10","134","0","75","30","40","98","28","30","yes","30","14","75","9","Intermediate","Intermediate",""
"nirvana-polly","Beginner","roots","2","1/4","1","yes","backing","351.8","G major","G major","0.03","no","yes","206","G2–A3","48","5","0","0","9","10","472","0.94","1.5","2.34","25","0","Beginner","0","0","0.3","1.5","1.5","63","206","6","6","24","0","88","92","100","100","97","92","yes","33","0","0","0","Intermediate","Intermediate",""
"nirvana-polly","Intermediate","bass","0","1/4","1","yes","backing","351.8","G major","G major","0.03","no","yes","289","E2–A3","48","5","0","0","9","8","417","0.83","1.5","3.29","31","0","Beginner","0","0","0","1.2","1.2","65","289","8","7","26","0","91","89","100","100","100","89","yes","33","7","20","0","Intermediate","Intermediate",""
"nirvana-polly","Advanced","melody","0","1/4","1","yes","backing","351.8","G major","G major","0.03","no","yes","493","C2–E3","46","5","0","0","12","8","250","0.5","1","5.6","22","0","Intermediate","0","0","0","0.8","0.8","56","493","10","7","72","0","85","74","94","98","67","74","yes","24","18","81","0","Intermediate","Intermediate",""
"nirvana-polly","Expert","melody","0","1/4","1","yes","backing","351.8","G major","G major","0.03","no","yes","493","C2–E3","46","5","0","0","12","8","250","0.5","1","5.6","22","0","Intermediate","0","0","0","0.8","0.8","56","493","10","7","72","0","85","74","94","98","67","74","yes","24","18","81","0","Intermediate","Intermediate",""
"nirvana-rape-me","Beginner","roots","1","4/4","4","","backing","385.8","E minor","E minor","0.05","no","yes","207","E3–C#4","55","5","0","0","8","4","427","1.07","2.1","2.15","59","0","Beginner","0","0","0","5.8","5.8","56","207","6","6","9","3","96","79","80","83","84","80","yes","39","0","0","0","Beginner","Beginner",""
"nirvana-rape-me","Intermediate","bass","0","4/4","4","","backing","385.8","E minor","E minor","0.05","no","yes","185","C2–C#4","45","5","0","0","9","11","354","0.89","9.8","1.92","33","37","Beginner","0","0","0","4","2.6","66","185","15","9","14","5","92","83","83","85","93","83","no","19","19","35","0","Beginner","Beginner",""
"nirvana-rape-me","Advanced","melody","1","4/4","4","","backing","385.8","E minor","E minor","0.05","no","yes","193","E2–C4","45","9","25","0","12","2","256","0.64","4.7","2","28","37","Beginner","25.6","10.3","9.5","23.3","23.3","36","193","11","8","29","0","85","35","45","69","40","41","yes","21","1","2","11","Beginner","Beginner",""
"nirvana-rape-me","Expert","melody","1","4/4","4","","backing","385.8","E minor","E minor","0.05","no","yes","224","E2–C4","47","9","25","0","9","1","128","0.32","4.7","2.32","22","37","Beginner","25.6","10.3","9.5","23.3","23.3","41","224","11","8","29","0","87","31","42","67","35","39","yes","21","1","2","11","Beginner","Beginner",""
"nirvana-smells-like-teen-spirit","Beginner","roots","3","1/4","1","yes","backing","519.9","F minor","F minor","0.36","yes","yes","324","C#2–A#2","41","8","16","0","7","0","429","0.86","1.7","2.49","28","37","Beginner","0","0","0","3.5","3.5","57","324","4","4","0","0","100","82","82","92","98","88","no","0","51","166","0","Beginner","Intermediate","Beginner→Intermediate"
"nirvana-smells-like-teen-spirit","Intermediate","bass","0","1/4","1","yes","backing","519.9","F minor","F minor","0.36","yes","yes","496","C#2–F#3","44","5","0","0","9","0","363","0.73","4.8","3.82","47","37","Intermediate","0","0","0","5","5","69","496","7","6","6","2","99","68","68","83","98","76","no","0","48","238","0","Beginner","Intermediate","Beginner→Intermediate"
"nirvana-smells-like-teen-spirit","Advanced","melody","1","1/4","1","yes","backing","519.9","F minor","F minor","0.36","yes","yes","304","F2–B3","48","9","109","0","12","10","250","0.5","7.6","2.34","20","37","Intermediate","64.3","32.1","0.6","85.3","85.3","48","304","12","8","4","4","99","30","43","64","27","39","yes","17","3","9","89","Beginner","Intermediate","Beginner→Intermediate"
"nirvana-smells-like-teen-spirit","Expert","melody","1","1/4","1","yes","backing","519.9","F minor","F minor","0.36","yes","yes","310","F2–B3","48","9","115","0","12","9","242","0.48","7.6","2.39","21","37","Intermediate","64.3","32.1","0.6","85.3","85.3","49","310","12","8","4","4","99","30","43","64","26","39","yes","16","3","9","89","Beginner","Intermediate","Beginner→Intermediate"
"nirvana-something-in-the-way","Beginner","roots","2","4/4","4","","backing","174.5","D♭ major","D♭ major","0.06","no","yes","142","F3–C#4","53","4","0","0","8","60","833","0.75","1.5","3.26","40","0","Beginner","0","0","0","1.3","1.3","69","142","2","2","0","0","100","93","95","100","94","93","yes","0","0","0","0","Intermediate","Intermediate",""
"nirvana-something-in-the-way","Intermediate","bass","0","4/4","4","","backing","174.5","D♭ major","D♭ major","0.06","no","yes","136","C#2–F2","37","5","0","0","4","0","555","0.5","4","3.12","37","37","Beginner","0","0","0","0.8","0.8","87","136","2","2","0","0","100","94","94","99","93","94","no","0","100","136","0","Intermediate","Intermediate",""
"nirvana-something-in-the-way","Advanced","melody","0","4/4","4","","backing","174.5","D♭ major","D♭ major","0.06","no","yes","364","C#2–C#4","53","6","0","0","12","15","277","0.25","4","8.34","34","37","Intermediate","0","0","0","0.7","0.7","81","364","10","6","0","0","100","81","81","93","73","87","no","0","26","94","140","Intermediate","Intermediate",""
"nirvana-something-in-the-way","Expert","melody","0","4/4","4","","backing","174.5","D♭ major","D♭ major","0.06","no","yes","364","C#2–C#4","53","6","0","0","12","15","277","0.25","4","8.34","34","37","Intermediate","0","0","0","0.7","0.7","82","364","10","6","0","0","100","81","81","93","73","87","no","0","26","94","140","Intermediate","Intermediate",""
"nirvana-territorial-pissings","Beginner","roots","2","4/4","4","","backing","371.3","C♯ minor","C♯ minor","0.04","no","yes","180","C#2–G#2","40","4","0","0","7","0","542","1.63","2.9","1.94","60","37","Beginner","0","0","0","4","4","78","180","3","3","0","0","100","97","97","98","97","98","no","0","73","132","0","Beginner","Intermediate","Beginner→Intermediate"
"nirvana-territorial-pissings","Intermediate","bass","0","4/4","4","","backing","371.3","C♯ minor","C♯ minor","0.04","no","yes","208","C#2–G#2","40","4","0","0","7","0","334","1","4","2.24","63","37","Intermediate","0","0","0","4","4","38","208","3","3","0","0","100","95","95","98","97","96","no","0","75","156","0","Beginner","Intermediate","Beginner→Intermediate"
"nirvana-territorial-pissings","Advanced","melody","1","4/4","4","","backing","371.3","C♯ minor","C♯ minor","0.04","no","yes","194","F#2–F3","52","11","194","0","7","0","250","0.75","6.5","2.09","61","37","Intermediate","32","10.7","2.9","20.1","20.1","47","194","8","8","81","0","58","22","51","96","15","32","yes","0","3","6","13","Beginner","Intermediate","Beginner→Intermediate"
"nirvana-territorial-pissings","Expert","melody","1","4/4","4","","backing","371.3","C♯ minor","C♯ minor","0.04","no","yes","317","F#2–F3","52","11","317","0","7","0","27","0.08","6.5","3.42","69","37","Intermediate","32","10.7","2.9","20.1","20.1","57","317","8","8","143","0","55","22","49","97","15","28","yes","0","2","6","13","Beginner","Intermediate","Beginner→Intermediate"
"nirvana-the-man-who-sold-the-world","Beginner","roots","0","4/4","4","","backing","362.7","D minor","D minor","0.07","no","yes","266","C3–A3","53","5","0","0","7","0","423","0.87","1.5","2.93","56","0","Beginner","0","0","0","2","2","70","266","6","6","0","0","100","72","85","87","81","76","yes","53","0","0","0","Beginner","Beginner",""
"nirvana-the-man-who-sold-the-world","Intermediate","bass","0","4/4","4","","backing","362.7","D minor","D minor","0.07","no","yes","267","E2–A3","48","5","0","0","9","4","487","1","4","2.94","22","0","Beginner","0","0","0","1","1","82","267","11","7","0","0","100","71","89","93","96","75","yes","23","8","21","0","Beginner","Beginner",""
"nirvana-the-man-who-sold-the-world","Advanced","melody","0","4/4","4","","backing","362.7","D minor","D minor","0.07","no","yes","229","F2–A#3","48","5","0","0","10","5","487","1","4","2.53","22","37","Beginner","16","7.8","2.7","16.3","16.3","41","229","12","8","1","0","100","65","89","95","100","67","yes","18","7","15","4","Beginner","Beginner",""
"nirvana-the-man-who-sold-the-world","Expert","melody","0","4/4","4","","backing","362.7","D minor","D minor","0.07","no","yes","384","F2–C4","48","6","0","0","12","4","243","0.5","4","4.24","21","37","Beginner","16","7.8","2.7","16.3","16.3","55","384","17","12","18","4","95","64","86","91","100","65","yes","22","7","26","18","Beginner","Beginner",""
"ozzy-osbourne-mr-crowley","Beginner","roots","2","4/4","4","","backing","582","A minor","A minor","0.17","no","yes","436","A#2–A3","52","5","0","0","9","1","491","0.75","1.5","3","76","0","Beginner","0","0","0","4.6","4.6","61","436","6","6","64","64","85","85","86","89","55","90","no","62","0","0","0","Intermediate","Intermediate",""
"ozzy-osbourne-mr-crowley","Intermediate","bass","0","4/4","4","","backing","582","A minor","A minor","0.17","no","yes","406","C2–D4","46","5","0","0","9","1","337","0.52","137.1","2.79","52","37","Beginner","0","0","0","2.6","2.6","72","406","18","9","81","79","80","70","74","80","78","79","no","23","17","65","0","Intermediate","Intermediate",""
"ozzy-osbourne-mr-crowley","Advanced","melody","0","4/4","4","","backing","582","A minor","A minor","0.17","no","yes","405","C2–C4","48","6","0","0","12","17","254","0.39","132.8","2.78","34","37","Beginner","0","0","0","3.9","3.9","81","405","21","12","72","65","82","49","62","77","24","56","yes","23","14","55","14","Intermediate","Intermediate",""
"ozzy-osbourne-mr-crowley","Expert","melody","0","4/4","4","","backing","582","A minor","A minor","0.17","no","yes","817","C2–C4","48","6","0","0","12","20","9","0.01","132.8","5.61","14","37","Intermediate","0","0","0","3.9","3.9","90","817","22","12","126","108","85","45","58","74","25","51","yes","24","19","133","41","Intermediate","Intermediate",""
"pantera-cemetery-gates-2","Beginner","roots","2","2/2","4","","backing","868.3","A major","A major","0.22","yes","yes","388","D3–B3","54","4","0","0","9","1","507","1.01","3","1.79","26","0","Beginner","0","0","0","10","4","72","388","6","6","64","0","84","82","83","87","73","88","no","34","0","0","0","Intermediate","Advanced","Intermediate→Advanced"
"pantera-cemetery-gates-2","Intermediate","bass","0","2/2","4","","backing","868.3","A major","A major","0.22","yes","yes","581","C#2–D4","47","5","0","0","9","10","352","0.7","5.1","2.68","27","37","Beginner","0","0","0","6","4.1","83","581","19","12","131","17","77","86","87","93","89","87","yes","5","22","128","0","Intermediate","Advanced","Intermediate→Advanced"
"pantera-cemetery-gates-2","Advanced","melody","1","2/2","4","","backing","868.3","A major","A major","0.22","yes","yes","677","E2–B3","45","9","8","0","12","14","250","0.5","3.2","3.12","25","37","Intermediate","0","0","45.8","38.5","30.5","43","677","17","11","125","8","82","90","91","95","89","90","yes","9","30","202","120","Intermediate","Advanced","Intermediate→Advanced"
"pantera-cemetery-gates-2","Expert","melody","1","2/2","4","","backing","868.3","A major","A major","0.22","yes","yes","1144","E2–D4","45","9","16","0","12","10","101","0.2","3.2","5.27","39","37","Advanced","0","0","45.4","38.5","30.5","63","1144","19","11","212","31","81","90","90","93","91","90","yes","10","29","330","225","Intermediate","Advanced","Intermediate→Advanced"
"pantera-cemetery-gates","Beginner","roots","2","4/4","4","","backing","854.5","A major","A major","0.01","no","yes","580","D3–B3","54","4","0","0","9","1","420","0.85","1.7","2.71","50","0","Beginner","0","0","0","6","6","60","580","6","6","79","0","86","76","78","86","89","80","no","43","0","0","0","Intermediate","Intermediate",""
"pantera-cemetery-gates","Intermediate","bass","0","4/4","4","","backing","854.5","A major","A major","0.01","no","yes","663","C2–D4","45","5","0","0","9","12","347","0.7","4.5","3.1","38","37","Beginner","0","0","0","5.5","5.5","66","663","20","12","144","16","78","74","75","82","92","78","no","6","21","137","0","Intermediate","Intermediate",""
"pantera-cemetery-gates","Advanced","melody","0","4/4","4","","backing","854.5","A major","A major","0.01","no","yes","425","E2–B3","52","6","0","0","12","7","255","0.51","6.9","1.99","23","37","Beginner","188","93.2","0","50.9","50.9","35","425","13","9","114","38","73","44","98","99","24","54","yes","4","2","10","69","Intermediate","Intermediate",""
"pantera-cemetery-gates","Expert","melody","0","4/4","4","","backing","854.5","A major","A major","0.01","no","yes","875","E2–B3","52","6","0","0","12","8","15","0.03","6.9","4.1","43","37","Intermediate","188","93.2","0","50.9","50.9","54","875","13","9","176","53","80","41","98","99","26","57","yes","5","2","18","115","Intermediate","Intermediate",""
"pantera-cowboys-from-hell","Beginner","roots","2","4/4","4","","backing","465.2","E minor","E minor","0.25","yes","yes","363","G2–C#4","52","4","0","0","9","9","452","0.87","1.5","3.12","88","0","Beginner","0","0","0.4","6.8","6.8","62","363","5","5","16","4","96","78","80","97","90","78","yes","36","0","0","0","Beginner","Beginner",""
"pantera-cowboys-from-hell","Intermediate","bass","0","4/4","4","","backing","465.2","E minor","E minor","0.25","yes","yes","430","E2–D4","43","5","0","0","9","3","387","0.75","2","3.7","46","37","Beginner","0","0","0","1.8","1.8","56","430","14","9","67","46","84","85","87","96","98","85","yes","18","35","152","0","Beginner","Beginner",""
"pantera-cowboys-from-hell","Advanced","melody","0","4/4","4","","backing","465.2","E minor","E minor","0.25","yes","yes","126","E2–D4","52","5","0","0","12","13","257","0.5","3.2","1.08","30","37","Beginner","13.3","6.9","3.9","249.2","249.2","14","126","15","10","21","20","83","44","47","76","11","45","yes","40","5","6","12","Beginner","Beginner",""
"pantera-cowboys-from-hell","Expert","melody","0","4/4","4","","backing","465.2","E minor","E minor","0.25","yes","yes","279","D#2–D4","50","6","0","0","12","8","84","0.16","3.2","2.4","3","37","Beginner","13.3","6.9","3.9","249.2","249.2","21","279","21","12","58","44","79","42","45","68","18","50","no","29","9","24","32","Beginner","Beginner",""
"pantera-domination","Beginner","roots","4","4/4","4","","backing","1402","C major","C major","0.1","no","yes","433","D3–A3","52","5","0","0","5","0","424","1.98","3.5","1.24","87","0","Beginner","0","0","0","16","16","51","433","6","6","26","26","94","85","86","89","90","86","yes","11","0","0","0","Advanced","Advanced",""
"pantera-domination","Intermediate","bass","1","4/4","4","","backing","1402","C major","C major","0.1","no","yes","365","C2–C#4","45","5","0","0","9","8","365","1.7","30","1.04","50","0","Beginner","0","0","0","18.9","18.9","71","365","18","10","23","18","94","77","79","85","90","78","yes","7","38","139","0","Advanced","Advanced",""
"pantera-domination","Advanced","melody","1","4/4","4","","backing","1402","C major","C major","0.1","no","yes","453","E2–D4","47","6","37","0","12","9","250","1.17","16","1.29","60","37","Beginner","0","0","0","64","64","44","453","19","11","49","30","89","36","97","99","35","61","yes","11","23","103","19","Advanced","Advanced",""
"pantera-domination","Expert","melody","1","4/4","4","","backing","1402","C major","C major","0.1","no","yes","1016","E2–D4","47","8","99","0","12","15","107","0.5","16","2.9","61","37","Advanced","0","0","0","64","64","63","1016","19","11","85","57","92","56","98","99","56","56","yes","11","43","441","18","Advanced","Advanced",""
"pantera-hollow","Beginner","roots","1","12/8","6","","backing","600.2","E minor","E minor","0.18","no","yes","332","B2–A3","52","5","0","0","9","7","430","0.67","1.5","2.21","65","0","Beginner","0","0","0","6.4","6.4","45","332","6","6","0","0","100","87","91","95","98","88","yes","31","0","0","0","Beginner","Beginner",""
"pantera-hollow","Intermediate","bass","0","12/8","6","","backing","600.2","E minor","E minor","0.18","no","yes","382","C2–C#4","46","5","0","0","9","8","346","0.54","9.8","2.55","24","37","Beginner","0","0","0","9.4","9.4","69","382","21","12","67","56","82","89","91","95","98","89","yes","10","30","112","0","Beginner","Beginner",""
"pantera-hollow","Advanced","melody","0","12/8","6","","backing","600.2","E minor","E minor","0.18","no","yes","558","D2–G#3","46","6","0","0","12","7","273","0.42","9.8","3.72","20","37","Beginner","0","0","12.4","4.2","4.2","72","558","18","12","123","106","78","83","88","93","78","83","yes","7","25","140","26","Beginner","Beginner",""
"pantera-hollow","Expert","melody","0","12/8","6","","backing","600.2","E minor","E minor","0.18","no","yes","852","D2–G#3","46","6","0","0","12","9","136","0.21","9.8","5.68","20","37","Beginner","0","0","12.4","3.9","3.9","85","852","18","12","178","161","79","88","91","96","85","88","yes","6","38","328","30","Beginner","Beginner",""
"pantera-i-m-broken","Beginner","roots","2","4/4","4","","backing","297","E minor","E minor","0.25","yes","yes","195","D3–A3","53","5","0","0","7","0","592","0.75","1.5","2.63","60","0","Beginner","0","0","0","2.5","2.5","56","195","6","6","36","36","82","77","82","93","78","79","yes","17","0","0","0","Advanced","Advanced",""
"pantera-i-m-broken","Intermediate","bass","0","4/4","4","","backing","297","E minor","E minor","0.25","yes","yes","456","D2–G3","50","5","0","0","9","2","394","0.5","2.2","6.14","33","0","Beginner","0","0","0","0.8","0.8","72","456","11","8","54","54","88","91","92","98","98","91","yes","14","20","92","0","Advanced","Advanced",""
"pantera-i-m-broken","Advanced","melody","0","4/4","4","","backing","297","E minor","E minor","0.25","yes","yes","458","E2–G3","45","6","0","0","12","14","296","0.37","2","6.17","35","0","Intermediate","0","0","0","1.3","1.3","59","458","9","8","54","54","88","92","93","99","100","92","yes","13","42","192","49","Advanced","Advanced",""
"pantera-i-m-broken","Expert","melody","0","4/4","4","","backing","297","E minor","E minor","0.25","yes","yes","844","E2–A3","45","6","0","0","12","9","98","0.12","2","11.37","22","0","Advanced","0","0","0","1.3","1.3","91","844","11","8","192","192","77","91","92","99","100","91","yes","20","40","338","56","Advanced","Advanced",""
"pantera-mouth-for-war","Beginner","roots","4","4/4","4","","backing","308","E major","E major","0.11","no","yes","242","G#2–E3","50","8","10","0","8","0","563","0.75","1.4","3.14","72","37","Beginner","0.3","0.2","0","2.1","2.1","64","242","6","6","9","2","96","90","91","95","87","94","no","3","0","0","0","Advanced","Advanced",""
"pantera-mouth-for-war","Intermediate","bass","2","4/4","4","","backing","308","E major","E major","0.11","no","yes","405","D2–D4","44","8","18","0","8","1","368","0.49","2.2","5.26","52","37","Beginner","0","0","0","1.7","1.7","59","405","15","9","61","18","85","92","92","95","95","92","no","10","33","133","0","Advanced","Advanced",""
"pantera-mouth-for-war","Advanced","melody","1","4/4","4","","backing","308","E major","E major","0.11","no","yes","458","E2–B3","44","9","147","0","12","3","281","0.37","2","5.95","43","37","Beginner","0","0","0","1.3","1.3","47","458","14","10","77","33","83","97","98","99","99","97","yes","10","26","119","20","Advanced","Advanced",""
"pantera-mouth-for-war","Expert","melody","1","4/4","4","","backing","308","E major","E major","0.11","no","yes","1050","E2–B3","44","9","277","0","12","4","93","0.12","2","13.63","36","37","Advanced","0","0","0","1","1","86","1050","17","12","187","77","82","97","97","98","100","97","yes","8","26","270","75","Advanced","Advanced",""
"pantera-planet-caravan","Beginner","roots","1","4/4","4","","backing","324","D♯ minor","D♯ minor","0.3","yes","yes","279","C#2–G#2","39","3","0","0","7","0","697","1","1","3.44","58","37","Beginner","0","0","0","2","2","72","279","3","3","0","0","100","64","88","91","85","67","yes","0","73","205","0","Advanced","Expert","Advanced→Expert"
"pantera-planet-caravan","Intermediate","bass","0","4/4","4","","backing","324","D♯ minor","D♯ minor","0.3","yes","yes","311","C#2–C#4","44","4","0","0","9","0","348","0.5","3","3.84","25","37","Beginner","0","0","0","7.5","7.5","88","311","6","5","38","38","88","48","61","87","99","51","yes","0","37","114","0","Advanced","Expert","Advanced→Expert"
"pantera-planet-caravan","Advanced","melody","0","4/4","4","","backing","324","D♯ minor","D♯ minor","0.3","yes","yes","541","C#2–D#3","42","6","0","0","12","21","348","0.5","0.9","6.68","7","37","Advanced","0","0","4","0.5","0.5","87","541","7","6","0","0","100","63","71","88","33","65","yes","0","63","341","308","Advanced","Expert","Advanced→Expert"
"pantera-planet-caravan","Expert","melody","0","4/4","4","","backing","324","D♯ minor","D♯ minor","0.3","yes","yes","694","C#2–D#3","42","6","0","0","12","16","14","0.02","0.9","8.57","5","37","Expert","0","0","4","0.5","0.5","89","694","7","6","0","0","100","50","68","86","26","51","yes","0","60","414","341","Advanced","Expert","Advanced→Expert"
"pantera-suicide-note-part-1","Beginner","roots","2","4/4","4","","backing","481.7","D minor","D minor","0.01","no","yes","466","D3–G3","50","5","0","0","5","0","498","1","1.5","3.87","91","0","Beginner","0","0","0","0.5","0.5","74","466","4","4","16","0","97","81","81","95","100","82","no","83","0","0","0","Beginner","Beginner",""
"pantera-suicide-note-part-1","Intermediate","bass","0","4/4","4","","backing","481.7","D minor","D minor","0.01","no","yes","88","D2–G3","50","5","0","0","9","5","500","1","93.6","0.73","49","0","Beginner","0","0","0","0","0","100","88","5","4","16","0","82","69","69","88","100","69","no","52","11","10","0","Beginner","Beginner",""
"pantera-suicide-note-part-1","Advanced","melody","1","4/4","4","","backing","481.7","D minor","D minor","0.01","no","yes","337","D2–A3","42","6","24","0","12","2","253","0.51","4","2.8","64","0","Beginner","1","0.5","0","1.5","1.5","84","337","9","7","32","0","91","31","53","80","23","36","yes","41","57","193","16","Beginner","Beginner",""
"pantera-suicide-note-part-1","Expert","melody","1","4/4","4","","backing","481.7","D minor","D minor","0.01","no","yes","377","C2–A3","42","6","24","0","12","2","55","0.11","4","3.13","67","0","Beginner","1","0.5","0","1.5","1.5","89","377","10","8","32","0","92","28","56","82","21","42","yes","46","52","194","16","Beginner","Beginner",""
"pantera-walk","Beginner","roots","2","4/4","4","","backing","612","D minor","D minor","0.1","no","yes","338","G#2–D3","50","5","0","0","6","0","478","0.92","1.3","2.21","76","37","Beginner","0","0","1","8","8","50","338","5","5","28","28","92","97","98","99","100","98","no","74","0","0","0","Intermediate","Intermediate",""
"pantera-walk","Intermediate","bass","0","4/4","4","","backing","612","D minor","D minor","0.1","no","yes","543","C2–D3","38","5","0","0","9","3","347","0.67","7","3.55","27","37","Beginner","0","0","0","0.7","0.7","75","543","12","10","200","172","63","77","78","78","100","78","no","5","81","434","0","Intermediate","Intermediate",""
"pantera-walk","Advanced","melody","0","4/4","4","","backing","612","D minor","D minor","0.1","no","yes","533","D2–A3","39","6","0","0","12","12","326","0.62","4","3.48","20","37","Beginner","8","4.2","0.3","8.3","8.3","46","533","14","11","123","85","77","81","83","85","89","82","yes","3","80","429","56","Intermediate","Intermediate",""
"pantera-walk","Expert","melody","0","4/4","4","","backing","612","D minor","D minor","0.1","no","yes","1157","D2–A3","38","6","0","0","12","6","173","0.33","4","7.56","31","37","Intermediate","8","4.2","0.3","8","8","80","1157","14","11","233","195","80","75","81","83","93","75","yes","4","86","999","56","Intermediate","Intermediate",""
"pearl-jam-alive","Beginner","roots","1","4/4","4","","backing","407.1","A major","A major","0.17","no","yes","332","D3–B3","55","5","0","0","9","2","514","0.65","1.5","3.26","56","0","Beginner","0","0","0","3.7","3.7","68","332","6","6","20","0","94","55","74","80","47","61","yes","42","0","0","0","Intermediate","Intermediate",""
"pearl-jam-alive","Intermediate","bass","1","4/4","4","","backing","407.1","A major","A major","0.17","no","yes","281","C2–D4","52","5","0","0","9","3","335","0.42","4.9","2.76","29","37","Beginner","0","0","0","2.2","2.2","93","281","17","9","31","2","89","42","65","75","35","45","yes","19","19","53","0","Intermediate","Intermediate",""
"pearl-jam-alive","Advanced","melody","1","4/4","4","","backing","407.1","A major","A major","0.17","no","yes","481","D2–B3","47","8","11","0","12","8","252","0.32","4","4.73","33","37","Beginner","0","0","7.4","39.9","39.9","49","481","19","11","101","3","79","57","64","74","52","64","no","15","8","37","12","Intermediate","Intermediate",""
"pearl-jam-alive","Expert","melody","1","4/4","4","","backing","407.1","A major","A major","0.17","no","yes","1002","D2–B3","48","8","21","0","12","2","72","0.09","4","9.85","31","37","Intermediate","0","0","7.4","39.9","39.9","75","1002","19","11","186","3","81","57","68","81","55","63","yes","15","7","75","25","Intermediate","Intermediate",""
"pearl-jam-black","Beginner","roots","4","4/4","4","","backing","358.4","E minor","E minor","0.16","no","yes","261","G2–E3","48","5","0","0","8","3","592","0.75","1.4","2.91","75","37","Beginner","0","0","2.4","4","4","61","261","6","6","13","0","95","64","69","81","92","76","no","25","0","0","0","Beginner","Beginner",""
"pearl-jam-black","Intermediate","bass","1","4/4","4","","backing","358.4","E minor","E minor","0.16","no","yes","375","C2–C4","43","5","0","0","9","4","388","0.49","4","4.19","64","37","Beginner","0","0","0","2.4","2.4","82","375","13","8","17","0","95","55","64","75","96","69","no","30","49","117","0","Beginner","Beginner",""
"pearl-jam-black","Advanced","melody","0","4/4","4","","backing","358.4","E minor","E minor","0.16","no","yes","217","E2–D4","47","6","0","0","10","2","257","0.33","6.3","2.42","32","37","Beginner","16.5","13","5.4","41","41","51","217","16","9","12","0","94","44","55","67","20","48","yes","26","7","16","19","Beginner","Beginner",""
"pearl-jam-black","Expert","melody","1","4/4","4","","backing","358.4","E minor","E minor","0.16","no","yes","276","D2–D4","48","8","8","0","10","2","26","0.03","6.3","3.08","34","37","Beginner","16.5","13","5.4","41","41","55","276","17","9","14","0","95","44","53","66","21","48","yes","25","10","27","25","Beginner","Beginner",""
"pearl-jam-even-flow","Beginner","roots","0","4/4","4","","backing","519.8","D minor","D minor","0.13","no","yes","359","G2–A3","50","5","0","0","9","0","422","0.84","1.7","2.76","68","0","Beginner","0","0","0","2.4","2.4","62","359","6","6","0","0","100","90","92","94","92","92","yes","60","0","0","0","Beginner","Beginner",""
"pearl-jam-even-flow","Intermediate","bass","0","4/4","4","","backing","519.8","D minor","D minor","0.13","no","yes","419","G2–D4","50","5","0","0","8","0","334","0.67","3.9","3.22","45","0","Beginner","0","0","0","2.7","2.7","68","419","12","8","7","0","98","83","86","92","94","85","yes","42","0","0","0","Beginner","Beginner",""
"pearl-jam-even-flow","Advanced","melody","0","4/4","4","","backing","519.8","D minor","D minor","0.13","no","yes","209","D2–D4","57","5","0","0","12","8","250","0.5","6.5","1.61","43","0","Beginner","0","0","1.3","163.6","163.6","26","209","11","6","1","1","100","45","96","98","32","52","yes","37","3","7","1","Beginner","Beginner",""
"pearl-jam-even-flow","Expert","melody","0","4/4","4","","backing","519.8","D minor","D minor","0.13","no","yes","494","D2–D4","55","5","0","0","12","11","10","0.02","6.5","3.8","19","37","Beginner","0","0","1.3","163.6","163.6","34","494","14","8","2","1","100","53","91","95","41","53","yes","35","4","19","1","Beginner","Beginner",""
"persona-5-life-will-change-octet-aragi-shota","Beginner","roots","3","4/4","4","","backing","576","F minor","F minor","0.1","no","yes","513","G#2–G3","48","5","0","0","9","4","443","0.97","1.8","3.56","81","37","Beginner","0","0","0","3","3","71","513","6","6","0","0","100","83","85","92","96","88","no","0","0","0","0","Beginner","Intermediate","Beginner→Intermediate"
"persona-5-life-will-change-octet-aragi-shota","Intermediate","bass","0","4/4","4","","backing","576","F minor","F minor","0.1","no","yes","423","F2–A3","44","5","0","0","9","2","340","0.75","12","2.94","63","37","Beginner","0","0","1","4.3","4.3","69","423","14","11","37","20","91","76","77","88","96","84","no","4","35","150","0","Beginner","Intermediate","Beginner→Intermediate"
"persona-5-life-will-change-octet-aragi-shota","Advanced","melody","1","4/4","4","","backing","576","F minor","F minor","0.1","no","yes","188","D#2–G#3","51","9","112","0","12","6","284","0.62","25.4","1.31","25","37","Beginner","64","29.1","1","16.1","16.1","77","188","13","10","12","1","94","17","60","75","6","45","yes","8","15","28","35","Beginner","Intermediate","Beginner→Intermediate"
"persona-5-life-will-change-octet-aragi-shota","Expert","melody","1","4/4","4","","backing","576","F minor","F minor","0.1","no","yes","262","D#2–G#3","51","9","157","0","12","4","56","0.12","25.4","1.82","12","37","Intermediate","64","29.1","1","16","16","82","262","14","10","12","1","95","21","60","77","6","42","yes","6","11","30","57","Beginner","Intermediate","Beginner→Intermediate"
"pink-floyd-another-brick-in-the-wall","Beginner","roots","1","4/4","4","","backing","376.9","D minor","D minor","0.2","yes","yes","318","F2–D3","50","5","0","0","9","3","482","0.88","1.4","3.38","82","0","Beginner","0.5","0.3","0","1.8","1.8","66","318","5","5","0","0","100","85","87","89","92","88","no","79","7","21","0","Beginner","Beginner",""
"pink-floyd-another-brick-in-the-wall","Intermediate","bass","0","4/4","4","","backing","376.9","D minor","D minor","0.2","yes","yes","213","F2–F3","50","5","0","0","9","1","437","0.79","16","2.26","30","0","Beginner","0","0","0","12.4","12.4","88","213","6","5","0","0","100","63","72","83","92","67","yes","56","2","5","0","Beginner","Beginner",""
"pink-floyd-another-brick-in-the-wall","Advanced","melody","0","4/4","4","","backing","376.9","D minor","D minor","0.2","yes","yes","166","D2–D4","57","5","0","0","12","14","250","0.45","155.6","1.76","49","0","Beginner","0.3","0.1","0","1","1","85","166","12","6","24","0","86","34","60","96","20","34","yes","22","1","2","0","Beginner","Beginner",""
"pink-floyd-another-brick-in-the-wall","Expert","melody","0","4/4","4","","backing","376.9","D minor","D minor","0.2","yes","yes","451","D2–D4","53","5","0","0","12","19","21","0.04","155.6","4.79","34","0","Beginner","0.3","0.1","0","0.6","0.6","93","451","11","6","67","0","85","40","53","96","31","40","yes","22","6","29","0","Beginner","Beginner",""
"pink-floyd-comfortably-numb","Beginner","roots","1","4/4","4","","backing","740.3","D major","D major","0.05","no","yes","721","D3–C4","57","5","0","0","9","1","438","0.93","1.4","3.9","86","0","Beginner","0.1","0","0","1.5","1.5","73","721","6","6","92","0","87","99","99","99","99","99","yes","39","0","0","0","Beginner","Beginner",""
"pink-floyd-comfortably-numb","Intermediate","bass","0","4/4","4","","backing","740.3","D major","D major","0.05","no","yes","245","G2–B3","50","5","0","0","9","1","335","0.71","8","1.32","54","0","Beginner","0.1","0","0","4.1","4.1","96","245","10","7","24","0","90","93","94","98","99","93","yes","28","0","0","0","Beginner","Beginner",""
"pink-floyd-comfortably-numb","Advanced","melody","0","4/4","4","","backing","740.3","D major","D major","0.05","no","yes","299","G2–D4","52","5","0","0","12","6","252","0.54","11.5","1.62","7","0","Beginner","112.1","52.6","3.9","64","64","51","299","11","7","2","0","99","3","55","61","4","91","no","31","0","0","0","Beginner","Beginner",""
"pink-floyd-comfortably-numb","Expert","melody","0","4/4","4","","backing","740.3","D major","D major","0.05","no","yes","329","G2–D4","52","6","0","0","12","6","10","0.02","11.5","1.78","5","0","Beginner","112.1","52.6","3.9","64","64","53","329","12","8","8","0","98","7","58","64","8","86","no","30","0","0","2","Beginner","Beginner",""
"pink-floyd-goodbye-blue-sky","Beginner","roots","1","4/4","4","","backing","264","D major","D major","0.13","no","yes","190","A2–F#3","50","5","0","0","9","1","477","0.87","1.5","2.88","65","0","Beginner","0","0","0","7.5","7.5","66","190","6","6","33","0","83","73","78","95","55","73","yes","31","0","0","0","Intermediate","Intermediate",""
"pink-floyd-goodbye-blue-sky","Intermediate","bass","0","4/4","4","","backing","264","D major","D major","0.13","no","yes","179","C2–D4","50","5","0","0","9","6","344","0.62","8.5","2.71","36","37","Beginner","0","0","0.5","2","2","82","179","17","8","15","0","92","76","80","96","54","76","yes","18","25","43","0","Intermediate","Intermediate",""
"pink-floyd-goodbye-blue-sky","Advanced","melody","1","4/4","4","","backing","264","D major","D major","0.13","no","yes","291","C2–G3","43","9","87","0","12","3","275","0.5","4.5","4.41","12","0","Intermediate","0","0","0","24","24","79","291","13","8","25","0","91","70","74","96","62","71","yes","19","46","133","48","Intermediate","Intermediate",""
"pink-floyd-goodbye-blue-sky","Expert","melody","1","4/4","4","","backing","264","D major","D major","0.13","no","yes","303","C2–G3","43","9","91","0","12","3","68","0.12","4.5","4.59","12","37","Intermediate","0","0","0","24","24","81","303","14","8","25","0","92","68","72","95","60","70","yes","19","45","136","49","Intermediate","Intermediate",""
"pink-floyd-high-hopes","Beginner","roots","1","4/4","4","","backing","592.5","C minor","C minor","0.21","yes","yes","502","C2–G#2","36","5","0","0","8","7","585","0.75","1.5","3.39","73","37","Beginner","12","9.4","0","10","10","60","502","5","5","0","0","100","80","83","98","97","81","yes","67","75","95","0","Beginner","Beginner",""
"pink-floyd-high-hopes","Intermediate","bass","0","4/4","4","","backing","592.5","C minor","C minor","0.21","yes","yes","304","D2–G3","48","5","0","0","8","5","389","0.5","8.5","2.05","34","37","Beginner","0","0","0","1.5","1.5","95","304","13","10","21","0","93","67","76","88","98","67","yes","27","9","27","0","Beginner","Beginner",""
"pink-floyd-high-hopes","Advanced","melody","0","4/4","4","","backing","592.5","C minor","C minor","0.21","yes","yes","560","F2–D4","51","6","0","0","12","28","259","0.33","3.5","3.78","3","37","Beginner","92.5","72.1","20.5","48.2","48.2","47","560","19","11","46","12","92","21","61","87","23","47","yes","14","3","17","121","Beginner","Beginner",""
"pink-floyd-high-hopes","Expert","melody","0","4/4","4","","backing","592.5","C minor","C minor","0.21","yes","yes","577","F2–D4","51","6","0","0","12","27","129","0.17","3.5","3.9","5","37","Beginner","92.5","72.1","20.5","48.2","48.2","48","577","19","11","52","12","91","21","60","86","23","46","yes","14","3","17","121","Beginner","Beginner",""
"pink-floyd-keep-talking","Beginner","roots","2","4/4","4","","backing","572","E minor","E minor","0.15","no","yes","488","G2–E3","52","5","0","0","9","0","453","0.77","1.3","3.41","95","0","Beginner","0","0","0","1.9","1.9","69","488","4","4","0","0","100","69","71","78","56","71","no","0","0","0","0","Expert","Expert",""
"pink-floyd-keep-talking","Intermediate","bass","0","4/4","4","","backing","572","E minor","E minor","0.15","no","yes","450","E2–C4","52","5","0","0","9","5","339","0.58","5","3.15","79","0","Beginner","0","0","0","4","4","50","450","9","5","0","0","100","63","65","74","61","65","no","8","0","1","0","Expert","Expert",""
"pink-floyd-keep-talking","Advanced","melody","1","4/4","4","","backing","572","E minor","E minor","0.15","no","yes","616","C2–E3","47","6","10","0","12","22","257","0.44","8.2","4.31","47","0","Intermediate","0","0","0.3","3.7","3.7","53","616","12","9","32","27","95","55","62","74","41","59","yes","9","35","204","43","Expert","Expert",""
"pink-floyd-keep-talking","Expert","melody","1","4/4","4","","backing","572","E minor","E minor","0.15","no","yes","1641","C2–B3","43","8","68","0","12","35","10","0.02","8.2","11.48","29","37","Expert","0","0","0.3","3.3","3.3","75","1641","17","10","82","67","95","52","59","72","44","56","yes","8","49","763","152","Expert","Expert",""
"pink-floyd-money","Beginner","roots","2","4/4","4","","backing","754.9","B minor","B minor","0.15","no","yes","492","C3–B3","54","5","0","0","9","7","423","0.83","1.6","2.61","56","0","Beginner","0","0","0","3.6","3.6","56","492","6","6","15","15","97","70","88","98","95","70","yes","32","0","0","0","Beginner","Beginner",""
"pink-floyd-money","Intermediate","bass","0","4/4","4","","backing","754.9","B minor","B minor","0.15","no","yes","574","C2–D4","47","5","0","0","9","15","336","0.66","6.6","3.04","31","37","Beginner","0","0","0","6.5","6.5","78","574","18","10","30","29","95","67","83","97","100","67","yes","20","14","56","0","Beginner","Beginner",""
"pink-floyd-money","Advanced","melody","1","4/4","4","","backing","754.9","B minor","B minor","0.15","no","yes","168","E2–G#3","45","9","75","0","12","19","310","0.61","2.9","0.89","35","37","Beginner","64","32.5","0","371.5","371.5","17","168","9","7","36","0","79","16","37","85","14","21","yes","13","18","31","24","Beginner","Beginner",""
"pink-floyd-money","Expert","melody","1","4/4","4","","backing","754.9","B minor","B minor","0.15","no","yes","193","C2–G#3","45","9","74","0","12","17","20","0.04","2.9","1.02","31","37","Beginner","64","32.5","0","371.5","371.5","18","193","12","9","42","6","78","16","34","79","15","18","yes","16","22","40","24","Beginner","Beginner",""
"pink-floyd-shine-on-you-crazy-diamond","Beginner","roots","4","4/4","4","","backing","1210.1","G minor","G minor","0.22","yes","yes","839","C#2–D#3","43","8","58","0","8","0","420","0.97","1.9","2.77","91","37","Beginner","0","0","0","16","16","56","839","6","6","18","18","98","77","81","84","85","83","no","72","2","18","0","Beginner","Beginner",""
"pink-floyd-shine-on-you-crazy-diamond","Intermediate","bass","1","4/4","4","","backing","1210.1","G minor","G minor","0.22","yes","yes","612","C2–D4","53","8","17","0","9","1","348","0.8","5.7","2.02","59","37","Beginner","0","0","0","8","2.8","85","612","21","11","32","7","95","69","74","80","86","74","yes","29","3","13","0","Beginner","Beginner",""
"pink-floyd-shine-on-you-crazy-diamond","Advanced","melody","0","4/4","4","","backing","1210.1","G minor","G minor","0.22","yes","yes","588","F2–D4","55","6","0","0","12","2","250","0.57","5.7","1.94","53","37","Beginner","0","0","107.3","55.2","55.2","45","588","16","10","22","0","96","66","73","81","98","73","no","25","2","12","85","Beginner","Beginner",""
"pink-floyd-shine-on-you-crazy-diamond","Expert","melody","0","4/4","4","","backing","1210.1","G minor","G minor","0.22","yes","yes","664","F2–D4","55","6","0","0","12","2","125","0.29","5.7","2.19","55","37","Beginner","0","0","107.3","55.2","55.2","47","664","16","10","22","0","97","67","72","80","98","73","no","22","2","12","96","Beginner","Beginner",""
"pink-floyd-the-great-gig-in-the-sky","Beginner","roots","2","4/4","4","","backing","538.1","G minor","G minor","0.12","no","yes","406","F2–D#3","46","5","0","0","7","0","427","0.85","1.7","3.02","80","37","Beginner","0","0","0.1","7.3","7.3","61","406","6","6","31","0","92","80","81","84","95","84","no","29","12","49","0","Beginner","Beginner",""
"pink-floyd-the-great-gig-in-the-sky","Intermediate","bass","0","4/4","4","","backing","538.1","G minor","G minor","0.12","no","yes","251","D#2–D4","48","5","0","0","9","4","334","0.67","13.8","1.87","40","37","Beginner","0","0","0.1","1.2","1.2","92","251","19","11","21","5","92","61","72","86","88","65","yes","24","3","7","0","Beginner","Beginner",""
"pink-floyd-the-great-gig-in-the-sky","Advanced","melody","0","4/4","4","","backing","538.1","G minor","G minor","0.12","no","yes","258","C2–C4","48","6","0","0","12","10","250","0.5","13.8","1.92","24","37","Beginner","30","15","2.8","1.9","1.9","81","258","22","11","19","6","93","64","75","89","90","64","yes","25","7","16","19","Beginner","Beginner",""
"pink-floyd-the-great-gig-in-the-sky","Expert","melody","0","4/4","4","","backing","538.1","G minor","G minor","0.12","no","yes","279","C2–C4","48","6","0","0","12","9","239","0.48","13.8","2.07","22","37","Beginner","30","15","2.8","1.9","1.9","83","279","22","11","24","9","91","59","73","88","89","60","yes","26","6","17","22","Beginner","Beginner",""
"pink-floyd-wish-you-were-here","Beginner","roots","0","4/4","4","","backing","502.6","G major","G major","0.03","no","yes","477","G2–E3","48","5","0","0","7","0","468","0.97","1.5","3.8","80","0","Beginner","0","0","0","1","1","74","477","6","6","0","0","100","94","96","99","91","94","yes","42","0","0","0","Beginner","Beginner",""
"pink-floyd-wish-you-were-here","Intermediate","bass","0","4/4","4","","backing","502.6","G major","G major","0.03","no","yes","366","D2–E3","45","5","0","0","9","2","480","1","2.5","2.91","69","0","Beginner","0","0","0","0.7","0.7","92","366","8","6","0","0","100","91","95","97","92","91","yes","35","26","96","0","Beginner","Beginner",""
"pink-floyd-wish-you-were-here","Advanced","melody","0","4/4","4","","backing","502.6","G major","G major","0.03","no","yes","222","G2–A3","55","5","0","0","12","2","260","0.54","6.6","1.77","52","0","Beginner","0","0","15","3.4","3.4","57","222","7","5","0","0","100","58","92","97","52","58","yes","46","0","0","0","Beginner","Beginner",""
"pink-floyd-wish-you-were-here","Expert","melody","0","4/4","4","","backing","502.6","G major","G major","0.03","no","yes","328","G2–A3","55","5","0","0","12","4","10","0.02","6.6","2.61","50","0","Beginner","0","0","15","3.4","3.4","62","328","9","7","0","0","100","56","90","98","47","56","yes","44","0","0","0","Beginner","Beginner",""
"pokemon-lavender-town","Beginner","roots","0","4/4","4","","backing","416","E minor","E minor","0.05","no","yes","368","G2–E3","50","5","0","0","9","1","480","1","1","3.54","76","0","Beginner","0","0","0","1","1","71","368","4","4","0","0","100","74","76","92","80","75","yes","30","0","0","0","Beginner","Beginner",""
"pokemon-lavender-town","Intermediate","bass","0","4/4","4","","backing","416","E minor","E minor","0.05","no","yes","162","C2–E3","48","5","0","0","9","1","480","1","5","1.56","0","0","Beginner","0","0","0","0","0","99","162","7","5","0","0","100","72","72","95","85","72","no","25","6","1","0","Beginner","Beginner",""
"pokemon-lavender-town","Advanced","melody","0","4/4","4","","backing","416","E minor","E minor","0.05","no","yes","256","C2–B3","40","6","0","0","12","19","480","1","2","2.46","25","0","Beginner","16","7.7","0","16","16","91","256","9","6","0","0","100","42","56","86","60","42","yes","28","72","120","8","Beginner","Beginner",""
"pokemon-lavender-town","Expert","melody","0","4/4","4","","backing","416","E minor","E minor","0.05","no","yes","256","C2–B3","40","6","0","0","12","19","480","1","2","2.46","25","0","Beginner","16","7.7","0","16","16","92","256","9","6","0","0","100","42","56","86","60","42","yes","28","72","120","8","Beginner","Beginner",""
"pokemon-theme-song","Beginner","roots","0","4/4","4","","backing","584.1","G minor","G minor","0.28","yes","yes","221","G2–F3","46","3","0","0","8","4","569","1.5","3","1.51","66","37","Beginner","0","0","0","5.6","5.6","62","221","6","6","0","0","100","81","85","89","60","83","yes","54","0","0","0","Beginner","Beginner",""
"pokemon-theme-song","Intermediate","bass","0","4/4","4","","backing","584.1","G minor","G minor","0.28","yes","yes","298","C2–D#3","43","5","0","0","9","3","363","0.96","16.3","2.04","51","37","Beginner","0","0","0","3.5","3.5","82","298","10","7","0","0","100","85","87","93","72","87","no","29","38","105","0","Beginner","Beginner",""
"pokemon-theme-song","Advanced","melody","0","4/4","4","","backing","584.1","G minor","G minor","0.28","yes","yes","249","D2–C4","48","5","0","0","12","18","291","0.77","16.3","1.71","47","37","Beginner","0","0","0","99.6","98.4","56","249","14","7","0","0","100","75","81","99","59","75","yes","21","10","24","27","Beginner","Beginner",""
"pokemon-theme-song","Expert","melody","0","4/4","4","","backing","584.1","G minor","G minor","0.28","yes","yes","442","D2–C4","46","5","0","0","12","11","96","0.25","16.3","3.03","67","37","Beginner","0","0","0","99.1","97.9","66","442","14","7","0","0","100","77","82","98","59","77","yes","22","11","48","31","Beginner","Beginner",""
"pokemon-trainer-battle","Beginner","roots","5","4/4","4","","backing","552","C major","C major","0.23","yes","yes","238","D#2–C#4","51","5","0","0","9","1","455","1.5","2","1.72","73","37","Beginner","0","0","4.5","33","33","66","238","10","6","66","24","72","66","71","80","59","79","no","0","13","31","0","Intermediate","Intermediate",""
"pokemon-trainer-battle","Intermediate","bass","0","4/4","4","","backing","552","C major","C major","0.23","yes","yes","247","C2–C#4","43","5","0","0","9","2","454","1.5","8.5","1.79","54","37","Beginner","0","0","0","3.5","3.5","34","247","12","9","91","28","63","28","54","80","51","33","yes","34","24","57","0","Intermediate","Intermediate",""
"pokemon-trainer-battle","Advanced","melody","0","4/4","4","","backing","552","C major","C major","0.23","yes","yes","285","C2–D4","49","6","0","0","12","18","303","1","8","2.07","24","37","Intermediate","0","0","0.1","2","2","77","285","21","11","74","28","74","42","60","79","33","47","yes","24","30","36","46","Intermediate","Intermediate",""
"pokemon-trainer-battle","Expert","melody","0","4/4","4","","backing","552","C major","C major","0.23","yes","yes","365","C2–D4","49","6","0","0","12","15","75","0.25","8","2.64","21","37","Intermediate","0","0","0.1","1.5","1.5","83","365","24","12","83","30","77","39","56","77","33","45","yes","24","32","51","53","Intermediate","Intermediate",""
"queen-a-kind-of-magic","Beginner","roots","2","4/4","4","","backing","548.7","A major","A major","0.17","no","yes","389","D3–C#4","57","4","0","0","9","4","459","0.96","1.5","2.84","75","0","Beginner","0","0","0","8","8","62","389","6","6","0","0","100","86","87","93","75","88","no","70","0","0","0","Beginner","Beginner",""
"queen-a-kind-of-magic","Intermediate","bass","0","4/4","4","","backing","548.7","A major","A major","0.17","no","yes","496","E2–D4","50","5","0","0","9","24","428","0.9","3","3.62","34","0","Beginner","0","0","0","2","1","66","496","11","7","10","0","98","70","73","75","92","72","yes","29","0","1","0","Beginner","Beginner",""
"queen-a-kind-of-magic","Advanced","melody","1","4/4","4","","backing","548.7","A major","A major","0.17","no","yes","189","F#2–B3","52","9","26","0","12","6","253","0.53","4.1","1.38","31","37","Beginner","0","0","96.7","65.9","65.9","48","189","12","9","14","8","93","37","55","80","35","41","yes","29","4","8","36","Beginner","Beginner",""
"queen-a-kind-of-magic","Expert","melody","1","4/4","4","","backing","548.7","A major","A major","0.17","no","yes","207","E2–C#4","51","9","14","0","12","6","223","0.47","4.1","1.51","32","37","Beginner","0","0","96.7","65.9","65.9","49","207","14","9","14","8","93","38","57","81","39","42","yes","28","8","16","40","Beginner","Beginner",""
"queen-another-one-bites-the-dust","Beginner","roots","2","4/4","4","","backing","339.5","E minor","E minor","0.05","no","yes","267","C3–A3","52","5","0","0","9","2","433","0.87","1.5","3.15","66","0","Beginner","0.5","0.3","0","6","6","68","267","6","6","0","0","100","89","90","91","89","92","no","22","0","0","0","Beginner","Beginner",""
"queen-another-one-bites-the-dust","Intermediate","bass","0","4/4","4","","backing","339.5","E minor","E minor","0.05","no","yes","238","C2–A3","43","5","0","0","9","1","339","0.68","2","2.8","50","37","Beginner","0","0","0","1.8","1.8","66","238","14","9","6","0","97","86","86","88","85","86","no","22","35","80","0","Beginner","Beginner",""
"queen-another-one-bites-the-dust","Advanced","melody","0","4/4","4","","backing","339.5","E minor","E minor","0.05","no","yes","232","E2–D4","47","6","0","0","11","1","250","0.5","1","2.73","36","37","Beginner","32.5","16.2","37.3","33.7","33.7","20","232","17","9","7","4","97","81","92","100","59","81","yes","20","16","38","16","Beginner","Beginner",""
"queen-another-one-bites-the-dust","Expert","melody","1","4/4","4","","backing","339.5","E minor","E minor","0.05","no","yes","340","D2–D4","47","9","36","0","11","1","124","0.25","1","4.01","47","37","Beginner","32.5","16.2","37","33.7","33.7","26","340","18","9","10","7","97","82","89","100","61","82","yes","19","19","66","20","Beginner","Beginner",""
"queen-bohemian-rhapsody","Beginner","roots","3","2/4","2","yes","backing","422.7","B♭ major","B♭ major","0.11","no","yes","255","D#2–C3","46","5","0","0","9","2","577","0.75","1.5","2.41","66","0","Beginner","0.5","0.4","0","8.1","8.1","53","255","6","6","84","84","67","48","57","66","71","55","yes","0","20","52","0","Intermediate","Intermediate",""
"queen-bohemian-rhapsody","Intermediate","bass","1","2/4","2","yes","backing","422.7","B♭ major","B♭ major","0.11","no","yes","384","C#2–D4","47","5","0","0","9","5","337","0.44","6.5","3.63","34","37","Beginner","0","0","0","3.9","3.9","74","384","22","12","160","131","58","45","54","62","64","51","yes","12","9","33","0","Intermediate","Intermediate",""
"queen-bohemian-rhapsody","Advanced","melody","1","2/4","2","yes","backing","422.7","B♭ major","B♭ major","0.11","no","yes","473","C2–D4","49","8","32","0","12","13","256","0.33","8.1","4.48","26","37","Beginner","0","0","0","2.3","2.3","72","473","27","12","95","41","80","35","49","66","24","40","yes","23","15","64","65","Intermediate","Intermediate",""
"queen-bohemian-rhapsody","Expert","melody","1","2/4","2","yes","backing","422.7","B♭ major","B♭ major","0.11","no","yes","744","C2–D4","49","8","22","0","12","20","16","0.02","8.1","7.04","21","37","Intermediate","0","0","0","0.9","0.9","81","744","27","12","144","77","81","34","47","64","24","40","yes","26","15","95","99","Intermediate","Intermediate",""
"queen-crazy-little-thing-called-love","Beginner","roots","3","12/8","6","","backing","619.9","D major","D major","0.2","yes","yes","149","G2–A3","50","5","0","0","9","6","421","1.63","3","0.96","56","0","Beginner","0","0","0.5","7.6","7.6","41","149","6","6","18","0","88","85","93","95","96","85","yes","58","0","0","0","Intermediate","Intermediate",""
"queen-crazy-little-thing-called-love","Intermediate","bass","0","12/8","6","","backing","619.9","D major","D major","0.2","yes","yes","302","C2–A#3","48","5","0","0","9","14","381","1.48","6","1.95","12","37","Beginner","0","0","0.5","3.5","3.5","89","302","18","11","61","3","80","47","64","82","91","48","yes","27","7","16","0","Intermediate","Intermediate",""
"queen-crazy-little-thing-called-love","Advanced","melody","0","12/8","6","","backing","619.9","D major","D major","0.2","yes","yes","319","C2–E3","43","6","0","0","10","8","256","0.99","2","2.06","15","37","Beginner","23","5.9","0.5","72.8","9","64","319","15","12","81","5","75","52","68","83","84","52","yes","22","42","107","41","Intermediate","Intermediate",""
"queen-crazy-little-thing-called-love","Expert","melody","0","12/8","6","","backing","619.9","D major","D major","0.2","yes","yes","381","C2–F3","45","6","0","0","10","7","128","0.5","2","2.46","23","37","Intermediate","23","5.9","0.5","72.3","8.5","70","381","16","12","86","5","77","49","71","84","83","50","yes","23","38","115","42","Intermediate","Intermediate",""
"queen-friends-will-be-friends","Beginner","roots","2","4/4","4","","backing","302","G major","G major","0.18","no","yes","221","G2–E3","50","5","0","0","9","11","600","0.75","1.3","2.93","55","37","Beginner","0","0","0","4.3","4.3","58","221","5","5","24","0","89","90","92","97","98","91","yes","49","0","0","0","Beginner","Beginner",""
"queen-friends-will-be-friends","Intermediate","bass","0","4/4","4","","backing","302","G major","G major","0.18","no","yes","265","C2–D4","43","5","0","0","9","4","400","0.5","3.5","3.51","38","37","Beginner","0","0","0","1.8","1.8","89","265","22","11","50","20","81","80","86","97","92","81","yes","31","44","90","0","Beginner","Beginner",""
"queen-friends-will-be-friends","Advanced","melody","0","4/4","4","","backing","302","G major","G major","0.18","no","yes","235","C2–A3","45","6","0","0","11","9","400","0.5","4","3.11","0","37","Beginner","0","0","2","72","72","49","235","17","10","24","9","90","55","66","94","38","57","yes","27","30","63","35","Beginner","Beginner",""
"queen-friends-will-be-friends","Expert","melody","0","4/4","4","","backing","302","G major","G major","0.18","no","yes","235","C2–A3","45","6","0","0","11","9","400","0.5","4","3.11","0","37","Beginner","0","0","2","72","72","50","235","17","10","24","9","90","55","66","94","38","57","yes","27","30","63","35","Beginner","Beginner",""
"queen-good-old-fashioned-lover-boy","Beginner","roots","4","4/4","4","","backing","276","E♭ major","E♭ major","0.26","yes","yes","213","G#2–F3","50","10","197","0","9","4","624","1","1.2","3.09","58","37","Beginner","0","0","0","12","12","66","213","6","6","0","0","100","91","92","96","83","92","no","8","0","0","0","Intermediate","Intermediate",""
"queen-good-old-fashioned-lover-boy","Intermediate","bass","1","4/4","4","","backing","276","E♭ major","E♭ major","0.26","yes","yes","207","C#2–C4","48","10","20","0","9","5","417","0.67","8","3","30","37","Beginner","0","0","0","2.2","2.2","93","207","14","10","21","0","90","84","86","93","87","86","no","15","5","11","0","Intermediate","Intermediate",""
"queen-good-old-fashioned-lover-boy","Advanced","melody","1","4/4","4","","backing","276","E♭ major","E♭ major","0.26","yes","yes","343","C2–D#3","43","6","15","0","12","10","312","0.5","4","4.97","25","37","Intermediate","0","0","0.5","1","1","75","343","14","11","25","11","93","33","74","89","33","41","yes","19","38","123","60","Intermediate","Intermediate",""
"queen-good-old-fashioned-lover-boy","Expert","melody","1","4/4","4","","backing","276","E♭ major","E♭ major","0.26","yes","yes","384","C2–D#3","43","6","21","0","12","11","26","0.04","4","5.57","26","37","Intermediate","0","0","0.5","1","1","79","384","14","11","28","11","93","35","74","89","34","39","yes","20","39","138","66","Intermediate","Intermediate",""
"queen-headlong","Beginner","roots","2","4/4","4","","backing","651.2","D major","D major","0.02","no","yes","448","F2–D3","50","5","0","0","9","1","421","1.01","2","2.75","84","0","Beginner","0.1","0","0","5.5","5.5","62","448","6","6","42","0","91","94","94","99","96","95","no","74","3","13","0","Beginner","Beginner",""
"queen-headlong","Intermediate","bass","0","4/4","4","","backing","651.2","D major","D major","0.02","no","yes","372","C2–D4","50","5","0","0","9","3","416","1","11.5","2.28","52","0","Beginner","0","0","0","1","1","88","372","17","8","81","0","78","92","92","100","95","92","yes","48","20","73","0","Beginner","Beginner",""
"queen-headlong","Advanced","melody","1","4/4","4","","backing","651.2","D major","D major","0.02","no","yes","267","C2–F#3","45","6","5","0","12","3","416","1","29","1.64","46","0","Beginner","6.5","2.7","0","28","28","51","267","13","9","47","0","82","17","87","94","10","70","yes","29","11","26","9","Beginner","Beginner",""
"queen-headlong","Expert","melody","1","4/4","4","","backing","651.2","D major","D major","0.02","no","yes","442","C2–F#3","45","6","7","0","12","3","208","0.5","29","2.71","47","0","Beginner","6.5","2.7","0","28","28","66","442","13","9","82","0","81","17","88","93","10","71","yes","28","12","47","17","Beginner","Beginner",""
"queen-i-can-t-live-with-you","Beginner","roots","2","4/4","4","","backing","807.5","E major","E major","0.09","no","yes","325","C3–B3","52","5","0","0","9","2","489","1.5","3","1.61","65","0","Beginner","0","0","0","24","24","65","325","6","6","67","0","79","88","90","95","96","90","yes","35","0","0","0","Intermediate","Intermediate",""
"queen-i-can-t-live-with-you","Intermediate","bass","1","4/4","4","","backing","807.5","E major","E major","0.09","no","yes","237","C#2–D4","50","5","0","0","9","7","489","1.5","16","1.17","33","37","Beginner","0","0","0","20","20","86","237","19","11","58","9","76","82","86","93","95","85","yes","14","7","16","0","Intermediate","Intermediate",""
"queen-i-can-t-live-with-you","Advanced","melody","1","4/4","4","","backing","807.5","E major","E major","0.09","no","yes","469","E2–D4","50","8","24","0","12","2","326","1","16","2.32","55","37","Beginner","15.5","5.1","1","7","7","75","469","18","11","107","2","77","78","83","92","100","81","yes","14","3","14","40","Intermediate","Intermediate",""
"queen-i-can-t-live-with-you","Expert","melody","1","4/4","4","","backing","807.5","E major","E major","0.09","no","yes","610","E2–D4","50","8","29","0","12","2","81","0.25","16","3.02","59","37","Intermediate","15.5","5.1","1","7","7","85","610","20","12","134","8","78","77","82","91","99","80","yes","15","4","26","59","Intermediate","Intermediate",""
"queen-i-m-going-slightly-mad","Beginner","roots","1","4/4","4","","backing","502.6","D minor","D minor","0.06","no","yes","421","A#2–G3","52","5","0","0","9","0","453","0.88","1.5","3.35","85","0","Beginner","0","0","0","9.3","9.3","64","421","6","6","60","0","86","86","88","94","95","87","yes","27","0","0","0","Beginner","Beginner",""
"queen-i-m-going-slightly-mad","Intermediate","bass","0","4/4","4","","backing","502.6","D minor","D minor","0.06","no","yes","429","C2–D4","52","5","0","0","9","1","388","0.75","4","3.41","80","37","Beginner","0","0","0","2","2","69","429","20","10","82","6","81","73","75","81","84","76","no","22","21","90","0","Beginner","Beginner",""
"queen-i-m-going-slightly-mad","Advanced","melody","1","4/4","4","","backing","502.6","D minor","D minor","0.06","no","yes","63","D2–C#4","57","9","20","0","12","6","776","1.5","16","0.5","10","37","Beginner","0","0","2.6","24.1","24.1","63","63","16","10","15","6","76","25","41","86","22","27","yes","17","10","6","6","Beginner","Beginner",""
"queen-i-m-going-slightly-mad","Expert","melody","1","4/4","4","","backing","502.6","D minor","D minor","0.06","no","yes","63","D2–C#4","57","9","20","0","12","6","776","1.5","16","0.5","10","37","Beginner","0","0","2.6","24.1","24.1","63","63","16","10","15","6","76","25","41","86","22","27","yes","17","10","6","6","Beginner","Beginner",""
"queen-it-s-a-hard-life","Beginner","roots","1","4/4","4","","backing","469.2","B♭ major","B♭ major","0.18","no","yes","371","A#2–G3","50","5","0","0","9","2","426","0.82","1.4","3.16","71","37","Beginner","0","0","0","8","8","63","371","6","6","0","0","100","91","93","97","97","92","yes","9","0","0","0","Beginner","Beginner",""
"queen-it-s-a-hard-life","Intermediate","bass","0","4/4","4","","backing","469.2","B♭ major","B♭ major","0.18","no","yes","199","D#2–D4","46","5","0","0","9","5","356","0.68","22.1","1.7","34","37","Beginner","0","0","0","2.4","2.4","94","199","14","9","19","1","90","87","90","95","92","87","yes","18","14","27","0","Beginner","Beginner",""
"queen-it-s-a-hard-life","Advanced","melody","1","4/4","4","","backing","469.2","B♭ major","B♭ major","0.18","no","yes","156","C2–C4","49","10","6","0","12","11","271","0.52","11","1.33","9","37","Beginner","22.4","11.7","9.7","85.1","85.1","54","156","16","9","13","0","92","44","63","93","42","46","yes","20","8","11","28","Beginner","Beginner",""
"queen-it-s-a-hard-life","Expert","melody","1","4/4","4","","backing","469.2","B♭ major","B♭ major","0.18","no","yes","205","C2–D4","48","8","3","0","12","14","45","0.09","11","1.75","8","37","Beginner","22.4","11.7","9.7","85.1","85.1","56","205","18","9","15","0","93","42","64","93","39","44","yes","21","13","25","35","Beginner","Beginner",""
"queen-killer-queen","Beginner","roots","2","12/8","6","","backing","481.2","B♭ major","B♭ major","0.06","no","yes","169","A#2–A3","50","8","23","0","9","1","500","1.38","3","1.4","58","37","Beginner","0","0","0","8.8","8.8","60","169","6","6","0","0","100","85","91","93","88","86","yes","18","0","0","0","Beginner","Beginner",""
"queen-killer-queen","Intermediate","bass","0","12/8","6","","backing","481.2","B♭ major","B♭ major","0.06","no","yes","195","C#2–D4","48","5","0","0","9","2","336","0.93","45.2","1.62","27","37","Beginner","0","0","0","1.5","1.5","90","195","18","10","20","1","90","74","82","90","82","75","yes","19","10","19","0","Beginner","Beginner",""
"queen-killer-queen","Advanced","melody","0","12/8","6","","backing","481.2","B♭ major","B♭ major","0.06","no","yes","120","C2–G3","46","6","0","0","11","9","333","0.92","6.6","1","39","37","Beginner","23.9","8.6","0","60","60","42","120","17","11","18","12","85","49","68","100","50","49","yes","28","30","26","14","Beginner","Beginner",""
"queen-killer-queen","Expert","melody","0","12/8","6","","backing","481.2","B♭ major","B♭ major","0.06","no","yes","130","C2–G3","46","6","0","0","11","9","168","0.46","6.6","1.08","43","37","Beginner","23.9","8.6","0","60","60","43","130","17","11","21","13","84","46","64","93","47","46","yes","27","28","27","16","Beginner","Beginner",""
"queen-made-in-heaven","Beginner","roots","4","4/4","4","","backing","387.9","A♭ major","A♭ major","0.05","no","yes","287","C#2–A#2","43","8","31","0","9","3","591","0.77","1.5","2.96","69","37","Beginner","6","4.6","0","8","8","61","287","6","6","44","0","85","83","83","92","92","85","no","13","42","121","0","Beginner","Intermediate","Beginner→Intermediate"
"queen-made-in-heaven","Intermediate","bass","2","4/4","4","","backing","387.9","A♭ major","A♭ major","0.05","no","yes","247","C2–F3","44","5","0","0","9","6","355","0.46","4","2.55","42","37","Beginner","0","0","0","21.5","21.5","85","247","16","11","50","11","80","79","80","92","92","79","yes","17","36","82","0","Beginner","Intermediate","Beginner→Intermediate"
"queen-made-in-heaven","Advanced","melody","1","4/4","4","","backing","387.9","A♭ major","A♭ major","0.05","no","yes","230","G#2–C4","53","10","167","0","12","3","250","0.32","5.2","2.37","27","37","Beginner","26","20","29.6","40.5","40.5","42","230","13","10","10","7","96","18","47","69","16","37","yes","3","0","0","38","Beginner","Intermediate","Beginner→Intermediate"
"queen-made-in-heaven","Expert","melody","1","4/4","4","","backing","387.9","A♭ major","A♭ major","0.05","no","yes","333","G2–C4","53","10","214","0","12","4","173","0.22","5.2","3.43","21","37","Intermediate","26","20","29.6","40.2","40.2","47","333","14","10","39","36","88","19","45","72","17","33","yes","13","0","0","53","Beginner","Intermediate","Beginner→Intermediate"
"queen-makin-whoopee","Beginner","roots","2","4/4","4","","backing","400","F major","F major","0.3","yes","yes","290","C2–A#2","41","5","0","0","9","1","500","0.83","1","2.9","47","37","Beginner","0","0","0","4","4","62","290","6","6","32","0","89","52","63","77","99","58","yes","47","78","131","0","Beginner","Beginner",""
"queen-makin-whoopee","Intermediate","bass","0","4/4","4","","backing","400","F major","F major","0.3","yes","yes","293","C2–D4","48","5","0","0","9","6","400","0.67","2.3","2.93","17","37","Beginner","0","0","0","8","8","90","293","24","12","61","10","79","45","55","71","95","50","yes","18","27","54","0","Beginner","Beginner",""
"queen-makin-whoopee","Advanced","melody","0","4/4","4","","backing","400","F major","F major","0.3","yes","yes","119","D2–C4","45","6","0","0","12","29","600","1","4","1.19","18","37","Beginner","14.8","8.8","3","66","66","46","119","14","7","14","0","88","43","68","77","5","46","yes","16","24","29","15","Beginner","Beginner",""
"queen-makin-whoopee","Expert","melody","0","4/4","4","","backing","400","F major","F major","0.3","yes","yes","217","C2–C4","44","6","0","0","12","23","150","0.25","4","2.17","6","37","Beginner","14.8","8.8","3","65.8","65.8","50","217","17","8","28","7","87","53","72","86","28","55","yes","30","44","48","30","Beginner","Beginner",""
"queen-my-friend","Beginner","roots","0","12/8","6","","backing","504.5","C major","C major","0.27","yes","yes","231","C2–D3","36","5","0","0","9","3","505","1.5","3","1.83","84","0","Beginner","0","0","0","5.5","5.5","72","231","5","5","0","0","100","76","91","97","75","76","yes","81","77","30","0","Beginner","Beginner",""
"queen-my-friend","Intermediate","bass","1","12/8","6","","backing","504.5","C major","C major","0.27","yes","yes","115","C2–D3","43","5","0","0","7","0","336","1","66","0.91","51","37","Beginner","0","0","0","78","78","78","115","9","7","6","0","95","83","83","100","73","83","no","29","35","33","0","Beginner","Beginner",""
"queen-my-friend","Advanced","melody","0","12/8","6","","backing","504.5","C major","C major","0.27","yes","yes","41","D2–C4","45","5","0","0","8","3","337","1","12.5","0.33","25","37","Beginner","12.5","4.2","0","129.2","129.2","34","41","10","7","1","0","98","32","63","98","32","32","yes","24","2","1","1","Beginner","Beginner",""
"queen-my-friend","Expert","melody","0","12/8","6","","backing","504.5","C major","C major","0.27","yes","yes","86","C2–C4","45","5","0","0","12","9","21","0.06","12.5","0.68","12","37","Beginner","12.5","4.2","0","129","129","36","86","15","8","1","0","99","30","51","90","27","37","yes","28","35","21","1","Beginner","Beginner",""
"queen-one-vision","Beginner","roots","1","4/4","4","","backing","551.3","D major","D major","0.11","no","yes","432","B2–A3","50","5","0","0","9","3","420","0.84","1.7","3.13","81","0","Beginner","0","0","3.3","8","3.8","65","432","5","5","55","0","87","82","88","95","85","85","yes","78","0","0","0","Beginner","Beginner",""
"queen-one-vision","Intermediate","bass","0","4/4","4","","backing","551.3","D major","D major","0.11","no","yes","330","C#2–D4","50","5","0","0","9","5","361","0.72","4","2.39","51","37","Beginner","0","0","0","8","1","91","330","19","10","51","0","85","72","78","92","86","74","yes","32","4","14","0","Beginner","Beginner",""
"queen-one-vision","Advanced","melody","1","4/4","4","","backing","551.3","D major","D major","0.11","no","yes","306","E2–A3","47","6","46","0","9","1","250","0.5","2","2.22","38","0","Beginner","103.4","51.7","18.7","67.1","61.8","36","306","11","10","83","0","73","60","70","90","98","60","yes","19","13","40","27","Beginner","Beginner",""
"queen-one-vision","Expert","melody","1","4/4","4","","backing","551.3","D major","D major","0.11","no","yes","358","E2–A3","47","6","50","0","9","1","125","0.25","2","2.6","43","0","Beginner","103.4","51.7","18.7","67.1","61.8","41","358","11","10","109","0","70","63","72","90","97","63","yes","17","13","45","28","Beginner","Beginner",""
"queen-play-the-game","Beginner","roots","3","4/4","4","","backing","256.9","C major","C major","0.3","yes","yes","168","F2–C3","45","5","0","0","7","0","614","0.82","1.5","2.62","57","37","Beginner","4","3","0","3","3","56","168","6","6","39","0","77","82","82","87","57","89","no","22","13","21","0","Intermediate","Intermediate",""
"queen-play-the-game","Intermediate","bass","1","4/4","4","","backing","256.9","C major","C major","0.3","yes","yes","235","C2–D4","45","5","0","0","9","4","336","0.45","4","3.66","41","37","Beginner","0","0","0","6.5","6.5","78","235","19","11","59","6","75","75","78","86","77","81","no","21","28","44","0","Intermediate","Intermediate",""
"queen-play-the-game","Advanced","melody","1","4/4","4","","backing","256.9","C major","C major","0.3","yes","yes","310","C2–D4","48","6","4","0","12","21","258","0.34","4.6","4.83","16","37","Beginner","0","0","0.1","1","1","71","310","23","11","43","13","86","42","62","77","18","45","yes","25","19","46","23","Intermediate","Intermediate",""
"queen-play-the-game","Expert","melody","1","4/4","4","","backing","256.9","C major","C major","0.3","yes","yes","486","C2–D4","47","6","4","0","12","18","15","0.02","4.6","7.57","16","37","Intermediate","0","0","0.1","1","1","80","486","25","12","78","24","84","40","59","73","22","43","yes","23","20","77","47","Intermediate","Intermediate",""
"queen-radio-gaga","Beginner","roots","2","4/4","4","","backing","640.1","F major","F major","0.33","yes","yes","578","A#2–G3","53","5","0","0","9","2","486","0.92","1.5","3.61","85","0","Beginner","0","0","0.1","4.4","4.4","71","578","6","6","50","50","91","80","86","89","92","80","yes","0","0","0","0","Beginner","Beginner",""
"queen-radio-gaga","Intermediate","bass","1","4/4","4","","backing","640.1","F major","F major","0.33","yes","yes","337","C2–A#3","46","8","6","0","9","1","343","0.65","8","2.11","68","37","Beginner","0","0","0.1","3.8","3.8","88","337","13","9","28","23","92","83","88","94","92","83","yes","12","33","109","0","Beginner","Beginner",""
"queen-radio-gaga","Advanced","melody","0","4/4","4","","backing","640.1","F major","F major","0.33","yes","yes","128","C2–F3","43","5","0","0","9","3","265","0.5","7.7","0.8","28","0","Beginner","24","12.7","0.5","37","37","70","128","11","8","5","0","96","18","66","95","15","49","yes","30","44","41","0","Beginner","Beginner",""
"queen-radio-gaga","Expert","melody","0","4/4","4","","backing","640.1","F major","F major","0.33","yes","yes","128","C2–F3","43","5","0","0","9","3","265","0.5","7.7","0.8","28","0","Beginner","24","12.7","0.5","37","37","70","128","11","8","5","0","96","18","66","95","15","49","yes","30","44","41","0","Beginner","Beginner",""
"queen-save-me","Beginner","roots","1","4/4","4","","backing","307.4","G major","G major","0.01","no","yes","233","G2–E3","48","5","0","0","9","3","549","0.75","1.5","3.03","54","0","Beginner","0","0","0","2.5","2.5","63","233","6","6","0","0","100","88","88","94","94","89","no","55","0","0","0","Beginner","Beginner",""
"queen-save-me","Intermediate","bass","0","4/4","4","","backing","307.4","G major","G major","0.01","no","yes","199","C2–D4","55","5","0","0","9","4","365","0.5","4.6","2.59","13","37","Beginner","0","0","0","2","2","96","199","18","9","12","8","94","70","77","95","87","71","yes","23","3","5","0","Beginner","Beginner",""
"queen-save-me","Advanced","melody","1","4/4","4","","backing","307.4","G major","G major","0.01","no","yes","158","C2–G3","50","6","12","0","12","16","278","0.38","4.5","2.06","15","0","Beginner","32.5","23.8","18.6","78.7","78.7","45","158","13","8","7","7","96","37","58","99","30","38","yes","23","8","12","7","Beginner","Beginner",""
"queen-save-me","Expert","melody","1","4/4","4","","backing","307.4","G major","G major","0.01","no","yes","200","C2–G3","50","6","7","0","12","16","46","0.06","4.6","2.6","21","0","Beginner","32.5","23.8","18.6","78.7","78.7","48","200","13","8","8","8","96","38","60","98","31","39","yes","22","11","19","9","Beginner","Beginner",""
"queen-the-miracle","Beginner","roots","4","4/4","4","","backing","471.2","D♭ major","D♭ major","0.1","no","yes","281","C2–F#3","39","4","0","0","9","5","435","0.67","1.5","2.39","78","37","Beginner","0","0","4","22","22","49","281","6","6","0","0","100","65","68","84","88","67","yes","17","58","113","0","Beginner","Beginner",""
"queen-the-miracle","Intermediate","bass","1","4/4","4","","backing","471.2","D♭ major","D♭ major","0.1","no","yes","215","C#2–C#4","44","5","0","0","9","8","367","0.56","7.5","1.82","43","37","Beginner","0","0","0","22.5","22.5","48","215","17","11","9","7","96","53","64","82","94","54","yes","2","39","83","0","Beginner","Beginner",""
"queen-the-miracle","Advanced","melody","1","4/4","4","","backing","471.2","D♭ major","D♭ major","0.1","no","yes","124","F#2–D4","54","9","110","0","12","8","326","0.5","8.1","1.05","22","37","Beginner","16","10.4","0","57.1","57.1","43","124","16","11","6","3","95","46","61","86","64","47","yes","2","6","8","13","Beginner","Beginner",""
"queen-the-miracle","Expert","melody","1","4/4","4","","backing","471.2","D♭ major","D♭ major","0.1","no","yes","130","F#2–D4","54","9","106","0","12","8","163","0.25","8.1","1.1","21","37","Beginner","16","10.4","0","57.1","57.1","44","130","16","11","9","6","93","48","63","87","65","49","yes","4","6","8","14","Beginner","Beginner",""
"queen-the-show-must-go-on","Beginner","roots","2","4/4","4","","backing","333","B minor","B minor","0.06","no","yes","291","E3–C#4","55","5","0","0","7","0","712","1","1","3.5","82","0","Beginner","0","0","0","5","5","68","291","6","6","0","0","100","98","98","99","91","98","no","6","0","0","0","Beginner","Beginner",""
"queen-the-show-must-go-on","Intermediate","bass","0","4/4","4","","backing","333","B minor","B minor","0.06","no","yes","84","B2–D4","54","5","0","0","8","2","710","0.99","8","1.01","11","0","Beginner","0","0","0","4","4","95","84","9","8","2","2","98","80","87","89","89","80","yes","13","0","0","0","Beginner","Beginner",""
"queen-the-show-must-go-on","Advanced","melody","1","4/4","4","","backing","333","B minor","B minor","0.06","no","yes","82","E2–D3","43","9","53","0","7","0","714","1","8","0.99","1","37","Beginner","0","0","2.2","3","3","96","82","9","9","7","2","91","77","84","87","90","77","yes","13","50","41","3","Beginner","Beginner",""
"queen-the-show-must-go-on","Expert","melody","1","4/4","4","","backing","333","B minor","B minor","0.06","no","yes","82","E2–D3","43","9","53","0","7","0","714","1","8","0.99","1","37","Beginner","0","0","2.2","3","3","97","82","9","9","7","2","91","77","84","87","90","77","yes","13","50","41","3","Beginner","Beginner",""
"queen-under-pressure","Beginner","roots","2","4/4","4","","backing","460","D major","D major","0.13","no","yes","341","D3–B3","55","5","0","0","9","1","442","0.83","1.5","2.97","86","0","Beginner","0","0","0","4.5","4.5","61","341","5","5","15","0","96","79","80","89","97","80","no","65","0","0","0","Beginner","Beginner",""
"queen-under-pressure","Intermediate","bass","0","4/4","4","","backing","460","D major","D major","0.13","no","yes","378","F2–D4","55","5","0","0","9","0","395","0.74","5","3.29","74","0","Beginner","0","0","0","1.5","1.5","63","378","13","9","21","0","94","67","69","87","92","70","no","36","4","16","0","Beginner","Beginner",""
"queen-under-pressure","Advanced","melody","1","4/4","4","","backing","460","D major","D major","0.13","no","yes","286","D2–C#4","52","6","6","0","12","11","265","0.5","6.9","2.49","14","0","Beginner","40","21.2","60.1","21.5","21.5","67","286","14","8","3","0","99","37","57","84","29","40","yes","28","1","2","26","Beginner","Beginner",""
"queen-under-pressure","Expert","melody","1","4/4","4","","backing","460","D major","D major","0.13","no","yes","288","D2–C#4","52","6","6","0","12","10","33","0.06","6.9","2.5","14","0","Beginner","40","21.2","60.1","21.5","21.5","67","288","14","8","3","0","99","38","58","84","29","40","yes","28","1","3","26","Beginner","Beginner",""
"queen-we-are-the-champions","Beginner","roots","2","6/8","3","yes","backing","287","F major","F major","0.1","no","yes","217","D#3–C4","57","5","0","0","9","1","486","0.8","1.5","3.02","72","37","Beginner","3","1.8","0","4.1","4.1","64","217","6","6","26","0","88","90","94","96","95","93","yes","8","0","0","0","Advanced","Advanced",""
"queen-we-are-the-champions","Intermediate","bass","0","6/8","3","yes","backing","287","F major","F major","0.1","no","yes","145","C2–C#4","45","5","0","0","9","8","334","0.55","10.6","2.02","43","37","Beginner","0","0","0","3.4","3.4","77","145","17","11","28","5","81","80","83","90","96","84","no","16","38","40","0","Advanced","Advanced",""
"queen-we-are-the-champions","Advanced","melody","1","6/8","3","yes","backing","287","F major","F major","0.1","no","yes","330","C2–D4","51","6","3","0","12","18","252","0.42","10.8","4.6","19","37","Intermediate","0","0","0.5","1.5","1.2","74","330","23","11","40","5","88","37","55","76","32","43","yes","18","9","21","55","Advanced","Advanced",""
"queen-we-are-the-champions","Expert","melody","1","6/8","3","yes","backing","287","F major","F major","0.1","no","yes","556","C2–D4","50","6","3","0","12","20","12","0.02","10.8","7.75","12","37","Advanced","0","0","0.5","1.5","1","80","556","25","12","112","9","80","38","53","70","33","44","yes","17","17","75","103","Advanced","Advanced",""
"queen-we-will-rock-you","Beginner","roots","2","4/4","4","","backing","147.6","A major","A major","0.21","yes","yes","109","G2–C4","52","4","0","0","9","15","555","0.75","1.5","2.95","69","0","Beginner","1","0.7","0","2","2","62","109","6","6","14","0","87","94","97","97","98","94","yes","44","0","0","0","Beginner","Beginner",""
"queen-we-will-rock-you","Intermediate","bass","0","4/4","4","","backing","147.6","A major","A major","0.21","yes","yes","129","C#2–A3","52","5","0","0","9","2","370","0.5","7","3.5","45","37","Beginner","0","0","0","1","1","90","129","10","8","11","0","91","96","99","100","99","96","yes","15","5","6","0","Beginner","Beginner",""
"queen-we-will-rock-you","Advanced","melody","0","4/4","4","","backing","147.6","A major","A major","0.21","yes","yes","122","E2–A3","52","5","0","0","12","3","370","0.5","1","3.31","46","0","Beginner","0","0","38.6","3.5","3.5","45","122","9","6","15","0","88","96","97","100","86","96","yes","24","2","3","0","Beginner","Beginner",""
"queen-we-will-rock-you","Expert","melody","0","4/4","4","","backing","147.6","A major","A major","0.21","yes","yes","180","E2–A3","52","5","0","0","12","4","185","0.25","1","4.88","35","0","Beginner","0","0","38.6","3","3","56","180","9","6","18","0","90","96","97","99","88","96","yes","32","3","6","0","Beginner","Beginner",""
"queen-who-wants-to-live-forever","Beginner","roots","0","4/4","4","","backing","339.4","E minor","E minor","0.13","no","yes","277","G2–E3","50","5","0","0","9","3","679","0.77","1.4","3.26","76","0","Beginner","0.2","0.2","0","4.3","4.3","64","277","6","6","0","0","100","87","95","98","98","88","yes","33","0","0","0","Beginner","Beginner",""
"queen-who-wants-to-live-forever","Intermediate","bass","2","4/4","4","","backing","339.4","E minor","E minor","0.13","no","yes","94","C#2–D4","50","5","0","0","9","11","416","0.47","11.3","1.11","3","37","Beginner","0","0","94.5","12.8","12.8","66","94","17","9","16","12","83","63","73","79","99","64","yes","12","6","6","0","Beginner","Beginner",""
"queen-who-wants-to-live-forever","Advanced","melody","0","4/4","4","","backing","339.4","E minor","E minor","0.13","no","yes","70","D2–D4","52","6","0","0","12","22","416","0.47","15.1","0.83","4","0","Beginner","0.2","0.2","7.6","49.1","49.1","70","70","16","8","1","0","99","51","76","87","60","51","yes","17","7","5","2","Beginner","Beginner",""
"queen-who-wants-to-live-forever","Expert","melody","0","4/4","4","","backing","339.4","E minor","E minor","0.13","no","yes","72","D2–D4","54","6","0","0","12","18","208","0.24","15.1","0.85","4","0","Beginner","0.2","0.2","7.6","49.1","49.1","70","72","16","8","1","0","99","53","76","88","60","53","yes","19","7","5","2","Beginner","Beginner",""
"queens-of-the-stone-age-a-song-for-the-deaf","Beginner","roots","3","6/8","3","yes","backing","450","C minor","C minor","0.04","no","yes","336","A#2–G3","51","5","0","0","6","0","450","0.75","1","2.99","50","37","Beginner","0","0","0","1.5","1.5","67","336","6","6","66","0","80","95","95","99","99","95","no","0","0","0","0","Intermediate","Advanced","Intermediate→Advanced"
"queens-of-the-stone-age-a-song-for-the-deaf","Intermediate","bass","0","6/8","3","yes","backing","450","C minor","C minor","0.04","no","yes","263","C2–C3","36","5","0","0","8","1","450","0.75","6","2.34","29","37","Beginner","0","0","0","1.5","0.8","74","263","8","7","66","0","75","91","91","98","99","91","no","55","85","88","0","Intermediate","Advanced","Intermediate→Advanced"
"queens-of-the-stone-age-a-song-for-the-deaf","Advanced","melody","0","6/8","3","yes","backing","450","C minor","C minor","0.04","no","yes","604","C2–E3","39","6","0","0","12","2","300","0.5","3","5.37","33","37","Intermediate","0","0","0","3","1.3","74","604","10","7","265","195","56","84","85","92","94","86","no","27","80","372","195","Intermediate","Advanced","Intermediate→Advanced"
"queens-of-the-stone-age-a-song-for-the-deaf","Expert","melody","0","6/8","3","yes","backing","450","C minor","C minor","0.04","no","yes","975","C2–G3","44","6","0","0","12","27","150","0.25","3","8.67","27","37","Advanced","0","0","0","3","1","99","975","11","8","336","196","66","87","87","94","96","88","no","20","42","274","216","Intermediate","Advanced","Intermediate→Advanced"
"queens-of-the-stone-age-go-with-the-flow","Beginner","roots","3","4/4","4","","backing","485.2","E minor","E minor","0.09","no","yes","214","C3–A3","52","5","0","0","9","10","566","1.5","3","1.76","59","0","Beginner","0","0","0","3","3","73","214","4","4","0","0","100","93","94","96","99","97","no","20","0","0","0","Beginner","Beginner",""
"queens-of-the-stone-age-go-with-the-flow","Intermediate","bass","0","4/4","4","","backing","485.2","E minor","E minor","0.09","no","yes","174","E2–C4","52","5","0","0","9","14","370","0.98","8","1.43","23","0","Beginner","0","0","0","0.5","0.5","97","174","9","6","0","0","100","76","87","94","99","81","yes","17","7","12","0","Beginner","Beginner",""
"queens-of-the-stone-age-go-with-the-flow","Advanced","melody","1","4/4","4","","backing","485.2","E minor","E minor","0.09","no","yes","83","D2–B3","50","6","7","0","12","11","377","1","4","0.68","11","37","Beginner","9.5","3.6","2.9","32","32","52","83","16","9","5","1","94","23","63","83","14","41","yes","24","10","8","3","Beginner","Beginner",""
"queens-of-the-stone-age-go-with-the-flow","Expert","melody","1","4/4","4","","backing","485.2","E minor","E minor","0.09","no","yes","95","D2–B3","50","6","7","0","12","10","94","0.25","4","0.78","12","37","Beginner","9.5","3.6","2.9","32","32","54","95","16","9","5","1","95","22","58","79","15","37","yes","22","11","10","2","Beginner","Beginner",""
"queens-of-the-stone-age-song-for-the-dead","Beginner","roots","0","4/4","4","","backing","1211","C minor","C minor","0.1","no","yes","509","C2–G2","36","3","0","0","7","0","428","1.5","3","1.68","94","0","Beginner","0","0","0","5","5","64","509","3","3","0","0","100","79","92","92","90","81","yes","96","99","18","0","Intermediate","Intermediate",""
"queens-of-the-stone-age-song-for-the-dead","Intermediate","bass","2","4/4","4","","backing","1211","C minor","C minor","0.1","no","yes","365","F3–C#4","60","5","0","0","7","0","428","1.5","6","1.21","64","37","Beginner","0","0","268","35","35","64","365","7","7","56","45","85","86","95","95","94","88","yes","0","0","0","0","Intermediate","Intermediate",""
"queens-of-the-stone-age-song-for-the-dead","Advanced","melody","1","4/4","4","","backing","1211","C minor","C minor","0.1","no","yes","670","C2–C#4","41","9","108","0","12","14","285","1","8","2.21","25","37","Beginner","109","31.1","3","22","16.8","60","670","14","8","28","7","96","85","99","100","61","85","yes","54","63","120","39","Intermediate","Intermediate",""
"queens-of-the-stone-age-song-for-the-dead","Expert","melody","1","4/4","4","","backing","1211","C minor","C minor","0.1","no","yes","879","C2–C#4","41","9","190","0","12","11","142","0.5","8","2.9","34","37","Intermediate","109","31.1","3","22","16.8","70","879","14","8","49","7","94","88","100","100","68","89","yes","52","61","139","61","Intermediate","Intermediate",""
"rage-against-the-machine-bulls-on-parade","Beginner","roots","1","4/4","4","","backing","320","F♯ minor","F♯ minor","0.05","no","yes","269","E3–B3","54","4","0","0","5","0","549","0.75","1.1","3.36","78","0","Beginner","0","0","0","1.5","1.5","66","269","4","4","0","0","100","95","96","100","99","95","yes","5","0","0","0","Intermediate","Advanced","Intermediate→Advanced"
"rage-against-the-machine-bulls-on-parade","Intermediate","bass","1","4/4","4","","backing","320","F♯ minor","F♯ minor","0.05","no","yes","366","A2–B3","54","5","0","0","9","7","358","0.49","2.3","4.58","62","0","Beginner","0","0","0","0.8","0.8","82","366","9","7","28","16","92","93","95","100","99","93","yes","1","0","0","0","Intermediate","Advanced","Intermediate→Advanced"
"rage-against-the-machine-bulls-on-parade","Advanced","melody","1","4/4","4","","backing","320","F♯ minor","F♯ minor","0.05","no","yes","342","E2–B3","42","9","279","0","12","19","304","0.42","2","4.28","43","0","Intermediate","0","0","0","16","16","62","342","10","6","24","12","93","92","95","100","100","92","yes","4","73","249","24","Intermediate","Advanced","Intermediate→Advanced"
"rage-against-the-machine-bulls-on-parade","Expert","melody","1","4/4","4","","backing","320","F♯ minor","F♯ minor","0.05","no","yes","560","E2–B3","42","6","366","0","12","23","122","0.17","2","7","39","0","Advanced","0","0","0","16","16","79","560","11","7","28","16","95","90","92","99","100","91","yes","4","65","364","32","Intermediate","Advanced","Intermediate→Advanced"
"rage-against-the-machine-killing-in-the-name-of","Beginner","roots","1","4/4","4","","backing","610.1","D minor","D minor","0.15","no","yes","430","A#2–F3","50","5","0","0","4","0","423","0.83","1.6","2.82","73","0","Beginner","0","0","0","2.5","2.5","59","430","6","6","19","19","96","93","96","97","100","93","yes","83","0","0","0","Intermediate","Intermediate",""
"rage-against-the-machine-killing-in-the-name-of","Intermediate","bass","0","4/4","4","","backing","610.1","D minor","D minor","0.15","no","yes","509","F2–A#3","50","5","0","0","9","7","334","0.66","16","3.34","51","0","Beginner","0","0","0","2","2","73","509","10","8","32","32","94","87","89","90","99","88","yes","72","3","17","0","Intermediate","Intermediate",""
"rage-against-the-machine-killing-in-the-name-of","Advanced","melody","0","4/4","4","","backing","610.1","D minor","D minor","0.15","no","yes","573","D2–A#3","50","6","0","0","12","20","253","0.5","4","3.76","49","37","Intermediate","0","0","0","4","4","49","573","14","9","42","41","93","91","95","97","95","91","yes","60","27","157","18","Intermediate","Intermediate",""
"rage-against-the-machine-killing-in-the-name-of","Expert","melody","0","4/4","4","","backing","610.1","D minor","D minor","0.15","no","yes","1011","D2–D4","50","6","0","0","12","13","109","0.21","4","6.63","48","37","Intermediate","0","0","0","3.6","3.6","71","1011","18","10","70","50","93","86","90","92","97","87","yes","62","19","197","27","Intermediate","Intermediate",""
"rage-against-the-machine-know-your-enemy","Beginner","roots","3","4/4","4","","backing","374.1","A major","A major","0.01","no","yes","239","B2–A3","54","5","0","0","9","3","503","0.69","1.5","2.56","42","0","Beginner","0","0","0","2.7","2.7","52","239","5","5","21","0","91","83","85","88","86","88","no","21","0","0","0","Intermediate","Advanced","Intermediate→Advanced"
"rage-against-the-machine-know-your-enemy","Intermediate","bass","1","4/4","4","","backing","374.1","A major","A major","0.01","no","yes","402","A2–C#4","52","5","0","0","9","16","354","0.48","5.6","4.3","20","0","Beginner","0","0","0","1.5","1.5","78","402","10","7","44","0","89","91","91","94","94","93","no","0","0","0","0","Intermediate","Advanced","Intermediate→Advanced"
"rage-against-the-machine-know-your-enemy","Advanced","melody","1","4/4","4","","backing","374.1","A major","A major","0.01","no","yes","525","E2–B3","42","9","289","0","12","10","256","0.35","5.6","5.61","16","0","Intermediate","0","0","0","8.6","8.6","63","525","11","7","57","0","89","99","99","99","94","99","no","1","55","287","148","Intermediate","Advanced","Intermediate→Advanced"
"rage-against-the-machine-know-your-enemy","Expert","melody","1","4/4","4","","backing","374.1","A major","A major","0.01","no","yes","626","E2–B3","42","9","366","0","12","12","128","0.17","5.6","6.69","16","0","Advanced","0","0","0","8.6","8.6","70","626","11","7","61","0","90","98","98","99","94","98","no","1","58","364","171","Intermediate","Advanced","Intermediate→Advanced"
"rage-against-the-machine-take-the-power-back","Beginner","roots","6","4/8","2","yes","backing","584.5","D♭ major","D♭ major","0.02","no","yes","443","G2–C#4","51","8","296","0","8","0","550","1","1.5","3.03","76","37","Beginner","0","0","2.5","20","20","65","443","6","6","4","2","99","67","68","68","66","78","no","0","0","0","0","Intermediate","Advanced","Intermediate→Advanced"
"rage-against-the-machine-take-the-power-back","Intermediate","bass","2","4/8","2","yes","backing","584.5","D♭ major","D♭ major","0.02","no","yes","264","G2–C#4","51","8","98","0","9","3","412","0.75","2","1.81","57","37","Beginner","0","0","61","105.3","105.3","49","264","8","8","10","8","96","64","65","65","51","82","no","3","0","0","0","Intermediate","Advanced","Intermediate→Advanced"
"rage-against-the-machine-take-the-power-back","Advanced","melody","1","4/8","2","yes","backing","584.5","D♭ major","D♭ major","0.02","no","yes","647","C#2–D4","51","8","508","0","12","10","275","0.5","16","4.43","38","37","Advanced","21","11.6","0","52","52","53","647","16","10","41","31","94","85","93","95","74","85","yes","6","7","44","97","Intermediate","Advanced","Intermediate→Advanced"
"rage-against-the-machine-take-the-power-back","Expert","melody","1","4/8","2","yes","backing","584.5","D♭ major","D♭ major","0.02","no","yes","828","C#2–D4","51","8","638","0","12","9","103","0.19","16","5.67","47","37","Advanced","21","11.6","0","52","52","58","828","16","10","41","31","95","82","94","96","71","82","yes","4","6","48","124","Intermediate","Advanced","Intermediate→Advanced"
"rammstein-deutschland","Beginner","roots","2","4/4","4","","backing","634","D minor","D minor","0.08","no","yes","636","G2–D#3","50","5","0","0","7","0","500","1","1","4.01","89","37","Beginner","0","0","-6","2","2","75","636","6","6","132","132","79","86","87","94","99","90","no","53","0","0","0","Advanced","Advanced",""
"rammstein-deutschland","Intermediate","bass","0","4/4","4","","backing","634","D minor","D minor","0.08","no","yes","116","C2–D#3","48","5","0","0","9","4","500","1","16","0.73","39","37","Beginner","0","0","-6","0","0","101","116","10","7","21","21","82","95","95","97","98","96","no","47","31","29","0","Advanced","Advanced",""
"rammstein-deutschland","Advanced","melody","0","4/4","4","","backing","634","D minor","D minor","0.08","no","yes","830","D2–D4","38","5","0","0","12","27","250","0.5","6","5.24","40","37","Beginner","0","0","-6","64","64","51","830","13","7","3","3","100","45","57","65","39","47","yes","2","67","558","11","Advanced","Advanced",""
"rammstein-deutschland","Expert","melody","0","4/4","4","","backing","634","D minor","D minor","0.08","no","yes","1834","D2–D4","38","5","0","0","12","31","125","0.25","6","11.57","30","37","Advanced","0","0","-6","64","64","91","1834","13","7","3","3","100","43","54","64","37","47","yes","9","61","1116","11","Advanced","Advanced",""
"rammstein-du-hast","Beginner","roots","2","4/4","4","","backing","486.8","E minor","E minor","0.36","yes","yes","354","G2–A3","52","5","0","0","9","3","437","0.87","1.5","2.91","88","0","Beginner","0","0","0.8","1","1","67","354","6","6","0","0","100","94","95","96","91","97","no","24","0","0","0","Intermediate","Intermediate",""
"rammstein-du-hast","Intermediate","bass","0","4/4","4","","backing","486.8","E minor","E minor","0.36","yes","yes","240","E2–D3","40","5","0","0","7","0","500","1","4","1.97","32","0","Beginner","0","0","0","1","1","86","240","6","6","0","0","100","92","94","94","96","98","no","3","50","121","0","Intermediate","Intermediate",""
"rammstein-du-hast","Advanced","melody","0","4/4","4","","backing","486.8","E minor","E minor","0.36","yes","yes","609","E2–C4","45","5","0","0","12","18","250","0.5","0.5","5","57","0","Intermediate","36","18","6.8","68","68","39","609","11","6","0","0","100","99","99","99","93","100","no","11","36","221","0","Intermediate","Intermediate",""
"rammstein-du-hast","Expert","melody","0","4/4","4","","backing","486.8","E minor","E minor","0.36","yes","yes","808","E2–C4","45","5","0","0","12","13","125","0.25","0.5","6.64","68","0","Intermediate","36","18","6.8","68","68","49","808","11","6","0","0","100","99","99","99","92","100","no","8","40","326","0","Intermediate","Intermediate",""
"rammstein-ich-tu-dir-weh","Beginner","roots","0","4/4","4","","backing","524","D minor","D minor","0.13","no","yes","496","A#2–A3","50","5","0","0","9","2","454","0.83","1","3.79","83","0","Beginner","4","2.2","0","4","4","72","496","6","6","0","0","100","87","90","94","92","89","yes","69","0","0","0","Beginner","Beginner",""
"rammstein-ich-tu-dir-weh","Intermediate","bass","0","4/4","4","","backing","524","D minor","D minor","0.13","no","yes","181","C2–D#3","41","5","0","0","9","6","363","0.67","76","1.38","41","37","Beginner","0","0","0","2","0.3","98","181","11","9","11","9","94","83","84","93","86","89","no","25","57","98","0","Beginner","Beginner",""
"rammstein-ich-tu-dir-weh","Advanced","melody","0","4/4","4","","backing","524","D minor","D minor","0.13","no","yes","126","D2–E3","43","6","0","0","12","18","363","0.67","4","0.96","4","37","Beginner","0","0","24","48","48","50","126","14","11","23","11","82","86","90","96","63","88","yes","30","28","35","20","Beginner","Beginner",""
"rammstein-ich-tu-dir-weh","Expert","melody","0","4/4","4","","backing","524","D minor","D minor","0.13","no","yes","226","C#2–E3","44","6","0","0","12","7","181","0.33","4","1.73","1","37","Beginner","0","0","24","48","48","57","226","15","12","60","38","73","89","92","95","69","91","yes","28","27","60","53","Beginner","Beginner",""
"rammstein-rammlied","Beginner","roots","4","4/4","4","","backing","442","D minor","D minor","0.13","no","yes","399","C2–D3","38","5","0","0","9","1","500","0.88","1.2","3.61","86","37","Beginner","0","0","0","2","2","70","399","7","5","124","0","69","94","94","98","98","95","no","26","72","276","0","Beginner","Beginner",""
"rammstein-rammlied","Intermediate","bass","0","4/4","4","","backing","442","D minor","D minor","0.13","no","yes","191","C2–A2","38","5","0","0","5","0","571","1","10","1.73","52","37","Beginner","0","0","0","0.5","0.5","96","191","7","7","72","10","62","100","100","100","97","100","no","16","92","157","0","Beginner","Beginner",""
"rammstein-rammlied","Advanced","melody","1","4/4","4","","backing","442","D minor","D minor","0.13","no","yes","107","G2–A#3","46","8","12","0","11","9","285","0.5","2","0.97","0","37","Beginner","32","18.3","10","80","80","37","107","8","5","0","0","100","45","65","65","10","45","yes","22","0","0","2","Beginner","Beginner",""
"rammstein-rammlied","Expert","melody","1","4/4","4","","backing","442","D minor","D minor","0.13","no","yes","107","G2–A#3","46","8","12","0","11","9","285","0.5","2","0.97","0","37","Beginner","32","18.3","10","80","80","38","107","8","5","0","0","100","45","65","65","10","45","yes","22","0","0","2","Beginner","Beginner",""
"rammstein-sonne","Beginner","roots","1","4/4","4","","backing","672","B minor","B minor","0.22","yes","yes","443","B2–G3","50","5","0","0","8","3","420","1.05","1.5","2.64","74","0","Beginner","0","0","0","8","8","67","443","6","6","31","31","93","84","94","95","100","88","yes","35","0","0","0","Beginner","Beginner",""
"rammstein-sonne","Intermediate","bass","0","4/4","4","","backing","672","B minor","B minor","0.22","yes","yes","256","C2–G3","44","5","0","0","9","7","400","1","4.5","1.52","29","37","Beginner","0","0","0","4","4","94","256","13","9","69","14","73","82","90","93","98","85","yes","20","35","81","0","Beginner","Beginner",""
"rammstein-sonne","Advanced","melody","1","4/4","4","","backing","672","B minor","B minor","0.22","yes","yes","88","F#2–D4","54","6","12","0","11","13","266","0.67","14","0.52","9","0","Beginner","44","17.6","0","75.5","75.5","28","88","13","8","2","2","98","17","42","64","17","42","no","20","7","6","4","Beginner","Beginner",""
"rammstein-sonne","Expert","melody","1","4/4","4","","backing","672","B minor","B minor","0.22","yes","yes","108","F#2–D4","53","9","34","0","11","13","200","0.5","14","0.64","6","0","Beginner","44","17.6","0","75.5","75.5","29","108","13","8","2","2","98","14","34","55","14","44","no","17","7","8","4","Beginner","Beginner",""
"red-hot-chili-peppers-aeroplane","Beginner","roots","0","4/4","4","","backing","480.9","F major","F major","0.02","no","yes","364","F2–D3","46","5","0","0","9","1","455","0.75","1.5","3.03","52","0","Beginner","0","0","0","2.6","2.6","66","364","6","6","0","0","100","69","76","82","69","73","yes","38","11","41","0","Intermediate","Intermediate",""
"red-hot-chili-peppers-aeroplane","Intermediate","bass","0","4/4","4","","backing","480.9","F major","F major","0.02","no","yes","352","C2–D4","48","5","0","0","9","9","353","0.58","12.2","2.93","19","37","Beginner","0","0","0","3.5","3.5","78","352","22","12","38","6","89","61","66","86","84","64","yes","17","9","30","0","Intermediate","Intermediate",""
"red-hot-chili-peppers-aeroplane","Advanced","melody","0","4/4","4","","backing","480.9","F major","F major","0.02","no","yes","401","E2–D4","51","6","0","0","12","12","252","0.42","12.3","3.34","27","37","Beginner","0.4","0.2","1.2","63.3","63.3","53","401","21","11","52","9","87","55","61","84","87","59","yes","14","7","29","55","Intermediate","Intermediate",""
"red-hot-chili-peppers-aeroplane","Expert","melody","0","4/4","4","","backing","480.9","F major","F major","0.02","no","yes","631","E2–D4","51","6","0","0","12","9","25","0.04","12.3","5.25","29","37","Intermediate","0.4","0.2","1.2","63.3","63.3","61","631","23","12","115","27","82","52","59","79","83","56","yes","14","6","35","107","Intermediate","Intermediate",""
"red-hot-chili-peppers-higher-ground","Beginner","roots","2","4/4","4","","backing","469.6","E minor","E minor","0.18","no","yes","232","E3–A3","52","4","0","0","5","0","420","0.98","1.7","1.98","87","0","Beginner","0","0","0","4.3","4.3","43","232","3","3","0","0","100","94","95","95","97","97","no","11","0","0","0","Expert","Expert",""
"red-hot-chili-peppers-higher-ground","Intermediate","bass","0","4/4","4","","backing","469.6","E minor","E minor","0.18","no","yes","454","C#2–A3","43","5","0","0","9","3","428","1","4","3.87","33","37","Beginner","0","0","0","0.7","0.7","53","454","12","8","4","0","99","85","88","91","99","90","no","30","36","164","0","Expert","Expert",""
"red-hot-chili-peppers-higher-ground","Advanced","melody","0","4/4","4","","backing","469.6","E minor","E minor","0.18","no","yes","448","E2–D4","45","6","0","0","12","47","285","0.67","1","3.82","6","0","Intermediate","0","0","22.3","0.8","0.8","49","448","13","8","8","0","98","87","91","93","98","93","no","28","20","88","12","Expert","Expert",""
"red-hot-chili-peppers-higher-ground","Expert","melody","0","4/4","4","","backing","469.6","E minor","E minor","0.18","no","yes","1062","E2–D4","45","6","0","0","12","37","142","0.33","1","9.05","37","0","Expert","0","0","21.7","0.3","0.3","92","1062","16","8","16","0","98","89","90","95","97","92","no","25","25","264","36","Expert","Expert",""
"red-hot-chili-peppers-under-the-bridge","Beginner","roots","2","4/4","4","","backing","273.5","B major","B major","0.01","no","yes","220","D3–C#4","57","4","0","0","9","1","670","0.78","1.5","3.22","53","0","Beginner","0","0","0","2.2","2.2","69","220","6","6","48","0","78","82","85","86","88","84","yes","22","0","0","0","Intermediate","Intermediate",""
"red-hot-chili-peppers-under-the-bridge","Intermediate","bass","1","4/4","4","","backing","273.5","B major","B major","0.01","no","yes","229","G#2–C#4","57","4","0","0","9","17","369","0.43","10.5","3.35","31","37","Beginner","0","0","0","1.5","1.5","98","229","9","7","32","0","86","66","69","75","90","66","yes","10","0","0","0","Intermediate","Intermediate",""
"red-hot-chili-peppers-under-the-bridge","Advanced","melody","1","4/4","4","","backing","273.5","B major","B major","0.01","no","yes","238","C#2–C#4","54","8","25","0","12","7","337","0.39","6.4","3.48","28","37","Beginner","0","0","5.1","1.3","1.3","65","238","15","8","20","0","92","10","91","98","13","82","yes","2","16","37","53","Intermediate","Intermediate",""
"red-hot-chili-peppers-under-the-bridge","Expert","melody","1","4/4","4","","backing","273.5","B major","B major","0.01","no","yes","411","C#2–C#4","54","9","67","0","12","12","12","0.01","6.4","6.01","20","37","Intermediate","0","0","5.1","1.3","1.3","68","411","17","8","37","0","91","21","76","99","15","56","yes","4","11","46","140","Intermediate","Intermediate",""
"reeve-carney-wedding-song","Beginner","roots","0","4/4","4","","backing","439","C major","C major","0.14","no","yes","402","F2–E3","48","5","0","0","7","0","535","0.75","1.5","3.66","57","0","Beginner","0","0","0","1","1","68","402","6","6","0","0","100","84","96","99","97","85","yes","51","3","11","0","Beginner","Beginner",""
"reeve-carney-wedding-song","Intermediate","bass","0","4/4","4","","backing","439","C major","C major","0.14","no","yes","444","G2–A3","50","5","0","0","7","0","357","0.5","1.5","4.05","57","0","Beginner","0","0","0","0","0","99","444","8","6","0","0","100","56","74","76","92","72","yes","29","0","0","0","Beginner","Beginner",""
"reeve-carney-wedding-song","Advanced","melody","0","4/4","4","","backing","439","C major","C major","0.14","no","yes","170","C2–F3","45","6","0","0","11","16","291","0.41","3.9","1.55","8","0","Beginner","1","0.7","7","145.1","145.1","37","170","14","10","10","2","94","33","48","70","28","35","yes","27","25","32","2","Beginner","Beginner",""
"reeve-carney-wedding-song","Expert","melody","0","4/4","4","","backing","439","C major","C major","0.14","no","yes","172","C2–F3","45","6","0","0","11","16","130","0.18","3.9","1.57","8","0","Beginner","1","0.7","7","145.1","145.1","37","172","14","10","10","2","94","33","47","70","29","34","yes","28","24","32","2","Beginner","Beginner",""
"rent-rent","Beginner","roots","2","4/4","4","","backing","185","D minor","F major","0.02","no","no","141","B2–C#4","48","5","0","0","9","2","573","0.92","1.5","3.05","64","0","Beginner","0","0","0","1.8","1.8","65","141","6","6","5","0","96","57","70","90","91","58","yes","33","0","0","0","Intermediate","Intermediate",""
"rent-rent","Intermediate","bass","0","4/4","4","","backing","185","D minor","F major","0.02","no","no","165","C#2–D4","60","5","0","0","8","1","468","0.75","4","3.57","41","37","Beginner","0","0","0","2.3","2.3","83","165","12","7","29","0","82","50","62","80","93","50","yes","5","1","1","0","Intermediate","Intermediate",""
"rent-rent","Advanced","melody","0","4/4","4","","backing","185","D minor","F major","0.02","no","no","220","C2–D4","50","6","0","0","12","36","312","0.5","4","4.76","37","37","Beginner","0","0","0","1","1","78","220","17","8","6","0","97","45","55","68","53","48","yes","28","29","29","3","Intermediate","Intermediate",""
"rent-rent","Expert","melody","0","4/4","4","","backing","185","D minor","F major","0.02","no","no","329","C2–D4","50","6","0","0","12","29","156","0.25","4","7.11","31","37","Intermediate","0","0","0","0.5","0.5","94","329","19","10","42","0","87","50","60","72","56","53","yes","27","33","57","18","Intermediate","Intermediate",""
"royal-blood-come-on-over","Beginner","roots","2","2/4","2","yes","backing","220.5","G major","G major","0.17","no","yes","192","C2–F#3","43","5","0","0","8","1","769","1","1.2","3.48","74","0","Beginner","0","0","0.7","4","4","71","192","6","6","48","0","75","86","87","89","94","93","no","53","39","29","0","Intermediate","Advanced","Intermediate→Advanced"
"royal-blood-come-on-over","Intermediate","bass","0","2/4","2","yes","backing","220.5","G major","G major","0.17","no","yes","253","E2–G3","51","5","0","0","8","1","384","0.5","4","4.59","68","37","Beginner","0","0","0","1","1","69","253","12","9","64","0","75","74","75","79","88","81","no","5","1","3","0","Intermediate","Advanced","Intermediate→Advanced"
"royal-blood-come-on-over","Advanced","melody","1","2/4","2","yes","backing","220.5","G major","G major","0.17","no","yes","183","F2–B3","54","8","69","0","12","31","384","0.5","0.5","3.32","51","37","Beginner","44.5","34.2","0.1","32.2","32.2","20","183","14","8","47","0","74","21","56","93","16","35","yes","14","8","15","6","Intermediate","Advanced","Intermediate→Advanced"
"royal-blood-come-on-over","Expert","melody","1","2/4","2","yes","backing","220.5","G major","G major","0.17","no","yes","290","F2–B3","54","8","110","0","12","65","192","0.25","0.5","5.26","5","37","Advanced","44.5","34.2","0.1","32.2","32.2","27","290","14","8","73","0","75","25","61","92","20","36","yes","17","11","33","42","Intermediate","Advanced","Intermediate→Advanced"
"sepultura-machine-messiah","Beginner","roots","2","4/4","4","","backing","1290.7","E minor","E minor","0.28","yes","yes","730","F2–E3","48","5","0","0","9","3","424","0.96","1.9","2.26","84","0","Beginner","0","0","0.7","23.2","23.2","46","730","6","6","19","19","97","67","77","87","86","73","yes","28","3","19","0","Beginner","Beginner",""
"sepultura-machine-messiah","Intermediate","bass","0","4/4","4","","backing","1290.7","E minor","E minor","0.28","yes","yes","833","C2–D4","52","5","0","0","9","4","352","0.8","24.6","2.58","54","37","Beginner","0","0","0","10.2","10.2","86","833","24","12","116","50","86","65","72","83","93","69","yes","22","14","104","0","Beginner","Beginner",""
"sepultura-machine-messiah","Advanced","melody","1","4/4","4","","backing","1290.7","E minor","E minor","0.28","yes","yes","112","C2–C4","45","6","27","0","12","16","266","0.6","0.6","0.35","27","37","Beginner","68","30","0","419.7","386.4","2","112","20","11","11","1","90","76","76","78","88","77","no","21","37","39","13","Beginner","Beginner",""
"sepultura-machine-messiah","Expert","melody","1","4/4","4","","backing","1290.7","E minor","E minor","0.28","yes","yes","295","C2–C4","45","6","56","0","12","5","133","0.3","0.6","0.91","1","37","Beginner","68","30","0","418.8","386.1","6","295","20","11","22","4","93","79","79","86","90","79","no","22","28","81","31","Beginner","Beginner",""
"sepultura-roots-bloody-roots","Beginner","roots","3","4/4","4","","backing","407.5","F major","F major","0.02","no","yes","222","E3–A#3","53","5","0","0","5","0","423","0.87","1.5","2.18","79","37","Beginner","0.3","0.1","0","2","2","54","222","6","6","7","7","97","99","99","100","100","99","no","3","0","0","0","Intermediate","Intermediate",""
"sepultura-roots-bloody-roots","Intermediate","bass","0","4/4","4","","backing","407.5","F major","F major","0.02","no","yes","293","F2–F#3","53","5","0","0","9","5","362","0.75","3.5","2.88","62","37","Beginner","0","0","0","1.5","1.5","78","293","8","7","34","29","88","99","99","100","100","99","no","0","1","4","0","Intermediate","Intermediate",""
"sepultura-roots-bloody-roots","Advanced","melody","0","4/4","4","","backing","407.5","F major","F major","0.02","no","yes","350","E2–A#3","41","6","0","0","12","5","362","0.75","1","3.44","53","37","Beginner","0","0","0","4","4","46","350","14","10","37","35","89","86","95","97","86","86","yes","3","59","206","10","Intermediate","Intermediate",""
"sepultura-roots-bloody-roots","Expert","melody","1","4/4","4","","backing","407.5","F major","F major","0.02","no","yes","782","E2–A#3","41","6","52","0","12","2","120","0.25","1","7.68","41","37","Intermediate","0","0","0","3.5","3.5","86","782","15","11","65","35","92","87","95","96","89","87","yes","3","60","471","22","Intermediate","Intermediate",""
"slipknot-before-i-forget-2","Beginner","roots","4","4/4","4","","backing","592.3","B major","B major","0.03","no","yes","291","D2–C#4","61","4","0","0","9","5","426","0.96","1.9","1.97","69","0","Beginner","0","0","0","8.4","8.4","47","291","8","5","15","0","95","92","94","95","94","92","yes","4","2","7","0","Advanced","Advanced",""
"slipknot-before-i-forget-2","Intermediate","bass","0","4/4","4","","backing","592.3","B major","B major","0.03","no","yes","378","C#2–D4","55","5","0","0","9","11","334","0.75","4","2.55","29","37","Beginner","0","0","0","3.5","3.5","72","378","15","9","36","0","90","96","97","98","98","96","yes","5","6","22","0","Advanced","Advanced",""
"slipknot-before-i-forget-2","Advanced","melody","1","4/4","4","","backing","592.3","B major","B major","0.03","no","yes","464","C#2–B3","49","9","177","0","10","3","328","0.74","4","3.13","27","37","Intermediate","0","0","0.5","2.7","2","52","464","12","9","47","0","90","80","91","93","78","82","yes","8","3","14","92","Advanced","Advanced",""
"slipknot-before-i-forget-2","Expert","melody","1","4/4","4","","backing","592.3","B major","B major","0.03","no","yes","960","C#2–B3","49","9","481","0","12","7","109","0.25","4","6.48","37","37","Advanced","0","0","0.5","2.5","1.5","85","960","13","9","102","0","89","84","94","96","81","85","yes","7","6","57","154","Advanced","Advanced",""
"slipknot-before-i-forget","Beginner","roots","5","4/4","4","","backing","620.3","B major","B major","0.06","no","yes","444","E2–C#4","59","5","0","0","9","12","428","0.89","1.7","2.86","63","0","Beginner","0","0","0","2","2","62","444","9","6","34","0","92","87","87","93","89","88","no","6","0","2","0","Intermediate","Advanced","Intermediate→Advanced"
"slipknot-before-i-forget","Intermediate","bass","1","4/4","4","","backing","620.3","B major","B major","0.06","no","yes","438","C#2–D4","55","5","0","0","9","4","360","0.75","14","2.82","30","37","Beginner","0","0","0","26","26","82","438","13","8","82","0","81","92","92","93","92","95","no","4","13","56","0","Intermediate","Advanced","Intermediate→Advanced"
"slipknot-before-i-forget","Advanced","melody","1","4/4","4","","backing","620.3","B major","B major","0.06","no","yes","425","F#2–D4","45","11","264","0","12","5","360","0.75","2.7","2.74","34","37","Intermediate","0","0","0","57.1","57.1","40","425","16","9","77","0","82","43","99","100","33","56","yes","4","22","95","44","Intermediate","Advanced","Intermediate→Advanced"
"slipknot-before-i-forget","Expert","melody","1","4/4","4","","backing","620.3","B major","B major","0.06","no","yes","825","F#2–D4","45","11","559","0","12","4","120","0.25","2.7","5.32","54","37","Advanced","0","0","0","57.1","57.1","60","825","16","9","102","0","88","39","98","99","32","59","yes","2","25","206","74","Intermediate","Advanced","Intermediate→Advanced"
"slipknot-duality","Beginner","roots","3","4/4","4","","backing","598","B minor","B minor","0.18","no","yes","387","A2–F#3","47","5","0","0","7","0","428","1","1.5","2.59","72","0","Beginner","0","0","1","5","5","58","387","6","6","64","64","83","95","95","96","96","95","no","22","0","0","0","Advanced","Advanced",""
"slipknot-duality","Intermediate","bass","0","4/4","4","","backing","598","B minor","B minor","0.18","no","yes","379","A2–D4","48","5","0","0","9","1","428","1","4","2.54","45","0","Beginner","0","0","-0.2","2.2","2.2","79","379","11","7","87","87","77","95","95","97","94","95","yes","22","0","0","0","Advanced","Advanced",""
"slipknot-duality","Advanced","melody","0","4/4","4","","backing","598","B minor","B minor","0.18","no","yes","529","C2–A3","47","6","0","0","12","5","285","0.67","1.5","3.54","57","0","Beginner","0","0","0.7","4","2","43","529","16","10","105","99","80","89","93","95","88","90","yes","19","16","68","40","Advanced","Advanced",""
"slipknot-duality","Expert","melody","0","4/4","4","","backing","598","B minor","B minor","0.18","no","yes","1216","C2–A3","47","6","0","0","12","2","107","0.25","1.5","8.13","75","37","Advanced","0","0","0.7","4","2","84","1216","17","11","213","188","82","82","87","91","81","83","yes","19","22","215","169","Advanced","Advanced",""
"slipknot-vermilion-part-2","Beginner","roots","4","4/4","4","","backing","451.5","B major","B major","0.3","yes","yes","332","D#2–G3","47","5","0","0","9","4","487","1","1.5","2.94","70","37","Beginner","3","1.5","0","4","4","62","332","9","6","54","0","84","85","89","91","63","90","no","2","4","12","0","Beginner","Beginner",""
"slipknot-vermilion-part-2","Intermediate","bass","0","4/4","4","","backing","451.5","B major","B major","0.3","yes","yes","182","G2–D4","51","5","0","0","9","9","487","1","8","1.61","29","37","Beginner","0","0","0","4","4","92","182","13","10","29","0","84","75","84","87","42","75","yes","4","0","0","0","Beginner","Beginner",""
"slipknot-vermilion-part-2","Advanced","melody","1","4/4","4","","backing","451.5","B major","B major","0.3","yes","yes","261","C#2–C#3","46","6","8","0","9","12","487","1","4","2.31","43","37","Beginner","0","0","7.5","4","4","73","261","11","10","42","0","84","46","66","83","58","46","yes","1","27","71","47","Beginner","Beginner",""
"slipknot-vermilion-part-2","Expert","melody","1","4/4","4","","backing","451.5","B major","B major","0.3","yes","yes","393","C#2–C#3","46","6","8","0","9","8","243","0.5","4","3.48","57","37","Beginner","0","0","7.5","4","4","88","393","11","10","63","0","84","53","68","88","67","53","yes","1","22","87","51","Beginner","Beginner",""
"slipknot-vermilion","Beginner","roots","4","4/4","4","","backing","735.4","D major","D major","0.16","no","yes","375","D2–G3","47","5","0","0","9","5","425","0.99","1.9","2.04","71","0","Beginner","4","1.7","0","4.7","4.7","50","375","9","6","0","0","100","72","74","83","96","75","no","6","5","17","0","Advanced","Advanced",""
"slipknot-vermilion","Intermediate","bass","1","4/4","4","","backing","735.4","D major","D major","0.16","no","yes","364","G#2–D4","52","8","66","0","9","15","375","0.88","15.9","1.98","18","37","Beginner","0","0","0","2.5","2.5","86","364","15","12","61","22","83","62","64","75","99","66","no","7","0","0","0","Advanced","Advanced",""
"slipknot-vermilion","Advanced","melody","1","4/4","4","","backing","735.4","D major","D major","0.16","no","yes","659","D2–B3","47","10","344","0","12","7","375","0.88","5.3","3.58","51","37","Intermediate","12","5.1","0","7.7","7.7","47","659","17","11","58","21","91","28","75","86","30","50","yes","11","31","204","65","Advanced","Advanced",""
"slipknot-vermilion","Expert","melody","1","4/4","4","","backing","735.4","D major","D major","0.16","no","yes","1199","D2–B3","47","10","637","0","12","6","193","0.45","5.3","6.52","59","37","Advanced","12","5.1","0","7.2","7.2","69","1199","17","11","122","36","90","26","71","85","27","48","yes","12","32","387","107","Advanced","Advanced",""
"slipknot-wait-and-bleed","Beginner","roots","3","4/4","4","","backing","448","B minor","B minor","0.04","no","yes","124","B2–G3","47","5","0","0","8","9","489","1.5","2.5","1.11","54","0","Beginner","1.5","0.5","2.2","5.5","5.5","44","124","4","4","22","22","82","92","93","94","90","92","yes","0","0","0","0","Advanced","Expert","Advanced→Expert"
"slipknot-wait-and-bleed","Intermediate","bass","0","4/4","4","","backing","448","B minor","B minor","0.04","no","yes","199","B2–C4","48","5","0","0","8","10","407","1.25","4.5","1.78","15","0","Beginner","0","0","1.5","4.7","4.7","61","199","6","4","76","76","62","95","95","95","95","95","no","0","0","0","0","Advanced","Expert","Advanced→Expert"
"slipknot-wait-and-bleed","Advanced","melody","1","4/4","4","","backing","448","B minor","B minor","0.04","no","yes","388","C2–G3","47","8","174","0","12","0","326","1","5.5","3.46","40","37","Intermediate","0","0","3.7","1.5","1.5","44","388","10","7","146","112","62","90","98","98","77","90","yes","23","24","54","30","Advanced","Expert","Advanced→Expert"
"slipknot-wait-and-bleed","Expert","melody","0","4/4","4","","backing","448","B minor","B minor","0.04","no","yes","869","C2–G3","48","6","0","0","12","19","81","0.25","5.5","7.76","26","37","Expert","0","0","3.5","1","1","89","869","12","8","365","331","58","90","97","97","79","91","yes","12","12","64","95","Advanced","Expert","Advanced→Expert"
"soundgarden-black-hole-sun","Beginner","roots","3","1/4","1","yes","backing","274.6","G♯ minor","G♯ minor","0.03","no","yes","175","G#2–F3","47","10","175","0","7","0","905","0.78","1.4","2.55","49","37","Beginner","0","0","0","4","4","53","175","6","6","24","12","86","85","88","99","81","85","yes","0","0","0","0","Beginner","Intermediate","Beginner→Intermediate"
"soundgarden-black-hole-sun","Intermediate","bass","1","1/4","1","yes","backing","274.6","G♯ minor","G♯ minor","0.03","no","yes","208","C#2–C#4","45","5","0","0","9","7","360","0.31","3.9","3.03","32","37","Beginner","0","0","8.5","14.2","14.2","67","208","18","11","30","4","86","86","89","97","88","86","yes","3","38","79","0","Beginner","Intermediate","Beginner→Intermediate"
"soundgarden-black-hole-sun","Advanced","melody","1","1/4","1","yes","backing","274.6","G♯ minor","G♯ minor","0.03","no","yes","278","D#2–G#3","47","6","0","0","12","5","252","0.22","3.6","4.05","7","37","Beginner","13.2","15.3","16","32.7","32.7","44","278","14","10","73","2","74","29","51","76","11","34","yes","3","9","24","102","Beginner","Intermediate","Beginner→Intermediate"
"soundgarden-black-hole-sun","Expert","melody","0","1/4","1","yes","backing","274.6","G♯ minor","G♯ minor","0.03","no","yes","341","D#2–G#3","47","6","0","0","12","4","32","0.03","3.6","4.97","6","37","Intermediate","13.2","15.3","16","32.7","32.7","46","341","17","12","96","4","72","28","48","71","11","35","yes","4","9","32","117","Beginner","Intermediate","Beginner→Intermediate"
"star-wars-the-imperial-march","Beginner","roots","2","4/4","4","","backing","311.3","G minor","G minor","0.15","no","yes","198","G2–A3","43","5","0","0","9","12","428","0.75","1.5","2.54","77","37","Beginner","0","0","0","10","10","51","198","6","6","8","0","96","78","80","92","95","79","yes","73","0","0","0","Beginner","Intermediate","Beginner→Intermediate"
"star-wars-the-imperial-march","Intermediate","bass","0","4/4","4","","backing","311.3","G minor","G minor","0.15","no","yes","296","C2–D4","44","5","0","0","9","7","334","0.58","2.8","3.8","42","37","Beginner","0","0","0.3","1.8","1.8","50","296","23","12","70","29","76","71","74","88","98","74","no","40","17","45","0","Beginner","Intermediate","Beginner→Intermediate"
"star-wars-the-imperial-march","Advanced","melody","0","4/4","4","","backing","311.3","G minor","G minor","0.15","no","yes","184","C#2–A#3","46","6","0","0","12","14","285","0.5","2","2.36","27","37","Beginner","16","9.1","0.2","60.4","60.4","32","184","19","12","41","14","78","65","74","97","47","66","yes","27","21","38","35","Beginner","Intermediate","Beginner→Intermediate"
"star-wars-the-imperial-march","Expert","melody","1","4/4","4","","backing","311.3","G minor","G minor","0.15","no","yes","292","C2–A#3","47","8","65","0","12","8","71","0.12","2","3.75","32","37","Intermediate","16","9.1","0.2","60.4","60.4","36","292","21","12","56","18","81","62","71","96","45","62","yes","22","14","41","42","Beginner","Intermediate","Beginner→Intermediate"
"super-mario-castle-theme","Beginner","roots","4","4/4","4","","backing","268","B♭ major","B♭ major","0.15","no","yes","188","D#3–A#3","53","8","27","0","7","0","666","1","1","2.81","43","37","Beginner","0","0","0","1","1","64","188","6","6","28","0","85","100","100","100","87","100","no","11","0","0","0","Expert","Expert",""
"super-mario-castle-theme","Intermediate","bass","0","4/4","4","","backing","268","B♭ major","B♭ major","0.15","no","yes","213","D#2–G3","51","5","0","0","9","1","666","1","4","3.18","3","37","Beginner","0","0","0","0","0","99","213","10","8","84","60","61","100","100","100","100","100","no","9","2","4","0","Expert","Expert",""
"super-mario-castle-theme","Advanced","melody","1","4/4","4","","backing","268","B♭ major","B♭ major","0.15","no","yes","285","F#2–F3","49","8","152","0","7","0","250","0.38","4","4.25","19","37","Intermediate","0","0","0","24","24","15","285","7","7","98","0","66","12","12","31","6","23","no","35","11","30","58","Expert","Expert",""
"super-mario-castle-theme","Expert","melody","1","4/4","4","","backing","268","B♭ major","B♭ major","0.15","no","yes","1345","F#2–F#3","48","8","190","0","11","18","83","0.12","4","20.07","0","37","Expert","0","0","0","24","24","64","1345","10","9","532","84","60","21","29","47","13","25","yes","27","17","224","326","Expert","Expert",""
"super-mario-main-theme-2","Beginner","roots","4","4/4","4","","backing","86.1","C major","C major","0.2","no","yes","60","G2–E3","48","5","0","0","9","8","437","0.87","1.6","2.79","36","37","Beginner","0","0","0","1.6","1.6","67","60","6","6","1","0","98","70","72","77","67","72","no","20","0","0","0","Intermediate","Intermediate",""
"super-mario-main-theme-2","Intermediate","bass","0","4/4","4","","backing","86.1","C major","C major","0.2","no","yes","65","C2–C3","43","5","0","0","8","6","374","0.75","2","3.02","14","37","Beginner","0","0","0","0.6","0.6","88","65","8","7","2","0","97","80","83","84","75","81","yes","20","40","25","0","Intermediate","Intermediate",""
"super-mario-main-theme-2","Advanced","melody","0","4/4","4","","backing","86.1","C major","C major","0.2","no","yes","90","C2–A3","45","6","0","0","12","15","250","0.5","2","4.18","12","37","Beginner","0","0","1.4","3.1","3.1","46","90","15","10","10","3","89","70","77","91","46","70","yes","26","34","26","4","Intermediate","Intermediate",""
"super-mario-main-theme-2","Expert","melody","0","4/4","4","","backing","86.1","C major","C major","0.2","no","yes","136","C2–A3","45","6","0","0","12","14","125","0.25","2","6.32","13","37","Intermediate","0","0","1.4","2.9","2.9","62","136","17","11","18","6","87","68","73","91","45","68","yes","24","32","34","9","Intermediate","Intermediate",""
"super-mario-main-theme","Beginner","roots","2","4/4","4","","backing","148","C major","C major","0.3","yes","yes","94","C2–G#2","38","5","0","0","8","6","500","0.75","1.5","2.54","47","37","Beginner","0","0","0","5","4","53","94","6","6","5","0","95","79","94","99","92","79","yes","54","80","38","0","Intermediate","Advanced","Intermediate→Advanced"
"super-mario-main-theme","Intermediate","bass","0","4/4","4","","backing","148","C major","C major","0.3","yes","yes","146","C2–A3","43","5","0","0","9","9","334","0.5","4","3.95","24","37","Beginner","0","0","0","1","1","74","146","18","11","22","1","85","77","89","96","96","81","yes","35","45","41","0","Intermediate","Advanced","Intermediate→Advanced"
"super-mario-main-theme","Advanced","melody","0","4/4","4","","backing","148","C major","C major","0.3","yes","yes","199","C2–C4","48","6","0","0","12","21","250","0.38","4","5.38","13","37","Intermediate","0","0","0","2.7","1.5","54","199","21","11","34","2","83","80","83","97","56","80","yes","25","14","18","24","Intermediate","Advanced","Intermediate→Advanced"
"super-mario-main-theme","Expert","melody","0","4/4","4","","backing","148","C major","C major","0.3","yes","yes","328","C2–C4","48","6","0","0","12","17","83","0.12","4","8.86","13","37","Advanced","0","0","0","2.5","1.5","75","328","23","12","50","6","85","80","82","97","55","80","yes","22","12","28","35","Intermediate","Advanced","Intermediate→Advanced"
"super-mario-world-overworld-theme","Beginner","roots","2","4/4","4","","backing","168.5","F major","F major","0.24","yes","yes","108","F2–D3","44","5","0","0","9","4","454","1","1.5","2.56","33","37","Beginner","0","0","0","3","3","58","108","6","6","8","0","93","81","82","86","71","82","no","28","30","32","0","Beginner","Beginner",""
"super-mario-world-overworld-theme","Intermediate","bass","0","4/4","4","","backing","168.5","F major","F major","0.24","yes","yes","159","C2–G3","43","5","0","0","8","3","443","0.97","2","3.78","17","37","Beginner","0","0","0","0.5","0.5","82","159","16","11","24","10","85","74","78","89","87","76","yes","14","45","63","0","Beginner","Beginner",""
"super-mario-world-overworld-theme","Advanced","melody","0","4/4","4","","backing","168.5","F major","F major","0.24","yes","yes","107","C2–A#3","41","5","0","0","11","5","341","0.75","1.5","2.54","17","37","Beginner","0","0","0.1","16.6","16.6","26","107","15","11","20","8","81","81","81","95","96","81","no","12","55","54","9","Beginner","Beginner",""
"super-mario-world-overworld-theme","Expert","melody","0","4/4","4","","backing","168.5","F major","F major","0.24","yes","yes","134","C2–A#3","41","5","0","0","12","4","114","0.25","1.5","3.18","12","37","Beginner","0","0","0.1","16.6","16.6","32","134","16","11","22","8","84","79","79","96","96","79","no","24","59","60","11","Beginner","Beginner",""
"system-of-a-down-atwa","Beginner","roots","2","4/4","4","","backing","256","F minor","F minor","0.22","yes","yes","253","D#2–A#2","41","5","0","0","4","0","583","0.87","1.2","3.95","69","37","Beginner","0","0","0.5","0.5","0.5","80","253","5","5","0","0","100","84","84","86","95","84","no","17","57","143","0","Intermediate","Intermediate",""
"system-of-a-down-atwa","Intermediate","bass","0","4/4","4","","backing","256","F minor","F minor","0.22","yes","yes","103","D#2–F3","43","5","0","0","8","1","1000","1.5","4","1.61","25","37","Beginner","0","0","34.5","0.5","0.5","84","103","7","5","0","0","100","80","80","82","94","80","no","21","45","46","0","Intermediate","Intermediate",""
"system-of-a-down-atwa","Advanced","melody","1","4/4","4","","backing","256","F minor","F minor","0.22","yes","yes","349","C#2–C4","48","6","14","0","9","1","333","0.5","1","5.45","39","37","Intermediate","0","0","0","1","1","81","349","15","9","25","15","93","44","84","98","32","44","yes","12","14","50","82","Intermediate","Intermediate",""
"system-of-a-down-atwa","Expert","melody","1","4/4","4","","backing","256","F minor","F minor","0.22","yes","yes","410","C#2–C4","48","6","16","0","9","0","166","0.25","1","6.41","48","37","Intermediate","0","0","0","1","1","88","410","15","9","25","15","94","38","86","98","27","50","yes","10","12","50","82","Intermediate","Intermediate",""
"system-of-a-down-aerials","Beginner","roots","2","4/4","4","","backing","449.3","C minor","C minor","0.19","no","yes","366","C2–G2","37","5","0","0","7","0","444","0.83","1.4","3.26","68","37","Beginner","0","0","0","8","8","65","366","6","6","91","91","75","84","85","87","82","86","no","43","93","209","0","Beginner","Beginner",""
"system-of-a-down-aerials","Intermediate","bass","0","4/4","4","","backing","449.3","C minor","C minor","0.19","no","yes","321","C2–D4","48","5","0","0","9","4","377","0.7","7.9","2.86","49","37","Beginner","0","0","0","1.2","1.2","84","321","16","8","46","46","86","80","82","88","62","82","no","19","34","84","0","Beginner","Beginner",""
"system-of-a-down-aerials","Advanced","melody","0","4/4","4","","backing","449.3","C minor","C minor","0.19","no","yes","190","C2–F3","43","5","0","0","12","28","387","0.72","0.4","1.69","21","37","Beginner","17.2","9.2","7.9","162.2","162.2","15","190","11","7","0","0","100","67","79","90","63","69","yes","30","34","47","6","Beginner","Beginner",""
"system-of-a-down-aerials","Expert","melody","0","4/4","4","","backing","449.3","C minor","C minor","0.19","no","yes","423","C2–F3","43","5","0","0","12","17","193","0.36","0.4","3.77","3","37","Beginner","17.2","9.2","7.9","162.2","162.2","34","423","11","7","0","0","100","66","80","89","55","69","yes","43","22","64","6","Beginner","Beginner",""
"system-of-a-down-b-y-o-b","Beginner","roots","5","4/4","4","","backing","652","C♯ minor","C♯ minor","0.17","no","yes","190","G#2–C#4","61","9","12","0","9","12","446","1.25","3","1.17","60","37","Beginner","0","0","0","34","34","47","190","5","5","0","0","100","82","82","98","98","82","no","4","0","0","0","Expert","Expert",""
"system-of-a-down-b-y-o-b","Intermediate","bass","1","4/4","4","","backing","652","C♯ minor","C♯ minor","0.17","no","yes","297","C#2–C#4","44","8","26","0","8","8","357","1","4","1.82","28","37","Beginner","0","0","0.5","14.6","14.6","41","297","11","7","0","0","100","99","99","100","100","99","no","2","33","98","0","Expert","Expert",""
"system-of-a-down-b-y-o-b","Advanced","melody","1","4/4","4","","backing","652","C♯ minor","C♯ minor","0.17","no","yes","544","C#2–C#4","45","9","123","0","12","22","267","0.75","1.5","3.34","43","37","Advanced","0","0","0","4.2","3.8","32","544","18","11","15","1","97","68","81","97","64","68","yes","3","24","128","241","Expert","Expert",""
"system-of-a-down-b-y-o-b","Expert","melody","1","4/4","4","","backing","652","C♯ minor","C♯ minor","0.17","no","yes","1506","C#2–C#4","44","9","493","0","12","22","89","0.25","1.5","9.24","38","37","Expert","0","0","0","4","3.8","72","1506","19","12","21","4","99","81","93","98","79","81","yes","5","24","354","731","Expert","Expert",""
"system-of-a-down-chop-suey","Beginner","roots","3","4/4","4","","backing","428","E♭ major","E♭ major","0.02","no","yes","394","A#2–A3","51","5","0","0","9","3","420","0.88","1.5","3.68","71","37","Beginner","0","0","0","4","4","73","394","6","6","52","24","87","77","77","82","89","86","no","6","0","0","0","Beginner","Intermediate","Beginner→Intermediate"
"system-of-a-down-chop-suey","Intermediate","bass","0","4/4","4","","backing","428","E♭ major","E♭ major","0.02","no","yes","200","D#2–G3","46","5","0","0","9","18","360","0.75","4","1.87","26","37","Beginner","0","0","0","4.8","4.8","90","200","12","9","44","20","78","64","64","79","88","79","no","25","10","20","0","Beginner","Intermediate","Beginner→Intermediate"
"system-of-a-down-chop-suey","Advanced","melody","1","4/4","4","","backing","428","E♭ major","E♭ major","0.02","no","yes","181","D#2–C4","51","8","24","0","12","27","360","0.75","4","1.69","2","37","Beginner","16","7.7","4","64","48","50","181","12","6","39","39","78","64","64","85","47","65","no","21","12","22","23","Beginner","Intermediate","Beginner→Intermediate"
"system-of-a-down-chop-suey","Expert","melody","1","4/4","4","","backing","428","E♭ major","E♭ major","0.02","no","yes","241","D#2–C4","53","8","24","0","12","21","240","0.5","4","2.25","4","37","Intermediate","16","7.7","4","64","48","57","241","12","6","54","54","78","65","65","85","45","66","no","22","10","24","36","Beginner","Intermediate","Beginner→Intermediate"
"system-of-a-down-hypnotize","Beginner","roots","2","4/4","4","","backing","246","F♯ major","F♯ major","0.08","no","yes","219","B2–D4","54","5","0","0","8","1","651","0.81","1.1","3.56","90","0","Beginner","0.2","0.2","0","2","2","68","219","5","5","9","0","96","85","89","95","80","87","yes","3","0","0","0","Beginner","Intermediate","Beginner→Intermediate"
"system-of-a-down-hypnotize","Intermediate","bass","0","4/4","4","","backing","246","F♯ major","F♯ major","0.08","no","yes","318","B2–D4","54","5","0","0","9","1","400","0.5","12","5.17","67","0","Beginner","0","0","0","1","1","91","318","9","7","28","0","91","75","80","94","93","79","yes","7","0","0","0","Beginner","Intermediate","Beginner→Intermediate"
"system-of-a-down-hypnotize","Advanced","melody","1","4/4","4","","backing","246","F♯ major","F♯ major","0.08","no","yes","142","F2–C#4","49","9","124","0","12","4","300","0.38","8","2.31","10","37","Intermediate","44","35.2","3","32","32","66","142","16","9","19","0","87","42","51","82","33","46","yes","8","6","9","38","Beginner","Intermediate","Beginner→Intermediate"
"system-of-a-down-hypnotize","Expert","melody","1","4/4","4","","backing","246","F♯ major","F♯ major","0.08","no","yes","151","F2–C#4","49","9","133","0","12","3","150","0.19","8","2.46","11","37","Intermediate","44","35.2","3","32","32","67","151","16","9","19","0","87","40","52","82","33","45","yes","8","7","11","38","Beginner","Intermediate","Beginner→Intermediate"
"system-of-a-down-lonely-day","Beginner","roots","5","6/8","3","yes","backing","309","G♯ minor","G♯ minor","0.17","no","yes","208","G2–E3","51","10","122","0","8","13","423","0.81","1.5","2.69","54","37","Beginner","1.4","0.7","0","3.5","3.5","61","208","6","6","2","0","99","80","80","86","100","88","no","1","0","0","0","Intermediate","Advanced","Intermediate→Advanced"
"system-of-a-down-lonely-day","Intermediate","bass","1","6/8","3","yes","backing","309","G♯ minor","G♯ minor","0.17","no","yes","169","C#2–C#4","44","5","0","0","9","6","356","0.68","4.3","2.19","22","37","Beginner","0","0","0","21.5","21.5","72","169","13","8","6","0","96","75","80","91","100","80","yes","2","31","52","0","Intermediate","Advanced","Intermediate→Advanced"
"system-of-a-down-lonely-day","Advanced","melody","0","6/8","3","yes","backing","309","G♯ minor","G♯ minor","0.17","no","yes","252","C#2–E3","44","6","0","0","10","28","260","0.5","3","3.26","28","37","Intermediate","0.4","0.2","3","26.5","26.5","70","252","11","8","1","0","100","56","66","87","31","57","yes","0","39","98","98","Intermediate","Advanced","Intermediate→Advanced"
"system-of-a-down-lonely-day","Expert","melody","0","6/8","3","yes","backing","309","G♯ minor","G♯ minor","0.17","no","yes","372","C#2–G3","46","6","0","0","11","20","20","0.04","3","4.81","24","37","Advanced","0.4","0.2","3","26.5","26.5","78","372","16","11","6","3","98","49","61","80","27","50","yes","1","28","106","145","Intermediate","Advanced","Intermediate→Advanced"
"system-of-a-down-spiders","Beginner","roots","1","4/4","4","","backing","240","C minor","C minor","0.15","no","yes","210","G2–F3","48","5","0","0","7","0","643","0.75","1.5","3.5","74","37","Beginner","0","0","2","4","4","69","210","6","6","0","0","100","85","89","89","90","87","yes","10","0","0","0","Beginner","Beginner",""
"system-of-a-down-spiders","Intermediate","bass","0","4/4","4","","backing","240","C minor","C minor","0.15","no","yes","303","C2–G3","48","5","0","0","9","2","428","0.5","2.2","5.05","49","37","Beginner","0","0","0","0.9","0.9","82","303","12","9","18","10","94","92","92","94","96","95","no","30","16","25","0","Beginner","Beginner",""
"system-of-a-down-spiders","Advanced","melody","0","4/4","4","","backing","240","C minor","C minor","0.15","no","yes","123","C2–G#3","43","6","0","0","12","2","286","0.33","3","2.05","16","37","Beginner","16.3","13.9","0","31.5","31.5","28","123","12","6","0","0","100","26","37","70","19","31","yes","36","41","40","16","Beginner","Beginner",""
"system-of-a-down-spiders","Expert","melody","0","4/4","4","","backing","240","C minor","C minor","0.15","no","yes","180","C2–G#3","43","6","0","0","12","4","107","0.12","3","3","24","37","Beginner","16.3","13.9","0","31.3","31.3","34","180","12","6","0","0","100","27","37","69","19","33","yes","31","45","69","28","Beginner","Beginner",""
"system-of-a-down-toxicity","Beginner","roots","1","6/4","6","","backing","422.2","C minor","C minor","0.17","no","yes","276","C2–G#2","39","3","0","0","8","3","431","0.83","1.6","2.61","73","37","Beginner","0","0","1.4","4.3","4.3","55","276","4","4","0","0","100","96","96","99","99","97","no","58","68","74","0","Advanced","Advanced",""
"system-of-a-down-toxicity","Intermediate","bass","1","6/4","6","","backing","422.2","C minor","C minor","0.17","no","yes","313","C2–A#3","39","8","25","0","9","4","351","0.68","6","2.97","45","37","Beginner","0","0","0.9","1.2","1.2","65","313","11","6","0","0","100","92","96","98","100","94","yes","47","51","77","0","Advanced","Advanced",""
"system-of-a-down-toxicity","Advanced","melody","0","6/4","6","","backing","422.2","C minor","C minor","0.17","no","yes","568","G2–D4","51","6","0","0","11","11","250","0.48","1.4","5.38","20","37","Intermediate","0","0","11","11.8","11.8","64","568","12","7","18","0","97","43","91","92","32","51","yes","24","0","0","215","Advanced","Advanced",""
"system-of-a-down-toxicity","Expert","melody","0","6/4","6","","backing","422.2","C minor","C minor","0.17","no","yes","868","G2–D4","50","6","0","0","11","7","119","0.23","1.4","8.22","31","37","Advanced","0","0","11","11.3","11.3","82","868","12","7","84","0","90","29","90","91","21","66","yes","34","0","0","256","Advanced","Advanced",""
"tenacious-d-beelzeboss-the-final-showdown","Beginner","roots","2","4/4","4","","backing","710.8","D major","D major","0.09","no","yes","508","G2–E3","46","4","0","0","9","1","431","0.94","1.7","2.86","78","0","Beginner","0","0","0","8","8","59","508","6","6","57","0","89","86","87","92","81","90","no","46","0","0","0","Beginner","Beginner",""
"tenacious-d-beelzeboss-the-final-showdown","Intermediate","bass","1","4/4","4","","backing","710.8","D major","D major","0.09","no","yes","359","C#2–D4","47","8","15","0","9","4","387","0.84","11","2.02","49","37","Beginner","0","0","0","6","2.3","89","359","22","11","93","15","74","86","87","91","78","90","no","23","9","32","0","Beginner","Beginner",""
"tenacious-d-beelzeboss-the-final-showdown","Advanced","melody","1","4/4","4","","backing","710.8","D major","D major","0.09","no","yes","303","C2–A3","48","8","12","0","12","15","258","0.56","4.7","1.71","29","37","Beginner","91.3","41.8","0","123.3","120","32","303","20","12","93","26","69","48","67","99","49","48","yes","31","19","56","30","Beginner","Beginner",""
"tenacious-d-beelzeboss-the-final-showdown","Expert","melody","1","4/4","4","","backing","710.8","D major","D major","0.09","no","yes","430","C2–A3","47","8","14","0","12","11","96","0.21","4.7","2.42","35","37","Beginner","91.3","41.8","0","123.3","120","38","430","20","12","129","35","70","47","69","99","49","48","yes","32","21","88","36","Beginner","Beginner",""
"the-avengers-movie-theme","Beginner","roots","1","4/4","4","","backing","248","E minor","E minor","0.13","no","yes","182","G2–E3","45","5","0","0","9","10","420","0.88","1.5","2.94","59","0","Beginner","0","0","0","3","3","67","182","6","6","0","0","100","72","77","97","88","72","yes","55","0","0","0","Advanced","Advanced",""
"the-avengers-movie-theme","Intermediate","bass","0","4/4","4","","backing","248","E minor","E minor","0.13","no","yes","186","C2–C#4","44","5","0","0","9","9","480","1","31","3","22","0","Beginner","0","0","0","1","1","75","186","18","11","10","8","95","87","88","98","100","89","no","43","21","28","0","Advanced","Advanced",""
"the-avengers-movie-theme","Advanced","melody","0","4/4","4","","backing","248","E minor","E minor","0.13","no","yes","212","D2–D4","52","6","0","0","12","17","480","1","4","3.42","19","37","Beginner","0","0","0","1.5","1.5","59","212","21","12","26","17","88","73","83","96","61","73","yes","29","6","13","15","Advanced","Advanced",""
"the-avengers-movie-theme","Expert","melody","0","4/4","4","","backing","248","E minor","E minor","0.13","no","yes","402","C2–D4","50","6","0","0","12","28","120","0.25","4","6.48","15","37","Advanced","0","0","0","1","1","98","402","23","12","69","38","83","83","89","97","74","83","yes","22","22","87","37","Advanced","Advanced",""
"the-doors-riders-on-the-storm","Beginner","roots","3","4/4","4","","backing","750.3","E minor","E minor","0.08","no","yes","603","C3–B3","52","8","86","0","7","0","492","0.82","1.3","3.21","63","37","Beginner","0","0","0","2","2","68","603","6","6","86","0","86","79","81","86","73","84","no","28","0","0","0","Intermediate","Intermediate",""
"the-doors-riders-on-the-storm","Intermediate","bass","0","4/4","4","","backing","750.3","E minor","E minor","0.08","no","yes","576","C2–C#4","40","5","0","0","9","12","334","0.56","23","3.07","26","37","Beginner","0","0","0","2","2","67","576","16","9","146","1","75","58","68","83","94","63","yes","11","52","284","0","Intermediate","Intermediate",""
"the-doors-riders-on-the-storm","Advanced","melody","0","4/4","4","","backing","750.3","E minor","E minor","0.08","no","yes","957","C2–D3","45","6","0","0","12","18","250","0.42","23","5.1","20","0","Intermediate","26.3","15.8","87.4","1.1","1.1","68","957","10","8","127","1","87","48","65","77","53","57","yes","5","31","278","126","Intermediate","Intermediate",""
"the-doors-riders-on-the-storm","Expert","melody","0","4/4","4","","backing","750.3","E minor","E minor","0.08","no","yes","975","C2–D3","45","6","0","0","12","18","30","0.05","23","5.2","20","0","Intermediate","26.3","15.8","87.4","1.1","1.1","70","975","10","8","130","1","87","49","65","77","54","57","yes","5","32","289","129","Intermediate","Intermediate",""
"the-legend-of-zelda-theme-from-the-game","Beginner","roots","2","4/4","4","","backing","72","C major","C major","0.08","no","yes","43","C2–A2","43","2","0","0","9","14","692","0.75","1.5","2.39","31","0","Beginner","0","0","0","2","2","56","43","3","3","0","0","100","100","100","100","100","100","no","58","14","0","0","Beginner","Beginner",""
"the-legend-of-zelda-theme-from-the-game","Intermediate","bass","0","4/4","4","","backing","72","C major","C major","0.08","no","yes","84","F2–E3","46","5","0","0","5","0","461","0.5","1.5","4.67","0","0","Beginner","0","0","0","0.3","0.3","95","84","7","7","6","0","93","100","100","100","100","100","no","29","7","6","0","Beginner","Beginner",""
"the-legend-of-zelda-theme-from-the-game","Advanced","melody","0","4/4","4","","backing","72","C major","C major","0.08","no","yes","47","F2–E3","46","5","0","0","7","0","461","0.5","1.5","2.61","0","0","Beginner","24","22.2","0","1.5","1.5","50","47","7","7","4","0","91","100","100","100","74","100","no","21","9","4","0","Beginner","Beginner",""
"the-legend-of-zelda-theme-from-the-game","Expert","melody","0","4/4","4","","backing","72","C major","C major","0.08","no","yes","54","F2–E3","45","5","0","0","7","0","230","0.25","1.5","3","0","0","Beginner","24","22.2","0","1.5","1.5","52","54","7","7","4","0","93","100","100","100","76","100","no","26","7","4","0","Beginner","Beginner",""
"the-lord-of-the-rings-main-theme","Beginner","roots","4","4/4","4","","backing","360","F major","F major","0.19","no","yes","110","G#2–A3","48","5","0","0","9","14","546","1.5","3","1.22","51","37","Beginner","0","0","2.5","6.5","5","49","110","5","5","13","0","88","93","95","96","100","96","no","6","0","0","0","Beginner","Beginner",""
"the-lord-of-the-rings-main-theme","Intermediate","bass","0","4/4","4","","backing","360","F major","F major","0.19","no","yes","245","C2–D4","48","5","0","0","9","10","363","1","4","2.72","25","37","Intermediate","0","0","0","1","1","94","245","19","10","34","0","86","93","95","95","100","97","no","12","15","34","0","Beginner","Beginner",""
"the-lord-of-the-rings-main-theme","Advanced","melody","0","4/4","4","","backing","360","F major","F major","0.19","no","yes","189","C2–D4","50","6","0","0","12","13","272","0.75","2","2.1","8","37","Beginner","0","0","0","8","3","59","189","20","10","20","0","89","83","93","99","60","83","yes","19","13","22","24","Beginner","Beginner",""
"the-lord-of-the-rings-main-theme","Expert","melody","0","4/4","4","","backing","360","F major","F major","0.19","no","yes","208","C2–D4","51","6","0","0","12","12","181","0.5","2","2.31","5","37","Beginner","0","0","0","8","3","62","208","20","10","22","0","89","85","93","100","63","85","yes","18","12","23","26","Beginner","Beginner",""
"the-offspring-come-out-and-play","Beginner","roots","3","4/4","4","","backing","495.5","B minor","B minor","0.06","no","yes","154","B2–F#3","47","5","0","0","7","0","563","1.5","2","1.24","62","0","Beginner","0","0","0","4","4","47","154","4","4","6","6","96","100","100","100","99","100","no","0","0","0","0","Advanced","Advanced",""
"the-offspring-come-out-and-play","Intermediate","bass","0","4/4","4","","backing","495.5","B minor","B minor","0.06","no","yes","313","A2–G3","47","5","0","0","9","10","374","1","8","2.53","6","0","Beginner","0","0","0","0.5","0.5","91","313","7","7","6","6","98","93","93","99","100","94","no","21","0","0","0","Advanced","Advanced",""
"the-offspring-come-out-and-play","Advanced","melody","0","4/4","4","","backing","495.5","B minor","B minor","0.06","no","yes","353","C2–D4","47","6","0","0","12","9","375","1","1","2.85","25","0","Beginner","35","13.1","0","4","4","32","353","14","8","46","34","87","87","87","93","64","87","no","20","18","44","20","Advanced","Advanced",""
"the-offspring-come-out-and-play","Expert","melody","0","4/4","4","","backing","495.5","B minor","B minor","0.06","no","yes","612","C2–D4","47","6","0","0","12","15","187","0.5","1","4.94","41","0","Advanced","35","13.1","0","4","3.5","53","612","14","8","58","46","91","89","89","92","75","89","no","16","27","132","95","Advanced","Advanced",""
"the-raconteurs-steady-as-she-goes","Beginner","roots","2","4/4","4","","backing","410.1","B major","B major","0","no","yes","264","E3–C#4","57","5","0","0","7","0","422","0.84","1.6","2.57","40","0","Beginner","0","0","0","4.8","4.8","61","264","6","6","69","0","74","91","94","96","92","94","yes","21","0","0","0","Intermediate","Intermediate",""
"the-raconteurs-steady-as-she-goes","Intermediate","bass","0","4/4","4","","backing","410.1","B major","B major","0","no","yes","285","E2–D4","52","5","0","0","9","15","334","0.67","6.8","2.78","15","37","Beginner","0","0","0","1.5","1.5","82","285","14","8","81","0","72","75","80","89","90","77","yes","9","6","16","0","Intermediate","Intermediate",""
"the-raconteurs-steady-as-she-goes","Advanced","melody","0","4/4","4","","backing","410.1","B major","B major","0","no","yes","327","E2–B3","45","6","0","0","12","4","250","0.5","1","3.19","26","0","Beginner","0","0","19.4","8.2","8.2","40","327","13","8","118","0","64","82","84","91","96","85","no","14","27","87","67","Intermediate","Intermediate",""
"the-raconteurs-steady-as-she-goes","Expert","melody","0","4/4","4","","backing","410.1","B major","B major","0","no","yes","567","E2–B3","46","6","0","0","12","4","241","0.48","1","5.53","36","0","Intermediate","0","0","19.4","7.7","7.7","69","567","13","8","201","0","65","79","80","87","97","83","no","13","24","138","102","Intermediate","Intermediate",""
"the-white-stripes-seven-nation-army","Beginner","roots","3","4/4","4","","backing","456","E minor","E minor","0.3","yes","yes","389","G2–E3","48","5","0","0","9","13","500","1","1","3.41","45","0","Beginner","0","0","0","2.3","2.3","71","389","5","5","0","0","100","99","99","100","99","99","no","18","0","0","0","Beginner","Beginner",""
"the-white-stripes-seven-nation-army","Intermediate","bass","0","4/4","4","","backing","456","E minor","E minor","0.3","yes","yes","285","G2–G3","52","5","0","0","7","0","375","0.75","4","2.5","1","0","Beginner","0","0","0","0.5","0.5","93","285","7","6","0","0","100","98","98","100","99","98","no","5","0","0","0","Beginner","Beginner",""
"the-white-stripes-seven-nation-army","Advanced","melody","0","4/4","4","","backing","456","E minor","E minor","0.3","yes","yes","463","G2–G3","50","5","0","0","7","0","250","0.5","4","4.06","26","0","Beginner","0","0","0","3","1","84","463","7","6","0","0","100","99","99","100","100","99","no","21","0","0","0","Beginner","Beginner",""
"the-white-stripes-seven-nation-army","Expert","melody","0","4/4","4","","backing","456","E minor","E minor","0.3","yes","yes","463","G2–G3","50","5","0","0","7","0","250","0.5","4","4.06","26","0","Beginner","0","0","0","3","1","85","463","7","6","0","0","100","99","99","100","100","99","no","21","0","0","0","Beginner","Beginner",""
"three-days-grace-i-hate-everything-about-you","Beginner","roots","1","4/4","4","","backing","668","A major","A major","0.16","no","yes","302","D3–C#4","52","4","0","0","9","0","586","1.75","2","1.81","71","0","Beginner","0","0","0","16","16","73","302","5","5","0","0","100","81","87","88","89","83","yes","38","0","0","0","Intermediate","Intermediate",""
"three-days-grace-i-hate-everything-about-you","Intermediate","bass","1","4/4","4","","backing","668","A major","A major","0.16","no","yes","177","G#2–D4","52","5","0","0","9","1","335","1","16","1.06","47","37","Beginner","0","0","12","16","16","88","177","7","6","0","0","100","86","96","96","90","86","yes","31","0","0","0","Intermediate","Intermediate",""
"three-days-grace-i-hate-everything-about-you","Advanced","melody","1","4/4","4","","backing","668","A major","A major","0.16","no","yes","304","A2–D4","52","9","56","0","12","5","335","1","6","1.82","30","0","Beginner","0","0","12","64","64","47","304","10","7","0","0","100","68","89","89","56","68","yes","24","0","0","30","Intermediate","Intermediate",""
"three-days-grace-i-hate-everything-about-you","Expert","melody","0","4/4","4","","backing","668","A major","A major","0.16","no","yes","413","A2–D4","52","6","0","0","12","11","167","0.5","6","2.47","36","0","Intermediate","0","0","12","64","64","56","413","10","7","0","0","100","64","90","90","55","64","yes","24","0","0","76","Intermediate","Intermediate",""
"tom-jobim-chega-de-saudade-2","Beginner","roots","4","2/4","2","yes","backing","272","D major","D major","0.08","no","yes","128","G2–F#3","45","5","0","0","9","17","634","0.75","1.5","1.88","38","37","Beginner","1.2","1.1","0","5.5","5.5","40","128","6","6","33","21","74","7","31","48","73","37","no","29","0","0","0","Beginner","Beginner",""
"tom-jobim-chega-de-saudade-2","Intermediate","bass","0","2/4","2","yes","backing","272","D major","D major","0.08","no","yes","386","F2–B3","52","5","0","0","9","12","422","0.5","1","5.68","25","37","Beginner","0","0","0","3.5","3.5","81","386","16","11","110","54","72","26","41","59","92","33","yes","26","1","2","0","Beginner","Beginner",""
"tom-jobim-chega-de-saudade-2","Advanced","melody","0","2/4","2","yes","backing","272","D major","D major","0.08","no","yes","286","G#2–C#4","51","6","0","0","11","7","422","0.5","1","4.21","6","37","Beginner","0","0","4.3","4.2","4.2","40","286","17","12","61","9","79","57","63","85","16","59","yes","24","0","0","41","Beginner","Beginner",""
"tom-jobim-chega-de-saudade-2","Expert","melody","0","2/4","2","yes","backing","272","D major","D major","0.08","no","yes","330","G#2–C#4","51","6","0","0","11","7","211","0.25","1","4.85","4","37","Beginner","0","0","4.3","4.2","4.2","45","330","17","12","65","11","80","57","63","84","16","59","yes","26","0","0","45","Beginner","Beginner",""
"tom-jobim-chega-de-saudade","Beginner","roots","3","4/4","4","","backing","304","D major","D major","0.15","no","yes","138","A2–F#3","47","5","0","0","9","1","428","1","2","1.82","64","0","Beginner","0","0","0","6.4","6.4","48","138","6","6","16","0","88","38","46","65","96","39","yes","26","0","0","0","Beginner","Beginner",""
"tom-jobim-chega-de-saudade","Intermediate","bass","0","4/4","4","","backing","304","D major","D major","0.15","no","yes","160","E2–D4","50","5","0","0","9","6","364","0.85","2","2.11","17","37","Beginner","0","0","0","0.6","0.6","78","160","18","12","20","3","88","33","43","73","96","36","yes","24","1","2","0","Beginner","Beginner",""
"tom-jobim-chega-de-saudade","Advanced","melody","0","4/4","4","","backing","304","D major","D major","0.15","no","yes","190","G#2–C#4","51","6","0","0","11","7","285","0.67","4.2","2.5","4","37","Beginner","0","0","4.3","4.2","4.2","82","190","17","12","34","6","82","58","66","92","14","59","yes","28","0","0","23","Beginner","Beginner",""
"tom-jobim-chega-de-saudade","Expert","melody","0","4/4","4","","backing","304","D major","D major","0.15","no","yes","216","G#2–C#4","51","6","0","0","11","6","214","0.5","4.2","2.84","2","37","Beginner","0","0","4.3","4.2","4.2","86","216","17","12","36","6","83","58","65","92","14","59","yes","28","0","0","24","Beginner","Beginner",""
"tom-jobim-garota-de-ipanema","Beginner","roots","3","4/4","4","","backing","196","C major","C major","0.01","no","yes","100","D#3–A3","53","5","0","0","6","0","461","1","1.5","2.04","29","37","Beginner","0","0","0","1.5","1.5","63","100","6","6","19","7","81","19","55","72","100","36","yes","6","0","0","0","Beginner","Intermediate","Beginner→Intermediate"
"tom-jobim-garota-de-ipanema","Intermediate","bass","0","4/4","4","","backing","196","C major","C major","0.01","no","yes","145","A2–C#4","53","5","0","0","8","1","461","1","4","2.96","32","37","Beginner","0","0","0","0.5","0.5","87","145","12","11","30","12","79","19","59","70","100","47","yes","3","0","0","0","Beginner","Intermediate","Beginner→Intermediate"
"tom-jobim-garota-de-ipanema","Advanced","melody","1","4/4","4","","backing","196","C major","C major","0.01","no","yes","145","B2–F3","49","9","73","0","4","0","461","1","4","2.96","76","37","Intermediate","0","0","0","0.5","0.5","75","145","7","7","48","34","67","17","32","96","0","17","yes","14","0","0","17","Beginner","Intermediate","Beginner→Intermediate"
"tom-jobim-garota-de-ipanema","Expert","melody","1","4/4","4","","backing","196","C major","C major","0.01","no","yes","170","F2–F3","49","9","82","0","9","6","230","0.5","4","3.47","50","37","Intermediate","0","0","0","0.5","0.5","82","170","10","9","51","36","70","29","42","96","15","29","yes","21","3","5","18","Beginner","Intermediate","Beginner→Intermediate"
"tool-lateralus","Beginner","roots","2","6/8","3","yes","backing","744.8","D minor","D minor","0.18","no","yes","600","F2–D3","50","5","0","0","9","7","453","0.64","1.5","3.22","69","0","Beginner","0","0","0","1.8","1.8","66","600","6","6","0","0","100","81","85","87","97","92","no","83","13","75","0","Beginner","Beginner",""
"tool-lateralus","Intermediate","bass","1","6/8","3","yes","backing","744.8","D minor","D minor","0.18","no","yes","781","C2–C4","50","5","0","0","9","1","337","0.48","4.1","4.19","65","37","Beginner","0","0","0","2.3","2.3","77","781","12","6","0","0","100","79","84","86","87","87","no","68","16","123","0","Beginner","Beginner",""
"tool-lateralus","Advanced","melody","0","6/8","3","yes","backing","744.8","D minor","D minor","0.18","no","yes","785","D2–D4","53","5","0","0","12","13","319","0.45","2.8","4.22","35","0","Beginner","0","0","0","37.2","37.2","50","785","13","7","7","0","99","84","90","94","57","87","yes","35","14","112","0","Beginner","Beginner",""
"tool-lateralus","Expert","melody","0","6/8","3","yes","backing","744.8","D minor","D minor","0.18","no","yes","1200","D2–D4","50","5","0","0","12","8","159","0.23","2.8","6.44","39","0","Beginner","0","0","0","37","37","64","1200","13","7","7","0","99","84","91","95","63","87","yes","38","19","225","0","Beginner","Beginner",""
"tool-schism","Beginner","roots","0","3/8","1.5","yes","backing","641.6","D minor","D minor","0.06","no","yes","499","C3–A3","50","5","0","0","9","1","450","0.75","1.5","3.11","72","0","Beginner","1.5","0.9","0","1.8","1.8","56","499","6","6","0","0","100","80","84","88","87","82","yes","77","0","0","0","Beginner","Beginner",""
"tool-schism","Intermediate","bass","0","3/8","1.5","yes","backing","641.6","D minor","D minor","0.06","no","yes","546","D2–D4","50","5","0","0","9","3","369","0.61","8.2","3.4","44","0","Beginner","0","0","0","1.7","1.7","63","546","16","8","19","0","97","86","89","94","92","87","yes","54","11","60","0","Beginner","Beginner",""
"tool-schism","Advanced","melody","0","3/8","1.5","yes","backing","641.6","D minor","D minor","0.06","no","yes","233","C2–G3","40","5","0","0","8","0","276","0.46","5.4","1.45","10","0","Beginner","65.2","39.1","108.4","134.7","134.7","22","233","12","7","9","0","96","56","62","89","69","60","yes","11","80","178","0","Beginner","Beginner",""
"tool-schism","Expert","melody","0","3/8","1.5","yes","backing","641.6","D minor","D minor","0.06","no","yes","233","C2–G3","40","5","0","0","8","0","276","0.46","5.4","1.45","10","0","Beginner","65.2","39.1","108.4","134.7","134.7","22","233","12","7","9","0","96","56","62","89","69","60","yes","11","80","178","0","Beginner","Beginner",""
"tool-the-pot","Beginner","roots","0","4/4","4","","backing","671","D minor","D minor","0.14","no","yes","554","A#2–G3","50","5","0","0","9","1","425","0.75","1.5","3.3","82","0","Beginner","0","0","0.5","4","4","67","554","6","6","0","0","100","83","86","90","90","85","yes","77","0","0","0","Beginner","Beginner",""
"tool-the-pot","Intermediate","bass","0","4/4","4","","backing","671","D minor","D minor","0.14","no","yes","579","C2–C4","38","5","0","0","9","3","378","0.67","20","3.45","57","37","Beginner","0","0","0.5","2","1.5","64","579","17","9","15","15","97","77","82","87","95","83","no","19","69","389","0","Beginner","Beginner",""
"tool-the-pot","Advanced","melody","0","4/4","4","","backing","671","D minor","D minor","0.14","no","yes","384","A2–C4","53","6","0","0","11","2","283","0.5","15.5","2.29","33","37","Beginner","0","0","16.5","83.5","83.5","44","384","13","10","6","3","98","50","63","79","37","56","yes","34","0","0","7","Beginner","Beginner",""
"tool-the-pot","Expert","melody","0","4/4","4","","backing","671","D minor","D minor","0.14","no","yes","487","A2–C4","53","6","0","0","11","2","70","0.12","15.5","2.9","32","37","Beginner","0","0","16.5","83.5","83.5","48","487","13","10","10","7","98","46","61","77","34","53","yes","32","0","0","12","Beginner","Beginner",""
"tool-vicarious","Beginner","roots","1","5/4","5","","backing","810.2","D minor","D minor","0.12","no","yes","538","C3–G3","50","5","0","0","5","0","427","0.83","1.5","2.66","93","0","Beginner","0","0","0","3.3","3.3","61","538","5","5","0","0","100","88","90","95","99","91","no","94","0","0","0","Advanced","Advanced",""
"tool-vicarious","Intermediate","bass","0","5/4","5","","backing","810.2","D minor","D minor","0.12","no","yes","732","C2–F3","40","5","0","0","9","0","341","0.66","5.5","3.61","57","0","Beginner","0","0","1.1","1.7","1.7","52","732","10","6","3","3","100","79","81","88","92","83","no","43","55","357","0","Advanced","Advanced",""
"tool-vicarious","Advanced","melody","0","5/4","5","","backing","810.2","D minor","D minor","0.12","no","yes","1297","D2–D4","41","5","0","0","12","44","256","0.5","5.5","6.4","38","37","Intermediate","0","0","1.1","1.8","1.8","73","1297","14","7","9","9","99","81","83","89","92","84","no","24","52","679","3","Advanced","Advanced",""
"tool-vicarious","Expert","melody","0","5/4","5","","backing","810.2","D minor","D minor","0.12","no","yes","1804","D2–D4","38","5","0","0","12","30","42","0.08","5.5","8.91","48","37","Advanced","0","0","0.4","1.5","1.5","87","1804","15","7","9","9","100","82","84","90","94","84","no","22","60","1078","3","Advanced","Advanced",""
"traditional-carol-of-the-bells","Beginner","roots","0","3/8","1.5","yes","backing","159.7","A minor","A minor","0.27","yes","yes","134","C3–A3","55","5","0","0","9","3","562","0.75","1.5","3.36","58","0","Beginner","0","0","0","3","3","64","134","6","6","0","0","100","76","82","91","92","80","yes","54","0","0","0","Beginner","Beginner",""
"traditional-carol-of-the-bells","Intermediate","bass","0","3/8","1.5","yes","backing","159.7","A minor","A minor","0.27","yes","yes","138","D2–D4","48","5","0","0","9","1","374","0.5","8.4","3.46","15","37","Beginner","0","0","0","0.2","0.2","97","138","17","9","4","0","97","63","67","82","91","71","no","25","4","5","0","Beginner","Beginner",""
"traditional-carol-of-the-bells","Advanced","melody","0","3/8","1.5","yes","backing","159.7","A minor","A minor","0.27","yes","yes","146","C2–A3","48","5","0","0","12","3","254","0.34","0.7","3.66","69","0","Beginner","24","18","7","12.5","12.5","34","146","9","7","0","0","100","51","56","84","17","53","yes","30","16","0","0","Beginner","Beginner",""
"traditional-carol-of-the-bells","Expert","melody","0","3/8","1.5","yes","backing","159.7","A minor","A minor","0.27","yes","yes","216","C2–A3","48","5","0","0","12","14","187","0.25","0.7","5.41","30","0","Beginner","24","18","7","12.5","12.5","45","216","10","7","0","0","100","49","56","76","13","52","yes","27","11","0","0","Beginner","Beginner",""
"tribalistas-velha-infancia","Beginner","roots","2","4/4","4","","backing","467.9","F♯ minor","F♯ minor","0.07","no","yes","362","B2–F#3","54","4","0","0","7","0","422","0.79","1.5","3.09","73","0","Beginner","0.4","0.2","0","2","2","65","362","3","3","0","0","100","82","85","91","91","85","no","0","0","0","0","Expert","Expert",""
"tribalistas-velha-infancia","Intermediate","bass","0","4/4","4","","backing","467.9","F♯ minor","F♯ minor","0.07","no","yes","246","A2–C#4","54","4","0","0","9","1","336","0.63","3.9","2.1","45","37","Beginner","0","0","0","4","4","63","246","7","6","2","0","99","58","66","70","67","65","yes","0","0","0","0","Expert","Expert",""
"tribalistas-velha-infancia","Advanced","melody","1","4/4","4","","backing","467.9","F♯ minor","F♯ minor","0.07","no","yes","469","C2–D4","51","9","26","0","12","23","253","0.48","3.7","4.01","13","37","Advanced","0","0","0.1","3.2","3.2","34","469","19","11","201","18","57","14","33","49","11","26","yes","5","0","0","187","Expert","Expert",""
"tribalistas-velha-infancia","Expert","melody","1","4/4","4","","backing","467.9","F♯ minor","F♯ minor","0.07","no","yes","1537","C2–D4","52","9","36","0","12","28","5","0.01","3.7","13.14","12","37","Expert","0","0","0.1","0.3","0.3","70","1537","23","11","427","41","72","12","32","45","10","29","yes","8","5","66","480","Expert","Expert",""
"tyler-goblin","Beginner","roots","3","4/4","4","","backing","228.1","D minor","D minor","0.13","no","yes","181","D3–C#4","50","5","0","0","9","1","481","0.75","1.5","3.17","72","37","Beginner","0","0","0.1","8.7","8.7","65","181","6","6","22","10","88","57","58","81","26","60","no","59","0","0","0","Beginner","Intermediate","Beginner→Intermediate"
"tyler-goblin","Intermediate","bass","0","4/4","4","","backing","228.1","D minor","D minor","0.13","no","yes","201","G2–C#4","50","5","0","0","9","1","334","0.52","3.4","3.53","60","37","Beginner","0","0","0.1","0.9","0.9","79","201","13","10","19","6","91","47","50","76","36","50","no","58","0","0","0","Beginner","Intermediate","Beginner→Intermediate"
"tyler-goblin","Advanced","melody","1","4/4","4","","backing","228.1","D minor","D minor","0.13","no","yes","147","G2–D4","50","6","12","0","12","23","250","0.39","3.1","2.58","42","37","Beginner","0","0","25.4","2.9","2.9","29","147","10","9","18","6","88","39","44","91","33","39","yes","51","0","0","6","Beginner","Intermediate","Beginner→Intermediate"
"tyler-goblin","Expert","melody","1","4/4","4","","backing","228.1","D minor","D minor","0.13","no","yes","332","G2–D4","50","6","20","0","12","11","118","0.18","3.1","5.82","63","37","Intermediate","0","0","25.4","2.9","2.9","43","332","10","9","28","8","92","33","38","90","29","36","yes","45","0","0","8","Beginner","Intermediate","Beginner→Intermediate"
"within-temptation-ice-queen-2","Beginner","roots","3","4/4","4","","backing","463.5","G♯ minor","G♯ minor","0.04","no","yes","387","G#2–F#3","47","10","36","0","8","12","473","0.75","1.5","3.34","64","37","Beginner","0","0","0","8","8","68","387","5","5","0","0","100","81","87","96","95","81","yes","0","0","0","0","Beginner","Beginner",""
"within-temptation-ice-queen-2","Intermediate","bass","1","4/4","4","","backing","463.5","G♯ minor","G♯ minor","0.04","no","yes","220","E2–C#4","46","10","21","0","8","4","473","0.75","7.5","1.9","34","37","Beginner","0","0","0","8","8","86","220","9","7","0","0","100","80","85","97","94","80","yes","0","16","35","0","Beginner","Beginner",""
"within-temptation-ice-queen-2","Advanced","melody","1","4/4","4","","backing","463.5","G♯ minor","G♯ minor","0.04","no","yes","189","E2–C#4","46","11","62","0","12","4","315","0.5","5.4","1.63","4","37","Beginner","0","0","0","5.4","4","93","189","13","7","0","0","100","65","70","85","61","67","yes","0","21","40","52","Beginner","Beginner",""
"within-temptation-ice-queen-2","Expert","melody","1","4/4","4","","backing","463.5","G♯ minor","G♯ minor","0.04","no","yes","197","E2–C#4","46","11","62","0","12","5","157","0.25","5.4","1.7","5","37","Beginner","0","0","0","5.4","4","94","197","13","7","0","0","100","62","68","82","59","65","yes","0","20","40","56","Beginner","Beginner",""
"within-temptation-ice-queen","Beginner","roots","2","4/4","4","","backing","497.9","G♯ minor","G♯ minor","0.15","no","yes","399","C#2–B2","40","8","55","0","7","0","474","0.75","1.5","3.21","68","37","Beginner","0","0","0","14.2","14.2","63","399","6","6","0","0","100","83","90","97","95","84","yes","0","58","233","0","Intermediate","Intermediate",""
"within-temptation-ice-queen","Intermediate","bass","1","4/4","4","","backing","497.9","G♯ minor","G♯ minor","0.15","no","yes","190","C#2–F#3","44","4","0","0","8","3","631","1","6.3","1.53","32","37","Beginner","0","0","0","20.3","20.3","74","190","8","7","0","0","100","86","93","99","96","87","yes","0","48","92","0","Intermediate","Intermediate",""
"within-temptation-ice-queen","Advanced","melody","1","4/4","4","","backing","497.9","G♯ minor","G♯ minor","0.15","no","yes","84","C#2–B3","49","8","33","0","12","16","315","0.5","8.7","0.67","27","37","Beginner","15.5","9.8","0","98.3","98.3","21","84","12","7","0","0","100","62","62","76","55","67","no","0","30","25","35","Intermediate","Intermediate",""
"within-temptation-ice-queen","Expert","melody","1","4/4","4","","backing","497.9","G♯ minor","G♯ minor","0.15","no","yes","132","C#2–B3","49","9","34","0","12","22","157","0.25","8.7","1.06","5","37","Intermediate","15.5","9.8","0","98.3","98.3","24","132","14","7","0","0","100","52","52","65","47","58","no","0","34","45","69","Intermediate","Intermediate",""
"zeal-ardor-gotterdammerung","Beginner","roots","3","4/4","4","","backing","296","E major","E major","0.03","no","yes","274","D#3–A3","52","5","0","0","6","0","561","0.92","1","3.7","96","37","Beginner","0","0","0","2.3","2.3","68","274","5","5","2","0","99","97","97","98","96","97","no","1","0","0","0","Advanced","Advanced",""
"zeal-ardor-gotterdammerung","Intermediate","bass","0","4/4","4","","backing","296","E major","E major","0.03","no","yes","244","E2–A3","40","5","0","0","9","0","459","0.75","4","3.3","94","37","Beginner","0","0","0","0.7","0.7","93","244","7","5","1","0","100","97","97","98","96","97","no","1","74","181","0","Advanced","Advanced",""
"zeal-ardor-gotterdammerung","Advanced","melody","0","4/4","4","","backing","296","E major","E major","0.03","no","yes","316","E2–G3","47","6","0","0","12","8","306","0.5","0.2","4.27","66","37","Intermediate","8.2","5.1","33.7","32.3","32.2","27","316","8","5","17","0","95","49","100","100","49","51","yes","3","17","54","19","Advanced","Advanced",""
"zeal-ardor-gotterdammerung","Expert","melody","0","4/4","4","","backing","296","E major","E major","0.03","no","yes","672","E2–G3","47","6","0","0","12","7","153","0.25","0.2","9.08","75","37","Advanced","8.2","5.1","33.7","32.3","32.2","57","672","8","5","26","0","96","55","100","100","55","55","yes","2","22","150","29","Advanced","Advanced",""
"open-strings","Beginner","authored","0","4/4","4","","backing","31.8","C MAJOR","G major","0.11","no","no","8","C2–A3","50","0","0","0","21","14","4000","4","4","1.01","0","0","Beginner","0","0","-0.2","0","0","101","8","4","4","0","0","100","100","100","100","100","100","no","100","25","0","0","Beginner","Beginner",""
"first-position-ladder","Beginner","authored","0","4/4","4","","backing","31.8","CHROMATIC","D major","0.03","no","no","32","C2–D4","50","5","0","0","5","0","1000","1","1","4.03","0","0","Beginner","0","0","-0.2","0","0","101","32","20","11","8","4","66","13","25","38","13","25","no","13","25","7","0","Beginner","Beginner",""
"d-major-two-strings","Beginner","authored","0","4/4","4","","backing","15.8","D MAJOR","D major","0.23","yes","yes","15","D3–D4","55","5","0","0","2","0","909","1","2","3.79","0","0","Beginner","0","0","-0.2","0","0","101","15","8","7","0","0","100","20","27","53","27","33","no","27","0","0","0","Beginner","Beginner",""
"c-major-two-strings","Beginner","authored","0","4/4","4","","backing","15.8","C MAJOR","C major","0.27","yes","yes","15","G2–G3","48","5","0","0","2","0","909","1","2","3.79","0","0","Beginner","0","0","-0.2","0","0","101","15","8","7","0","0","100","20","33","40","7","27","yes","27","0","0","0","Beginner","Beginner",""
"thumb-position-ladder","Intermediate","authored","0","4/4","4","","backing","16","D MAJOR","D major","0.19","no","yes","15","D4–D5","67","17","15","0","2","0","1071","1","2","3.75","0","0","Advanced","0","0","0","0","0","100","15","8","7","0","0","100","20","33","47","20","33","no","0","0","0","0","Intermediate","Advanced","Intermediate→Advanced"
"scale-e-minor-1","Beginner","authored","0","4/4","4","","backing","24","E MINOR","E major","0.04","no","no","18","E3–B3","55","5","0","0","2","0","1579","1","4","3","6","0","Beginner","0","0","0","0","0","100","18","5","5","0","0","78","22","33","33","22","44","no","22","0","0","0","Beginner","Beginner",""
"scale-e-minor-2","Intermediate","authored","0","4/4","4","","backing","32","E MINOR","E major","0.01","no","no","34","E2–D4","48","6","0","0","5","0","600","0.5","2","4.25","3","0","Beginner","0","0","0","0","0","100","34","14","7","0","0","62","21","38","38","21","32","yes","24","18","6","2","Intermediate","Beginner","Intermediate→Beginner"
"scale-e-minor-3","Advanced","authored","0","4/4","4","","backing","32","E MINOR","E major","0.03","no","no","40","E2–E3","45","6","0","0","4","0","556","0.5","4","5","8","37","Beginner","0","0","0","0","0","100","40","9","8","2","0","65","20","35","35","20","35","no","20","23","9","4","Advanced","Beginner","Advanced→Beginner"
"scale-d-minor-1","Beginner","authored","0","4/4","4","","backing","32","D MINOR","D major","0.02","no","no","30","D2–D3","43","5","0","0","2","0","1364","1","2","3.75","3","0","Beginner","0","0","0","0","0","100","30","8","7","0","0","60","20","33","33","20","33","no","20","40","12","0","Beginner","Beginner",""
"scale-d-minor-2","Intermediate","authored","0","4/4","4","","backing","40","D MINOR","D major","0.01","no","no","42","D2–D4","50","5","0","0","5","0","600","0.5","4","4.2","2","37","Beginner","0","0","0","0","0","100","42","15","7","0","0","62","24","43","43","24","33","yes","24","24","10","0","Intermediate","Beginner","Intermediate→Beginner"
"scale-d-minor-3","Advanced","authored","0","4/4","4","","backing","32","D MINOR","D major","0.03","no","no","40","D2–D3","43","6","0","0","4","0","556","0.5","4","5","8","0","Beginner","0","0","0","0","0","100","40","9","8","2","0","65","20","35","35","20","35","no","23","38","15","2","Advanced","Beginner","Advanced→Beginner"
"scale-d-major-1","Beginner","authored","0","4/4","4","","backing","32","D MAJOR","D major","0.19","no","yes","30","D3–D4","55","5","0","0","2","0","1364","1","2","3.75","3","0","Beginner","0","0","0","0","0","100","30","8","7","0","0","100","20","33","47","20","33","no","27","0","0","0","Beginner","Beginner",""
"scale-d-major-2","Intermediate","authored","0","4/4","4","","backing","36","D MAJOR","D major","0.18","no","yes","36","D2–D4","49","6","0","0","5","0","600","0.5","4","4","3","0","Beginner","0","0","0","0","0","100","36","15","7","0","0","100","22","39","56","22","33","yes","19","28","10","6","Intermediate","Beginner","Intermediate→Beginner"
"scale-d-major-3","Advanced","authored","0","4/4","4","","backing","32","D MAJOR","D major","0.1","no","yes","40","D3–D4","55","5","0","0","4","0","556","0.5","4","5","8","37","Beginner","0","0","0","0","0","100","40","11","10","6","0","85","20","35","45","20","35","no","28","0","0","0","Advanced","Beginner","Advanced→Beginner"
"scale-g-major-1","Beginner","authored","0","4/4","4","","backing","32","G MAJOR","G major","0.19","no","yes","30","G2–G3","48","5","0","0","2","0","1364","1","2","3.75","3","0","Beginner","0","0","0","0","0","100","30","8","7","0","0","100","20","33","47","20","33","no","27","0","0","0","Beginner","Beginner",""
"scale-g-major-2","Intermediate","authored","0","4/4","4","","backing","28","G MAJOR","G major","0.19","no","yes","30","G2–D4","50","5","0","0","5","0","600","0.5","2","4.29","3","0","Beginner","0","0","0","0","0","100","30","12","7","0","0","100","23","40","60","23","37","yes","33","0","0","0","Intermediate","Beginner","Intermediate→Beginner"
"scale-g-major-3","Advanced","authored","0","4/4","4","","backing","32","G MAJOR","G major","0.1","no","yes","40","G2–G3","48","5","0","0","4","0","556","0.5","4","5","8","37","Beginner","0","0","0","0","0","100","40","11","10","6","0","85","20","35","45","20","35","no","28","0","0","0","Advanced","Beginner","Advanced→Beginner"
"scale-c-minor-1","Beginner","authored","0","4/4","4","","backing","24","C MINOR","C major","0.04","no","no","18","C2–G2","39","5","0","0","2","0","1579","1","4","3","6","0","Beginner","0","0","0","0","0","100","18","5","5","0","0","78","22","33","33","22","44","no","33","89","12","0","Beginner","Beginner",""
"scale-c-minor-2","Advanced","authored","0","4/4","4","","backing","40","C MINOR","C major","0.01","no","no","40","C2–D#4","48","6","0","0","5","0","600","0.5","4","4","3","37","Beginner","0","0","0","0","0","100","40","17","7","0","0","63","23","38","38","23","33","yes","25","30","8","3","Advanced","Beginner","Advanced→Beginner"
"scale-c-minor-3","Advanced","authored","0","4/4","4","","backing","32","C MINOR","C major","0.03","no","no","40","C2–C3","41","5","0","0","4","0","556","0.5","4","5","8","37","Beginner","0","0","0","0","0","100","40","9","8","2","0","65","20","35","35","20","35","no","28","53","16","0","Advanced","Beginner","Advanced→Beginner"
"scale-b-minor-1","Intermediate","authored","0","4/4","4","","backing","32","B MINOR","B major","0.02","no","no","30","B2–B3","52","6","0","0","2","0","1364","1","2","3.75","3","0","Beginner","0","0","0","0","0","100","30","8","7","0","0","60","20","33","33","20","33","no","27","0","0","4","Intermediate","Beginner","Intermediate→Beginner"
"scale-b-minor-2","Intermediate","authored","0","4/4","4","","backing","24","B MINOR","B major","0.01","no","no","26","B2–D4","54","6","0","0","5","0","600","0.5","2","4.33","4","0","Beginner","0","0","0","0","0","100","26","10","7","0","0","65","27","42","42","27","35","yes","23","0","0","2","Intermediate","Beginner","Intermediate→Beginner"
"scale-b-minor-3","Advanced","authored","0","4/4","4","","backing","32","B MINOR","B major","0.03","no","no","40","B2–B3","52","6","0","0","4","0","556","0.5","4","5","8","37","Beginner","0","0","0","0","0","100","40","9","8","2","0","65","20","35","35","20","35","no","20","0","0","4","Advanced","Beginner","Advanced→Beginner"
"scale-c-major-1","Beginner","authored","0","4/4","4","","backing","32","C MAJOR","C major","0.19","no","yes","30","C2–C3","41","5","0","0","2","0","1364","1","2","3.75","3","0","Beginner","0","0","0","0","0","100","30","8","7","0","0","100","20","33","47","20","33","no","27","53","12","0","Beginner","Beginner",""
"scale-c-major-2","Intermediate","authored","0","4/4","4","","backing","40","C MAJOR","C major","0.18","no","yes","42","C2–C4","48","5","0","0","5","0","600","0.5","4","4.2","2","0","Beginner","0","0","0","0","0","100","42","15","7","0","0","100","24","43","62","24","33","yes","29","29","8","0","Intermediate","Beginner","Intermediate→Beginner"
"scale-a-minor-1","Beginner","authored","0","4/4","4","","backing","32","A MINOR","A major","0.02","no","no","30","A2–A3","50","5","0","0","2","0","1364","1","2","3.75","3","0","Beginner","0","0","0","0","0","100","30","8","7","0","0","60","20","33","33","20","33","no","20","0","0","0","Beginner","Beginner",""
"scale-a-minor-2","Intermediate","authored","0","4/4","4","","backing","28","A MINOR","A major","0.01","no","no","28","A2–D4","52","5","0","0","5","0","600","0.5","4","4","4","0","Beginner","0","0","0","0","0","100","28","11","7","0","0","64","25","39","39","25","36","yes","18","0","0","0","Intermediate","Beginner","Intermediate→Beginner"
"scale-a-major-1","Intermediate","authored","0","4/4","4","","backing","32","A MAJOR","A major","0.19","no","yes","30","A2–A3","50","6","0","0","2","0","1364","1","2","3.75","3","0","Beginner","0","0","0","0","0","100","30","8","7","0","0","100","20","33","47","20","33","no","20","0","0","8","Intermediate","Beginner","Intermediate→Beginner"
"scale-a-major-2","Intermediate","authored","0","4/4","4","","backing","28","A MAJOR","A major","0.18","no","yes","28","A2–D4","52","6","0","0","5","0","600","0.5","4","4","4","0","Beginner","0","0","0","0","0","100","28","11","7","0","0","100","25","39","61","25","36","yes","18","0","0","6","Intermediate","Beginner","Intermediate→Beginner"
"scale-f-major-1","Beginner","authored","0","4/4","4","","backing","32","F MAJOR","F major","0.19","no","yes","30","F2–F3","46","5","0","0","2","0","1364","1","2","3.75","3","0","Beginner","0","0","0","0","0","100","30","8","7","0","0","100","20","33","47","20","33","no","27","13","4","0","Beginner","Beginner",""
"scale-f-major-2","Intermediate","authored","0","4/4","4","","backing","32","F MAJOR","F major","0.19","no","yes","32","F2–D4","50","5","0","0","5","0","600","0.5","4","4","3","37","Beginner","0","0","0","0","0","100","32","13","7","0","0","100","22","41","59","22","34","yes","19","13","4","0","Intermediate","Beginner","Intermediate→Beginner"
"scale-e-major-1","Advanced","authored","0","4/4","4","","backing","32","E MAJOR","E major","0.19","no","yes","30","E2–E3","45","6","0","0","2","0","1364","1","2","3.75","3","37","Intermediate","0","0","0","0","0","100","30","8","7","0","0","100","20","33","47","20","33","no","0","27","8","8","Advanced","Intermediate","Advanced→Intermediate"
"scale-e-major-2","Advanced","authored","0","4/4","4","","backing","32","E MAJOR","E major","0.2","no","yes","34","E2–D#4","49","6","0","0","5","0","600","0.5","2","4.25","3","37","Intermediate","0","0","0","0","0","100","34","14","7","0","0","100","21","38","56","21","32","yes","6","18","6","7","Advanced","Intermediate","Advanced→Intermediate"
"scale-g-minor-1","Beginner","authored","0","4/4","4","","backing","24","G MINOR","G major","0.04","no","no","18","G2–D3","46","5","0","0","2","0","1579","1","4","3","6","0","Beginner","0","0","0","0","0","100","18","5","5","0","0","78","22","33","33","22","44","no","33","0","0","0","Beginner","Beginner",""
"scale-g-minor-2","Advanced","authored","0","4/4","4","","backing","32","G MINOR","G major","0.02","no","no","32","G2–D#4","51","6","0","0","5","0","600","0.5","4","4","3","37","Beginner","0","0","0","0","0","100","32","13","7","0","0","66","22","41","41","22","34","yes","31","0","0","1","Advanced","Beginner","Advanced→Beginner"
"scale-c-sharp-minor-1","Advanced","authored","0","4/4","4","","backing","32","C♯ MINOR","D♭ major","0.02","no","no","30","C#2–C#3","42","6","0","0","2","0","1364","1","2","3.75","3","37","Beginner","0","0","0","0","0","100","30","8","7","0","0","60","20","33","33","20","33","no","0","53","16","6","Advanced","Beginner","Advanced→Beginner"
"scale-c-sharp-minor-2","Advanced","authored","0","4/4","4","","backing","36","C♯ MINOR","D♭ major","0.02","no","no","38","C#2–D#4","47","6","0","0","5","0","600","0.5","2","4.22","3","37","Intermediate","0","0","0","0","0","100","38","16","7","0","0","63","24","39","39","24","34","yes","5","32","12","8","Advanced","Intermediate","Advanced→Intermediate"
"scale-f-sharp-minor-1","Advanced","authored","0","4/4","4","","backing","32","F♯ MINOR","F♯ major","0.02","no","no","30","F#2–F#3","47","6","0","0","2","0","1364","1","2","3.75","3","37","Beginner","0","0","0","0","0","100","30","8","7","0","0","60","20","33","33","20","33","no","13","13","4","8","Advanced","Beginner","Advanced→Beginner"
"scale-b-major-1","Advanced","authored","0","4/4","4","","backing","32","B MAJOR","B major","0.19","no","yes","30","B2–B3","52","6","0","0","2","0","1364","1","2","3.75","3","37","Intermediate","0","0","0","0","0","100","30","8","7","0","0","100","20","33","47","20","33","no","0","0","0","8","Advanced","Intermediate","Advanced→Intermediate"
"scale-d-flat-major-1","Advanced","authored","0","4/4","4","","backing","32","D♭ MAJOR","D♭ major","0.19","no","yes","30","C#2–C#3","42","6","0","0","2","0","1364","1","2","3.75","3","37","Beginner","0","0","0","0","0","100","30","8","7","0","0","100","20","33","47","20","33","no","0","53","16","6","Advanced","Beginner","Advanced→Beginner"
"scale-d-sharp-minor-1","Advanced","authored","0","4/4","4","","backing","32","D♯ MINOR","E♭ major","0.02","no","no","30","D#2–D#3","44","6","0","0","2","0","1364","1","2","3.75","3","37","Intermediate","0","0","0","0","0","100","30","8","7","0","0","60","20","33","33","20","33","no","0","40","12","8","Advanced","Intermediate","Advanced→Intermediate"
"scale-b-flat-major-1","Intermediate","authored","0","4/4","4","","backing","32","B♭ MAJOR","B♭ major","0.19","no","yes","30","A#2–A#3","51","5","0","0","2","0","1364","1","2","3.75","3","37","Beginner","0","0","0","0","0","100","30","8","7","0","0","100","20","33","47","20","33","no","27","0","0","0","Intermediate","Beginner","Intermediate→Beginner"
"scale-e-flat-major-1","Intermediate","authored","0","4/4","4","","backing","32","E♭ MAJOR","E♭ major","0.19","no","yes","30","D#2–D#3","44","5","0","0","2","0","1364","1","2","3.75","3","37","Beginner","0","0","0","0","0","100","30","8","7","0","0","100","20","33","47","20","33","no","27","27","8","0","Intermediate","Beginner","Intermediate→Beginner"
"scale-a-flat-major-1","Advanced","authored","0","4/4","4","","backing","32","A♭ MAJOR","A♭ major","0.19","no","yes","30","G#2–G#3","49","6","0","0","2","0","1364","1","2","3.75","3","37","Beginner","0","0","0","0","0","100","30","8","7","0","0","100","20","33","47","20","33","no","0","0","0","6","Advanced","Beginner","Advanced→Beginner"
"scale-f-sharp-major-1","Advanced","authored","0","4/4","4","","backing","32","F♯ MAJOR","F♯ major","0.19","no","yes","30","F#2–F#3","47","6","0","0","2","0","1364","1","2","3.75","3","37","Intermediate","0","0","0","0","0","100","30","8","7","0","0","100","20","33","47","20","33","no","0","13","4","8","Advanced","Intermediate","Advanced→Intermediate"
"scale-f-minor-1","Advanced","authored","0","4/4","4","","backing","32","F MINOR","F major","0.02","no","no","30","F2–F3","46","6","0","0","2","0","1364","1","2","3.75","3","37","Beginner","0","0","0","0","0","100","30","8","7","0","0","60","20","33","33","20","33","no","13","13","4","4","Advanced","Beginner","Advanced→Beginner"
"scale-g-sharp-minor-1","Advanced","authored","0","4/4","4","","backing","32","G♯ MINOR","A♭ major","0.02","no","no","30","G#2–G#3","49","6","0","0","2","0","1364","1","2","3.75","3","37","Beginner","0","0","0","0","0","100","30","8","7","0","0","60","20","33","33","20","33","no","0","0","0","6","Advanced","Beginner","Advanced→Beginner"
"bwv1007-prelude","Intermediate","authored","0","4/4","4","","score","16","G MAJOR","B minor","0.1","no","no","64","G2–C4","57","4","0","0","11","43","227","0.25","0.3","16","0","0","Intermediate","0","0","0","0","0","100","64","7","7","0","0","81","","","","","","","28","0","0","0","Intermediate","Intermediate",""
